銘柄コード,銘柄名,市場区分,業種,年間配当金,年間配当回数,1月,2月,3月,4月,5月,6月,7月,8月,9月,10月,11月,12月,2026/10/07 22:45:30
1301,極洋,プライム（内国株式）,水産・農林業,150,1,0,0,0,0,0,150,0,0,0,0,0,0,4495
1305,ｉＦｒｅｅＥＴＦ　ＴＯＰＩＸ（年１回決算型）,ETF・ETN,ETF・他,79.4,1,0,0,0,0,0,0,79.4,0,0,0,0,0,4413
1306,ＮＥＸＴ　ＦＵＮＤＳ　ＴＯＰＩＸ連動型上場投信,ETF・ETN,ETF・他,7.9,1,0,0,0,0,0,0,7.9,0,0,0,0,0,437
1308,上場インデックスファンドＴＯＰＩＸ,ETF・ETN,ETF・他,80,1,0,0,0,0,0,0,80,0,0,0,0,0,4316
1309,ＮＥＸＴ　ＦＵＮＤＳ　ＣｈｉｎａＡＭＣ・中国株式・上証５０連動型上場投信,ETF・ETN,ETF・他,,,0,0,0,0,0,0,0,0,0,0,0,0,53550
130A,Ｖｅｒｉｔａｓ　Ｉｎ　Ｓｉｌｉｃｏ,グロース（内国株式）,医薬品,,,0,0,0,0,0,0,0,0,0,0,0,0,431
1311,ＮＥＸＴ　ＦＵＮＤＳ　ＴＯＰＩＸ　Ｃｏｒｅ　３０連動型上場投信,ETF・ETN,ETF・他,48,1,0,0,0,0,0,0,48,0,0,0,0,0,2196
1319,ＮＥＸＴ　ＦＵＮＤＳ　日経３００株価指数連動型上場投信,ETF・ETN,ETF・他,13.733,1,0,0,0,0,0,0,13.733,0,0,0,0,0,740.799988
1320,ｉＦｒｅｅＥＴＦ　日経２２５（年１回決算型）,ETF・ETN,ETF・他,800,1,0,0,0,0,0,0,800,0,0,0,0,0,72810
1321,ＮＥＸＴ　ＦＵＮＤＳ　日経２２５連動型上場投信,ETF・ETN,ETF・他,812,1,0,0,0,0,0,0,812,0,0,0,0,0,729.700012
1322,上場インデックスファンド中国Ａ株（パンダ）Ｅ　Ｆｕｎｄ　ＣＳＩ３００,ETF・ETN,ETF・他,,,0,0,0,0,0,0,0,0,0,0,0,0,11120
1325,ＮＥＸＴ　ＦＵＮＤＳ　ブラジル株式指数・ボベスパ連動型上場投信,ETF・ETN,ETF・他,12.1,1,0,0,0,0,0,0,12.1,0,0,0,0,0,339.799988
1326,ＳＰＤＲゴールド・シェア,ETF・ETN,ETF・他,,,0,0,0,0,0,0,0,0,0,0,0,0,59940
1328,ＮＥＸＴ　ＦＵＮＤＳ　金価格連動型上場投信,ETF・ETN,ETF・他,,,0,0,0,0,0,0,0,0,0,0,0,0,15450
1329,ｉシェアーズ・コア　日経２２５　ＥＴＦ,ETF・ETN,ETF・他,86,2,0,44,0,0,0,0,0,42,0,0,0,0,7307
1330,上場インデックスファンド２２５,ETF・ETN,ETF・他,829,1,0,0,0,0,0,0,829,0,0,0,0,0,73110
1332,ニッスイ,プライム（内国株式）,水産・農林業,32,2,0,0,0,0,0,16,0,0,0,0,0,16,1106.5
1333,Ｕｍｉｏｓ,プライム（内国株式）,水産・農林業,44.67,2,0,0,0,0,0,22.335,0,0,0,0,0,22.335,1197.5
133A,グローバルＸ　超短期米国債　ＥＴＦ,ETF・ETN,ETF・他,38,6,3,0,7,0,4,0,7,0,10,0,7,0,1067
1343,ＮＥＸＴ　ＦＵＮＤＳ　東証ＲＥＩＴ　指数連動型上場投信,ETF・ETN,ETF・他,92.9,4,0,25.5,0,0,23.7,0,0,20.6,0,0,23.1,0,1800
1345,上場インデックスファンドＪリート（東証ＲＥＩＴ指数）隔月分配型,ETF・ETN,ETF・他,85.23,6,15.27,0,21.62,0,7,0,13,0,21,0,7.34,0,1682
1346,ＭＡＸＩＳ　日経２２５上場投信,ETF・ETN,ETF・他,791,2,368,0,0,0,0,0,423,0,0,0,0,0,72960
1348,ＭＡＸＩＳ　トピックス上場投信,ETF・ETN,ETF・他,78,2,35,0,0,0,0,0,43,0,0,0,0,0,4352
1349,ＡＢＦ汎アジア債券インデックス・ファンド,ETF・ETN,ETF・他,468.07654,2,221.788,0,0,0,0,0,246.28854,0,0,0,0,0,17550
1356,ＴＯＰＩＸベア２倍上場投信,ETF・ETN,ETF・他,,,0,0,0,0,0,0,0,0,0,0,0,0,100
1357,ＮＥＸＴ　ＦＵＮＤＳ　日経平均ダブルインバース・インデックス連動型上場投信,ETF・ETN,ETF・他,,,0,0,0,0,0,0,0,0,0,0,0,0,2388
1358,上場インデックスファンド日経レバレッジ指数,ETF・ETN,ETF・他,621,1,0,0,0,0,0,0,621,0,0,0,0,0,149350
135A,ＶＲＡＩＮ　Ｓｏｌｕｔｉｏｎ,グロース（内国株式）,情報・通信業,,,0,0,0,0,0,0,0,0,0,0,0,0,5060
1360,日経平均ベア２倍上場投信,ETF・ETN,ETF・他,,,0,0,0,0,0,0,0,0,0,0,0,0,58.400002
1364,ｉシェアーズ　ＪＰＸ日経４００　ＥＴＦ,ETF・ETN,ETF・他,68,2,0,33,0,0,0,0,0,35,0,0,0,0,3867
1365,ｉＦｒｅｅＥＴＦ　日経平均レバレッジ・インデックス,ETF・ETN,ETF・他,,,0,0,0,0,0,0,0,0,0,0,0,0,4829
1366,ｉＦｒｅｅＥＴＦ　日経平均ダブルインバース・インデックス,ETF・ETN,ETF・他,,,0,0,0,0,0,0,0,0,0,0,0,0,60
1367,ｉＦｒｅｅＥＴＦ　ＴＯＰＩＸレバレッジ（２倍）指数,ETF・ETN,ETF・他,,,0,0,0,0,0,0,0,0,0,0,0,0,3218
1368,ｉＦｒｅｅＥＴＦ　ＴＯＰＩＸダブルインバース（－２倍）指数,ETF・ETN,ETF・他,,,0,0,0,0,0,0,0,0,0,0,0,0,144
1369,Ｏｎｅ　ＥＴＦ　日経２２５,ETF・ETN,ETF・他,815,2,355,0,0,0,0,0,460,0,0,0,0,0,70930
1375,ユキグニファクトリー,プライム（内国株式）,水産・農林業,23,2,0,0,0,0,0,11.5,0,0,0,0,0,11.5,1138
1376,カネコ種苗,スタンダード（内国株式）,水産・農林業,38,2,0,19,0,0,0,0,0,19,0,0,0,0,1502
1377,サカタのタネ,プライム（内国株式）,水産・農林業,75,2,0,37.5,0,0,0,0,0,37.5,0,0,0,0,4165
1379,ホクト,プライム（内国株式）,水産・農林業,55,2,0,0,0,0,0,27.5,0,0,0,0,0,27.5,2003
137A,Ｃｏｃｏｌｉｖｅ,グロース（内国株式）,情報・通信業,,,0,0,0,0,0,0,0,0,0,0,0,0,701
1380,秋川牧園,スタンダード（内国株式）,水産・農林業,10,1,0,0,0,0,0,10,0,0,0,0,0,0,998
1381,アクシーズ,スタンダード（内国株式）,水産・農林業,112.5,1,0,0,0,0,0,0,0,0,112.5,0,0,0,3570
1382,ホーブ,スタンダード（内国株式）,水産・農林業,50,1,0,0,0,0,0,0,0,0,50,0,0,0,753
1383,ベルグアース,スタンダード（内国株式）,水産・農林業,10,1,10,0,0,0,0,0,0,0,0,0,0,0,3020
1384,ホクリヨウ,スタンダード（内国株式）,水産・農林業,130,1,0,0,0,0,0,130,0,0,0,0,0,0,2091
138A,光フードサービス,グロース（内国株式）,小売業,40,1,0,40,0,0,0,0,0,0,0,0,0,0,3155
1397,ＳＭＤＡＭ　日経２２５上場投信,ETF・ETN,ETF・他,770,2,0,0,0,410,0,0,0,0,0,360,0,0,70960
1398,ＳＭＤＡＭ　東証ＲＥＩＴ指数上場投信,ETF・ETN,ETF・他,87.3,4,0,0,32.2,0,0,13.7,0,0,28.5,0,0,12.9,1701.5
1399,上場インデックスファンドＭＳＣＩ日本株高配当低ボラティリティ,ETF・ETN,ETF・他,74,4,4,0,0,34,0,0,6,0,0,30,0,0,3153
1401,エムビーエス,グロース（内国株式）,建設業,13,1,0,0,0,0,0,0,0,13,0,0,0,0,1453
1407,ウエストホールディングス,スタンダード（内国株式）,建設業,65,1,0,0,0,0,0,0,0,0,0,0,65,0,2221
140A,ｉＦｒｅｅＥＴＦ　米国１０年国債先物インバース,ETF・ETN,ETF・他,,,0,0,0,0,0,0,0,0,0,0,0,0,2091
1414,ショーボンドホールディングス,プライム（内国株式）,建設業,175.5,2,0,0,87.75,0,0,0,0,0,87.75,0,0,0,1216.5
1417,ミライト・ワン,プライム（内国株式）,建設業,85,2,0,0,0,0,0,42.5,0,0,0,0,0,42.5,3403
1418,インターライフホールディングス,スタンダード（内国株式）,建設業,30,2,0,0,0,0,15,0,0,0,0,0,15,0,601
1419,タマホーム,プライム（内国株式）,建設業,195,1,0,0,0,0,0,0,0,195,0,0,0,0,2824
141A,トライアルホールディングス,グロース（内国株式）,小売業,16,1,0,0,0,0,0,0,0,0,16,0,0,0,3930
1420,サンヨーホームズ,スタンダード（内国株式）,建設業,25,1,0,0,0,0,0,25,0,0,0,0,0,0,630
1429,日本アクア,プライム（内国株式）,建設業,35,1,0,0,35,0,0,0,0,0,0,0,0,0,778
142A,ジンジブ,グロース（内国株式）,サービス業,,,0,0,0,0,0,0,0,0,0,0,0,0,988
1430,ファーストコーポレーション,スタンダード（内国株式）,建設業,42,1,0,0,0,0,0,0,0,42,0,0,0,0,1093
1431,Ｌｉｂ　Ｗｏｒｋ,グロース（内国株式）,建設業,6.4,2,0,0,3.2,0,0,0,0,0,3.2,0,0,0,629
1433,ベステラ,プライム（内国株式）,建設業,40,2,0,0,0,20,0,0,0,0,0,20,0,0,1225
1434,ＪＥＳＣＯホールディングス,スタンダード（内国株式）,建設業,40,1,0,0,0,0,0,0,0,0,0,0,40,0,1616
1435,ｒｏｂｏｔ　ｈｏｍｅ,スタンダード（内国株式）,不動産業,2,2,0,0,1,0,0,0,0,0,1,0,0,0,169
1436,グリーンエナジー＆カンパニー,グロース（内国株式）,建設業,15,1,0,0,0,0,0,0,15,0,0,0,0,0,1820
1438,岐阜造園,スタンダード（内国株式）,建設業,36,2,0,0,0,0,0,18,0,0,0,0,0,18,2220
143A,イシン,グロース（内国株式）,サービス業,,,0,0,0,0,0,0,0,0,0,0,0,0,701
1443,技研ホールディングス,スタンダード（内国株式）,建設業,1.1,1,0,0,0,0,0,1.1,0,0,0,0,0,0,271
1444,ニッソウ,グロース（内国株式）,建設業,,,0,0,0,0,0,0,0,0,0,0,0,0,2867
1446,キャンディル,スタンダード（内国株式）,建設業,8,1,0,0,0,0,0,0,0,0,0,0,0,8,540
1447,ＳＡＡＦホールディングス,グロース（内国株式）,建設業,4.5,1,0,0,0,0,0,4.5,0,0,0,0,0,0,323
1450,ＴＡＮＡＫＥＮ,スタンダード（内国株式）,建設業,55,1,0,0,0,0,0,55,0,0,0,0,0,0,1513
1456,ｉＦｒｅｅＥＴＦ　日経平均インバース・インデックス,ETF・ETN,ETF・他,,,0,0,0,0,0,0,0,0,0,0,0,0,1175
1457,ｉＦｒｅｅＥＴＦ　ＴＯＰＩＸインバース（－１倍）指数,ETF・ETN,ETF・他,,,0,0,0,0,0,0,0,0,0,0,0,0,1720
1458,楽天ＥＴＦ‐日経レバレッジ指数連動型,ETF・ETN,ETF・他,,,0,0,0,0,0,0,0,0,0,0,0,0,93480
1459,楽天ＥＴＦ‐日経ダブルインバース指数連動型,ETF・ETN,ETF・他,,,0,0,0,0,0,0,0,0,0,0,0,0,96
145A,Ｌ　ｉｓ　Ｂ,グロース（内国株式）,情報・通信業,,,0,0,0,0,0,0,0,0,0,0,0,0,878
1466,ｉＦｒｅｅＥＴＦ　ＪＰＸ日経４００ダブルインバース・インデックス,ETF・ETN,ETF・他,,,0,0,0,0,0,0,0,0,0,0,0,0,188
1469,ＪＰＸ日経４００ベア２倍上場投信（ダブルインバース）,ETF・ETN,ETF・他,,,0,0,0,0,0,0,0,0,0,0,0,0,174.300003
146A,コロンビア・ワークス,スタンダード（内国株式）,不動産業,78,1,0,0,78,0,0,0,0,0,0,0,0,0,3615
1472,ＮＥＸＴ　ＦＵＮＤＳ　ＪＰＸ日経４００ダブルインバース・インデックス連動型上場投信,ETF・ETN,ETF・他,,,0,0,0,0,0,0,0,0,0,0,0,0,73
1473,Ｏｎｅ　ＥＴＦ　トピックス,ETF・ETN,ETF・他,73.5,2,32.3,0,0,0,0,0,41.2,0,0,0,0,0,4272
1474,Ｏｎｅ　ＥＴＦ　ＪＰＸ日経４００,ETF・ETN,ETF・他,619,2,291,0,0,0,0,0,328,0,0,0,0,0,38100
1475,ｉシェアーズ・コア　ＴＯＰＩＸ　ＥＴＦ,ETF・ETN,ETF・他,7.8,2,0,3.4,0,0,0,0,0,4.4,0,0,0,0,430.399994
1476,ｉシェアーズ・コア　Ｊリート　ＥＴＦ,ETF・ETN,ETF・他,90,4,0,24,0,0,23,0,0,20,0,0,23,0,1725
1477,ｉシェアーズ　ＭＳＣＩ　日本株最小分散　ＥＴＦ,ETF・ETN,ETF・他,76,2,0,36,0,0,0,0,0,40,0,0,0,0,3378
1478,ｉシェアーズ　ＭＳＣＩ　ジャパン高配当利回り　ＥＴＦ,ETF・ETN,ETF・他,146,2,0,58,0,0,0,0,0,88,0,0,0,0,5330
1479,ｉＦｒｅｅＥＴＦ　ＭＳＣＩ日本株人材設備投資指数,ETF・ETN,ETF・他,837,2,380,0,0,0,0,0,457,0,0,0,0,0,51840
147A,ソラコム,グロース（内国株式）,情報・通信業,,,0,0,0,0,0,0,0,0,0,0,0,0,973
1480,ＮＥＸＴ　ＦＵＮＤＳ　野村企業価値分配指数連動型上場投信,ETF・ETN,ETF・他,637,2,0,0,0,330,0,0,0,0,0,307,0,0,41600
1481,上場インデックスファンド日本経済貢献株,ETF・ETN,ETF・他,79,2,39,0,0,0,0,0,40,0,0,0,0,0,3930
1482,ｉシェアーズ・コア　米国債７－１０年　ＥＴＦ（為替ヘッジあり）,ETF・ETN,ETF・他,68,4,16,0,0,18,0,0,17,0,0,17,0,0,1479
1483,ｉシェアーズ　ＪＰＸ／Ｓ＆Ｐ設備・人材投資　ＥＴＦ,ETF・ETN,ETF・他,75,2,0,34,0,0,0,0,0,41,0,0,0,0,3891
1484,Ｏｎｅ　ＥＴＦ　ＪＰＸ／Ｓ＆Ｐ　設備・人材投資指数,ETF・ETN,ETF・他,75.8,2,35.1,0,0,0,0,0,40.7,0,0,0,0,0,3873
1485,ＭＡＸＩＳ　ＪＡＰＡＮ　設備・人材積極投資企業２００上場投信,ETF・ETN,ETF・他,803,2,346,0,0,0,0,0,457,0,0,0,0,0,53700
1486,上場インデックスファンド米国債券（為替ヘッジなし）,ETF・ETN,ETF・他,1295,2,600,0,0,0,0,0,695,0,0,0,0,0,22675
1487,上場インデックスファンド米国債券（為替ヘッジあり）,ETF・ETN,ETF・他,556,2,278,0,0,0,0,0,278,0,0,0,0,0,11290
1488,ｉＦｒｅｅＥＴＦ　東証ＲＥＩＴ指数,ETF・ETN,ETF・他,88,4,0,0,32,0,0,14,0,0,29,0,0,13,1714
1489,ＮＥＸＴ　ＦＵＮＤＳ　日経平均高配当株５０指数連動型上場投信,ETF・ETN,ETF・他,94,4,8,0,0,38,0,0,9,0,0,39,0,0,3473
148A,ハッチ・ワーク,グロース（内国株式）,情報・通信業,,,0,0,0,0,0,0,0,0,0,0,0,0,1823
1490,上場インデックスファンドＭＳＣＩ日本株高配当低ボラティリティ（βヘッジ）,ETF・ETN,ETF・他,166,4,5,0,0,75,0,0,11,0,0,75,0,0,7597
1491,中外鉱業,スタンダード（内国株式）,非鉄金属,34,1,0,0,0,0,0,34,0,0,0,0,0,0,698
1493,Ｏｎｅ　ＥＴＦ　ＪＰＸ日経中小型,ETF・ETN,ETF・他,439,2,332,0,0,0,0,0,107,0,0,0,0,0,26025
1494,Ｏｎｅ　ＥＴＦ　高配当日本株,ETF・ETN,ETF・他,1255,2,0,0,0,688,0,0,0,0,0,567,0,0,42470
1495,上場インデックスファンドアジアリート,ETF・ETN,ETF・他,622,5,134,0,0,90,0,0,282,0,0,116,0,0,10805
1496,ｉシェアーズ　米ドル建て投資適格社債　ＥＴＦ（為替ヘッジあり）,ETF・ETN,ETF・他,76,4,19,0,0,20,0,0,18,0,0,19,0,0,1572
1497,ｉシェアーズ　米ドル建てハイイールド社債　ＥＴＦ（為替ヘッジあり）,ETF・ETN,ETF・他,104,4,26,0,0,26,0,0,26,0,0,26,0,0,1691
1498,Ｏｎｅ　ＥＴＦ　ＥＳＧ,ETF・ETN,ETF・他,560,2,273,0,0,0,0,0,287,0,0,0,0,0,33440
1499,ＭＡＸＩＳ日本株高配当７０マーケットニュートラル上場投信,ETF・ETN,ETF・他,272,4,18,0,0,116,0,0,18,0,0,120,0,0,9082
149A,シンカ,グロース（内国株式）,情報・通信業,,,0,0,0,0,0,0,0,0,0,0,0,0,805
150A,ＪＳＨ,グロース（内国株式）,サービス業,,,0,0,0,0,0,0,0,0,0,0,0,0,813
1514,住石ホールディングス,スタンダード（内国株式）,鉱業,20,1,0,0,0,0,0,20,0,0,0,0,0,0,624
1515,日鉄鉱業,プライム（内国株式）,鉱業,33,2,0,0,0,0,0,16.5,0,0,0,0,0,16.5,3205
1518,三井松島ホールディングス,プライム（内国株式）,その他製品,64,2,0,0,0,0,0,32,0,0,0,0,0,32,2275
151A,ダイブグループ,グロース（内国株式）,サービス業,,,0,0,0,0,0,0,0,0,0,0,0,0,625
153A,カウリス,グロース（内国株式）,情報・通信業,4.8,1,0,0,4.8,0,0,0,0,0,0,0,0,0,2267
1540,純金上場信託（現物国内保管型）,ETF・ETN,ETF・他,,,0,0,0,0,0,0,0,0,0,0,0,0,19560
1541,純プラチナ上場信託（現物国内保管型）,ETF・ETN,ETF・他,,,0,0,0,0,0,0,0,0,0,0,0,0,7758
1542,純銀上場信託（現物国内保管型）,ETF・ETN,ETF・他,,,0,0,0,0,0,0,0,0,0,0,0,0,27835
1543,純パラジウム上場信託（現物国内保管型）,ETF・ETN,ETF・他,,,0,0,0,0,0,0,0,0,0,0,0,0,53020
1545,ＮＥＸＴ　ＦＵＮＤＳ　ＮＡＳＤＡＱ－１００（為替ヘッジなし）連動型上場投信,ETF・ETN,ETF・他,0.6,1,0,0,0,0,0,0,0,0.6,0,0,0,0,249.600006
1546,ＮＥＸＴ　ＦＵＮＤＳ　ダウ・ジョーンズ工業株３０種平均株価（為替ヘッジなし）連動型上場投信,ETF・ETN,ETF・他,756,1,0,0,0,0,0,0,0,756,0,0,0,0,79220
1547,上場インデックスファンド米国株式（Ｓ＆Ｐ５００）,ETF・ETN,ETF・他,109,1,109,0,0,0,0,0,0,0,0,0,0,0,13475
1550,ＭＡＸＩＳ　海外株式（ＭＳＣＩコクサイ）上場投信,ETF・ETN,ETF・他,85,2,0,0,0,0,0,51,0,0,0,0,0,34,8142
1551,東証スタンダードＴＯＰ２０ＥＴＦ,ETF・ETN,ETF・他,90,1,0,0,0,0,0,0,90,0,0,0,0,0,7254
1554,上場インデックスファンド世界株式（ＭＳＣＩ　ＡＣＷＩ）除く日本,ETF・ETN,ETF・他,70,1,70,0,0,0,0,0,0,0,0,0,0,0,6882
1555,上場インデックスファンド豪州リート（Ｓ＆Ｐ／ＡＳＸ２００　Ａ－ＲＥＩＴ）,ETF・ETN,ETF・他,51,6,8,0,9,0,8,0,9,0,8,0,9,0,2223
1557,Ｓｔａｔｅ　Ｓｔｒｅｅｔ　ＳＰＤＲ　Ｓ＆Ｐ　５００　ＥＴＦ,ETF・ETN,ETF・他,1203.636,4,0,0,286.18106,0,0,306.1996,0,0,297.3497,0,0,313.90564,123400
1559,ＮＥＸＴ　ＦＵＮＤＳ　タイ株式ＳＥＴ５０指数連動型上場投信,ETF・ETN,ETF・他,158,1,0,0,0,0,0,0,0,158,0,0,0,0,4635
155A,情報戦略テクノロジー,グロース（内国株式）,情報・通信業,,,0,0,0,0,0,0,0,0,0,0,0,0,759
1560,ＮＥＸＴ　ＦＵＮＤＳ　ＦＴＳＥブルサ・マレーシアＫＬＣＩ連動型上場投信,ETF・ETN,ETF・他,212,1,0,0,0,0,0,0,0,212,0,0,0,0,6200
1563,東証グロース・コアＥＴＦ,ETF・ETN,ETF・他,,,0,0,0,0,0,0,0,0,0,0,0,0,2470
1566,上場インデックスファンド新興国債券,ETF・ETN,ETF・他,2835,6,474,0,470,0,485,0,485,0,499,0,422,0,52340
1568,ＴＯＰＩＸブル２倍上場投信,ETF・ETN,ETF・他,,,0,0,0,0,0,0,0,0,0,0,0,0,1043.5
1569,ＴＯＰＩＸベア上場投信,ETF・ETN,ETF・他,,,0,0,0,0,0,0,0,0,0,0,0,0,719
156A,マテリアルグループ,グロース（内国株式）,サービス業,26,1,0,0,0,0,0,0,0,0,0,0,26,0,862
1570,ＮＥＸＴ　ＦＵＮＤＳ　日経平均レバレッジ・インデックス連動型上場投信,ETF・ETN,ETF・他,,,0,0,0,0,0,0,0,0,0,0,0,0,78180
1571,ＮＥＸＴ　ＦＵＮＤＳ　日経平均インバース・インデックス連動型上場投信,ETF・ETN,ETF・他,,,0,0,0,0,0,0,0,0,0,0,0,0,276
1572,中国Ｈ株ブル２倍上場投信,ETF・ETN,ETF・他,,,0,0,0,0,0,0,0,0,0,0,0,0,6448
1573,中国Ｈ株ベア上場投信,ETF・ETN,ETF・他,,,0,0,0,0,0,0,0,0,0,0,0,0,8555
1577,ＮＥＸＴ　ＦＵＮＤＳ　野村日本株高配当７０連動型上場投信,ETF・ETN,ETF・他,1529,4,83,0,0,720,0,0,100,0,0,626,0,0,59110
1578,上場インデックスファンド日経２２５（ミニ）,ETF・ETN,ETF・他,60,2,29,0,0,0,0,0,31,0,0,0,0,0,5633
1579,日経平均ブル２倍上場投信,ETF・ETN,ETF・他,,,0,0,0,0,0,0,0,0,0,0,0,0,845
157A,グリーンモンスター,グロース（内国株式）,サービス業,10,1,0,0,0,0,0,0,0,0,10,0,0,0,768
1580,日経平均ベア上場投信,ETF・ETN,ETF・他,,,0,0,0,0,0,0,0,0,0,0,0,0,734
1585,ｉＦｒｅｅＥＴＦ　ＴＯＰＩＸ　Ｅｘ－Ｆｉｎａｎｃｉａｌｓ,ETF・ETN,ETF・他,35.1,2,11.9,0,0,0,0,0,23.2,0,0,0,0,0,2747
1586,上場インデックスファンドＴＯＰＩＸ　Ｅｘ－Ｆｉｎａｎｃｉａｌｓ,ETF・ETN,ETF・他,58,2,35,0,0,0,0,0,23,0,0,0,0,0,3177
1591,ＮＥＸＴ　ＦＵＮＤＳ　ＪＰＸ日経インデックス４００連動型上場投信,ETF・ETN,ETF・他,639,2,0,0,0,331,0,0,0,0,0,308,0,0,37460
1592,上場インデックスファンドＪＰＸ日経インデックス４００,ETF・ETN,ETF・他,59,2,28,0,0,0,0,0,31,0,0,0,0,0,3462
1593,ＭＡＸＩＳ　ＪＰＸ日経インデックス４００上場投信,ETF・ETN,ETF・他,673,2,312,0,0,0,0,0,361,0,0,0,0,0,38770
1595,ＮＺＡＭ　上場投信　東証ＲＥＩＴ指数,ETF・ETN,ETF・他,88.5,4,20.4,0,0,25.7,0,0,17.6,0,0,24.8,0,0,1712
1596,ＮＺＡＭ　上場投信　ＴＯＰＩＸ　Ｅｘ－Ｆｉｎａｎｃｉａｌｓ,ETF・ETN,ETF・他,41.7,2,24.3,0,0,0,0,0,17.4,0,0,0,0,0,2970
1597,ＭＡＸＩＳ　Ｊリート上場投信,ETF・ETN,ETF・他,89,4,0,0,33,0,0,13,0,0,29,0,0,14,1707
1599,ｉＦｒｅｅＥＴＦ　ＪＰＸ日経４００,ETF・ETN,ETF・他,624,2,292,0,0,0,0,0,332,0,0,0,0,0,38540
159A,ＮＥＸＴ　ＦＵＮＤＳ　ＪＰＸプライム１５０指数連動型上場投信,ETF・ETN,ETF・他,10.7,2,0,0,0,5.4,0,0,0,0,0,5.3,0,0,752
1605,ＩＮＰＥＸ,プライム（内国株式）,鉱業,100,2,0,0,50,0,0,0,0,0,50,0,0,0,3648
160A,アズパートナーズ,スタンダード（内国株式）,サービス業,70,1,0,0,0,0,0,70,0,0,0,0,0,0,1952
1615,ＮＥＸＴ　ＦＵＮＤＳ　東証銀行業株価指数連動型上場投信,ETF・ETN,ETF・他,20.9,1,0,0,0,0,0,0,20.9,0,0,0,0,0,778.400024
1617,ＮＥＸＴ　ＦＵＮＤＳ　食品（ＴＯＰＩＸ－１７）上場投信,ETF・ETN,ETF・他,1036,1,0,0,0,0,0,0,1036,0,0,0,0,0,47920
1618,ＮＥＸＴ　ＦＵＮＤＳ　エネルギー資源（ＴＯＰＩＸ－１７）上場投信,ETF・ETN,ETF・他,742,1,0,0,0,0,0,0,742,0,0,0,0,0,35560
1619,ＮＥＸＴ　ＦＵＮＤＳ　建設・資材（ＴＯＰＩＸ－１７）上場投信,ETF・ETN,ETF・他,809,1,0,0,0,0,0,0,809,0,0,0,0,0,45190
1620,ＮＥＸＴ　ＦＵＮＤＳ　素材・化学（ＴＯＰＩＸ－１７）上場投信,ETF・ETN,ETF・他,558,1,0,0,0,0,0,0,558,0,0,0,0,0,38440
1621,ＮＥＸＴ　ＦＵＮＤＳ　医薬品（ＴＯＰＩＸ－１７）上場投信,ETF・ETN,ETF・他,697,1,0,0,0,0,0,0,697,0,0,0,0,0,29760
1622,ＮＥＸＴ　ＦＵＮＤＳ　自動車・輸送機（ＴＯＰＩＸ－１７）上場投信,ETF・ETN,ETF・他,572,1,0,0,0,0,0,0,572,0,0,0,0,0,34000
1623,ＮＥＸＴ　ＦＵＮＤＳ　鉄鋼・非鉄（ＴＯＰＩＸ－１７）上場投信,ETF・ETN,ETF・他,557,1,0,0,0,0,0,0,557,0,0,0,0,0,68460
1624,ＮＥＸＴ　ＦＵＮＤＳ　機械（ＴＯＰＩＸ－１７）上場投信,ETF・ETN,ETF・他,760,1,0,0,0,0,0,0,760,0,0,0,0,0,86360
1625,ＮＥＸＴ　ＦＵＮＤＳ　電機・精密（ＴＯＰＩＸ－１７）上場投信,ETF・ETN,ETF・他,296,1,0,0,0,0,0,0,296,0,0,0,0,0,69480
1626,ＮＥＸＴ　ＦＵＮＤＳ　情報通信・サービスその他（ＴＯＰＩＸ－１７）上場投信,ETF・ETN,ETF・他,518,1,0,0,0,0,0,0,518,0,0,0,0,0,48960
1627,ＮＥＸＴ　ＦＵＮＤＳ　電力・ガス（ＴＯＰＩＸ－１７）上場投信,ETF・ETN,ETF・他,168,1,0,0,0,0,0,0,168,0,0,0,0,0,12065
1628,ＮＥＸＴ　ＦＵＮＤＳ　運輸・物流（ＴＯＰＩＸ－１７）上場投信,ETF・ETN,ETF・他,653,1,0,0,0,0,0,0,653,0,0,0,0,0,21525
1629,ＮＥＸＴ　ＦＵＮＤＳ　商社・卸売（ＴＯＰＩＸ－１７）上場投信,ETF・ETN,ETF・他,2.4,1,0,0,0,0,0,0,2.4,0,0,0,0,0,271.799988
162A,ＡＩセレクトメガトレンド　日本株（ネットリターン）ＥＴＮ,ETF・ETN,ETF・他,,,0,0,0,0,0,0,0,0,0,0,0,0,17955
1630,ＮＥＸＴ　ＦＵＮＤＳ　小売（ＴＯＰＩＸ－１７）上場投信,ETF・ETN,ETF・他,548,1,0,0,0,0,0,0,548,0,0,0,0,0,37000
1631,ＮＥＸＴ　ＦＵＮＤＳ　銀行（ＴＯＰＩＸ－１７）上場投信,ETF・ETN,ETF・他,768,1,0,0,0,0,0,0,768,0,0,0,0,0,42090
1632,ＮＥＸＴ　ＦＵＮＤＳ　金融（除く銀行）（ＴＯＰＩＸ－１７）上場投信,ETF・ETN,ETF・他,1112,1,0,0,0,0,0,0,1112,0,0,0,0,0,42440
1633,ＮＥＸＴ　ＦＵＮＤＳ　不動産（ＴＯＰＩＸ－１７）上場投信,ETF・ETN,ETF・他,758,1,0,0,0,0,0,0,758,0,0,0,0,0,46740
163A,半導体フォーカス　日本株（ネットリターン）ＥＴＮ,ETF・ETN,ETF・他,,,0,0,0,0,0,0,0,0,0,0,0,0,21450
1651,ｉＦｒｅｅＥＴＦ　ＴＯＰＩＸ高配当４０指数,ETF・ETN,ETF・他,76,4,0,2,0,0,36,0,0,5,0,0,33,0,3290
1652,ｉＦｒｅｅＥＴＦ　ＭＳＣＩ日本株女性活躍指数（ＷＩＮ）,ETF・ETN,ETF・他,93.1,2,48.6,0,0,0,0,0,44.5,0,0,0,0,0,5151
1653,ｉＦｒｅｅＥＴＦ　ＭＳＣＩジャパンＥＳＧセレクト・リーダーズ指数,ETF・ETN,ETF・他,83.7,2,38.2,0,0,0,0,0,45.5,0,0,0,0,0,5290
1654,ｉＦｒｅｅＥＴＦ　ＦＴＳＥ　ＪＰＸ　Ｂｌｏｓｓｏｍ　Ｊａｐａｎ　Ｉｎｄｅｘ,ETF・ETN,ETF・他,71,2,31.4,0,0,0,0,0,39.6,0,0,0,0,0,3358
1655,ｉシェアーズ　Ｓ＆Ｐ　５００　米国株　ＥＴＦ,ETF・ETN,ETF・他,7.4,2,0,4,0,0,0,0,0,3.4,0,0,0,0,892.400024
1656,ｉシェアーズ・コア　米国債７－１０年　ＥＴＦ,ETF・ETN,ETF・他,11.7,4,2.8,0,0,3.4,0,0,3,0,0,2.5,0,0,297.200012
1657,ｉシェアーズ・コア　ＭＳＣＩ　先進国株（除く日本）ＥＴＦ,ETF・ETN,ETF・他,77,2,0,38,0,0,0,0,0,39,0,0,0,0,7321
1658,ｉシェアーズ・コア　ＭＳＣＩ　新興国株　ＥＴＦ,ETF・ETN,ETF・他,75,2,0,49,0,0,0,0,0,26,0,0,0,0,4400
1659,ｉシェアーズ　米国リート　ＥＴＦ,ETF・ETN,ETF・他,81,4,0,34,0,0,9,0,0,18,0,0,20,0,3645
1660,ＭＡＸＩＳ高利回りＪリート上場投信,ETF・ETN,ETF・他,490,4,127,0,0,142,0,0,106,0,0,115,0,0,9812
1662,石油資源開発,プライム（内国株式）,鉱業,65,2,0,0,0,0,0,32.5,0,0,0,0,0,32.5,1714
1663,Ｋ＆Ｏエナジーグループ,プライム（内国株式）,鉱業,54,2,0,0,27,0,0,0,0,0,27,0,0,0,1884
166A,タスキホールディングス,プライム（内国株式）,不動産業,36,1,0,0,0,0,0,0,0,0,0,0,0,36,980
1671,ＷＴＩ原油価格連動型上場投信,ETF・ETN,ETF・他,,,0,0,0,0,0,0,0,0,0,0,0,0,6050
1672,ＷｉｓｄｏｍＴｒｅｅ　金上場投資信託,ETF・ETN,ETF・他,,,0,0,0,0,0,0,0,0,0,0,0,0,60820
1673,ＷｉｓｄｏｍＴｒｅｅ　銀上場投資信託,ETF・ETN,ETF・他,,,0,0,0,0,0,0,0,0,0,0,0,0,8708
1674,ＷｉｓｄｏｍＴｒｅｅ　白金上場投資信託,ETF・ETN,ETF・他,,,0,0,0,0,0,0,0,0,0,0,0,0,24120
1675,ＷｉｓｄｏｍＴｒｅｅ　パラジウム上場投資信託,ETF・ETN,ETF・他,,,0,0,0,0,0,0,0,0,0,0,0,0,16730
1676,ＷｉｓｄｏｍＴｒｅｅ　貴金属バスケット上場投資信託,ETF・ETN,ETF・他,,,0,0,0,0,0,0,0,0,0,0,0,0,40320
1677,上場インデックスファンド海外債券（ＦＴＳＥ　ＷＧＢＩ）毎月分配型,ETF・ETN,ETF・他,1658,12,132,131,132,137,140,148,148,149,150,128,130,133,57840
1678,ＮＥＸＴ　ＦＵＮＤＳ　インド株式指数・Ｎｉｆｔｙ　５０　連動型上場投信,ETF・ETN,ETF・他,9.4,1,0,0,0,0,0,0,0,9.4,0,0,0,0,287.700012
1679,Ｓｉｍｐｌｅ－Ｘ　ＮＹ　ダウ・ジョーンズ・インデックス上場投信,ETF・ETN,ETF・他,960,1,0,0,0,0,0,0,0,0,0,0,0,960,65210
167A,リョーサン菱洋ホールディングス,プライム（内国株式）,卸売業,140,2,0,0,0,0,0,70,0,0,0,0,0,70,3250
1680,上場インデックスファンド海外先進国株式（ＭＳＣＩ－ＫＯＫＵＳＡＩ）,ETF・ETN,ETF・他,82,1,82,0,0,0,0,0,0,0,0,0,0,0,8380
1681,上場インデックスファンド海外新興国株式（ＭＳＣＩ　エマージング）,ETF・ETN,ETF・他,53,1,53,0,0,0,0,0,0,0,0,0,0,0,3413
1684,ＷｉｓｄｏｍＴｒｅｅ　ブロード上場投資信託,ETF・ETN,ETF・他,,,0,0,0,0,0,0,0,0,0,0,0,0,2770
1685,ＷｉｓｄｏｍＴｒｅｅ　エネルギー上場投資信託,ETF・ETN,ETF・他,,,0,0,0,0,0,0,0,0,0,0,0,0,968.5
1686,ＷｉｓｄｏｍＴｒｅｅ　産業用金属上場投資信託,ETF・ETN,ETF・他,,,0,0,0,0,0,0,0,0,0,0,0,0,2966
1687,ＷｉｓｄｏｍＴｒｅｅ　農産物上場投資信託,ETF・ETN,ETF・他,,,0,0,0,0,0,0,0,0,0,0,0,0,1114
1688,ＷｉｓｄｏｍＴｒｅｅ　穀物上場投資信託,ETF・ETN,ETF・他,,,0,0,0,0,0,0,0,0,0,0,0,0,612.400024
1689,ＷｉｓｄｏｍＴｒｅｅ　天然ガス上場投資信託,ETF・ETN,ETF・他,,,0,0,0,0,0,0,0,0,0,0,0,0,763
168A,イタミアート,グロース（内国株式）,その他製品,20,1,0,0,0,20,0,0,0,0,0,0,0,0,1066
1690,ＷｉｓｄｏｍＴｒｅｅ　ＷＴＩ　原油上場投資信託,ETF・ETN,ETF・他,,,0,0,0,0,0,0,0,0,0,0,0,0,2717
1691,ＷｉｓｄｏｍＴｒｅｅ　ガソリン上場投資信託,ETF・ETN,ETF・他,,,0,0,0,0,0,0,0,0,0,0,0,0,17445
1692,ＷｉｓｄｏｍＴｒｅｅ　アルミニウム上場投資信託,ETF・ETN,ETF・他,,,0,0,0,0,0,0,0,0,0,0,0,0,681.099976
1693,ＷｉｓｄｏｍＴｒｅｅ　銅上場投資信託,ETF・ETN,ETF・他,,,0,0,0,0,0,0,0,0,0,0,0,0,8906
1694,ＷｉｓｄｏｍＴｒｅｅ　ニッケル上場投資信託,ETF・ETN,ETF・他,,,0,0,0,0,0,0,0,0,0,0,0,0,2140
1695,ＷｉｓｄｏｍＴｒｅｅ　小麦上場投資信託,ETF・ETN,ETF・他,,,0,0,0,0,0,0,0,0,0,0,0,0,3522
1696,ＷｉｓｄｏｍＴｒｅｅ　とうもろこし上場投資信託,ETF・ETN,ETF・他,,,0,0,0,0,0,0,0,0,0,0,0,0,3110
1697,ＷｉｓｄｏｍＴｒｅｅ　大豆上場投資信託,ETF・ETN,ETF・他,,,0,0,0,0,0,0,0,0,0,0,0,0,4932
1698,上場インデックスファンド日本高配当（東証配当フォーカス１００）,ETF・ETN,ETF・他,121,4,31,0,0,31,0,0,32,0,0,27,0,0,4297
1699,ＮＥＸＴ　ＦＵＮＤＳ　ＮＯＭＵＲＡ　原油インデックス連動型上場投信,ETF・ETN,ETF・他,,,0,0,0,0,0,0,0,0,0,0,0,0,718.099976
170A,ＳＭＴ　ＥＴＦ日本好配当株アクティブ,ETF・ETN,ETF・他,61,3,0,0,0,31,0,0,3,0,0,27,0,0,3179
1711,ＳＤＳホールディングス,スタンダード（内国株式）,建設業,,,0,0,0,0,0,0,0,0,0,0,0,0,235
1716,第一カッター興業,スタンダード（内国株式）,建設業,40,1,0,0,0,0,0,0,0,0,40,0,0,0,1321
1717,明豊ファシリティワークス,スタンダード（内国株式）,サービス業,44,1,0,0,0,0,0,44,0,0,0,0,0,0,921
1718,美樹工業,スタンダード（内国株式）,建設業,116.666667,2,0,0,58.333333,0,0,0,0,0,58.333333,0,0,0,2302
1719,安藤・間,プライム（内国株式）,建設業,80,2,0,0,0,0,0,40,0,0,0,0,0,40,1748.5
1720,東急建設,プライム（内国株式）,建設業,40,2,0,0,0,0,0,20,0,0,0,0,0,20,1167
1721,コムシスホールディングス,プライム（内国株式）,建設業,130,2,0,0,0,0,0,65,0,0,0,0,0,65,5637
1723,日本電技,スタンダード（内国株式）,建設業,160,2,0,0,0,0,0,80,0,0,0,0,0,80,2351
1724,シンクレイヤ,スタンダード（内国株式）,建設業,28,2,0,0,14,0,0,0,0,0,14,0,0,0,722
1736,オーテック,スタンダード（内国株式）,建設業,62.67,2,0,0,0,0,0,31.335,0,0,0,0,0,31.335,2519
173A,ハンモック,グロース（内国株式）,情報・通信業,40,1,0,0,0,0,0,40,0,0,0,0,0,0,1762
1758,太洋基礎工業,スタンダード（内国株式）,建設業,60,1,0,0,0,60,0,0,0,0,0,0,0,0,2350
175A,Ｗｉｌｌ　Ｓｍａｒｔ,グロース（内国株式）,情報・通信業,,,0,0,0,0,0,0,0,0,0,0,0,0,619
1762,高松コンストラクショングループ,プライム（内国株式）,建設業,130,2,0,0,0,0,0,65,0,0,0,0,0,65,3955
1764,工藤建設,スタンダード（内国株式）,建設業,117,1,0,0,0,0,0,0,0,0,117,0,0,0,2685
1766,東建コーポレーション,プライム（内国株式）,建設業,360,1,0,0,0,0,0,0,360,0,0,0,0,0,12750
1768,ソネック,スタンダード（内国株式）,建設業,50,1,0,0,0,0,0,50,0,0,0,0,0,0,1025
1770,藤田エンジニアリング,スタンダード（内国株式）,建設業,75,2,0,0,0,0,0,37.5,0,0,0,0,0,37.5,2132
177A,コージンバイオ,グロース（内国株式）,化学,10,1,0,0,0,0,0,10,0,0,0,0,0,0,815
1780,ヤマウラ,プライム（内国株式）,建設業,30,2,0,0,0,0,0,15,0,0,0,0,0,15,1425
1783,ｆａｎｔａｓｉｓｔａ,スタンダード（内国株式）,不動産業,,,0,0,0,0,0,0,0,0,0,0,0,0,70
1786,オリエンタル白石,プライム（内国株式）,建設業,14.5,2,0,0,0,0,0,7.25,0,0,0,0,0,7.25,331
1787,ナカボーテック,スタンダード（内国株式）,建設業,335,1,0,0,0,0,0,335,0,0,0,0,0,0,5700
1788,三東工業社,スタンダード（内国株式）,建設業,100,1,0,0,0,0,0,0,0,0,100,0,0,0,4060
178A,グローバルＸ　革新的優良企業　ＥＴＦ,ETF・ETN,ETF・他,5,1,0,0,0,0,0,0,0,0,5,0,0,0,1707
1793,大本組,スタンダード（内国株式）,建設業,50,1,0,0,0,0,0,50,0,0,0,0,0,0,2014
1795,マサル,スタンダード（内国株式）,建設業,160,1,0,0,0,0,0,0,0,0,0,0,0,160,5500
1798,守谷商会,スタンダード（内国株式）,建設業,180,1,0,0,0,0,0,180,0,0,0,0,0,0,1109
1799,第一建設工業,スタンダード（内国株式）,建設業,160,1,0,0,0,0,0,160,0,0,0,0,0,0,3335
179A,グローバルＸ　超長期米国債　ＥＴＦ（為替ヘッジあり）,ETF・ETN,ETF・他,11,4,0,2.7,0,0,2.7,0,0,2.7,0,0,2.9,0,224.800003
1801,大成建設,プライム（内国株式）,建設業,310,2,0,0,0,0,0,155,0,0,0,0,0,155,12110
1802,大林組,プライム（内国株式）,建設業,88,2,0,0,0,0,0,44,0,0,0,0,0,44,2929
1803,清水建設,プライム（内国株式）,建設業,72,2,0,0,0,0,0,36,0,0,0,0,0,36,2087.5
1807,佐藤渡辺,スタンダード（内国株式）,建設業,80,2,0,0,0,0,0,40,0,0,0,0,0,40,1920
1808,長谷工コーポレーション,プライム（内国株式）,建設業,95,2,0,0,0,0,0,47.5,0,0,0,0,0,47.5,2573
180A,グローバルＸ　超長期米国債　ＥＴＦ,ETF・ETN,ETF・他,12.9,4,0,3.3,0,0,3.3,0,0,3.3,0,0,3,0,265.200012
1810,松井建設,スタンダード（内国株式）,建設業,78,2,0,0,0,0,0,39,0,0,0,0,0,39,1386
1811,錢高組,スタンダード（内国株式）,建設業,120,1,0,0,0,0,0,120,0,0,0,0,0,0,7330
1812,鹿島建設,プライム（内国株式）,建設業,146,2,0,0,0,0,0,73,0,0,0,0,0,73,4822
1813,不動テトラ,プライム（内国株式）,建設業,115,1,0,0,0,0,0,115,0,0,0,0,0,0,2782
1814,大末建設,プライム（内国株式）,建設業,183,2,0,0,0,0,0,91.5,0,0,0,0,0,91.5,3425
1815,鉄建建設,プライム（内国株式）,建設業,85,1,0,0,0,0,0,85,0,0,0,0,0,0,2190
181A,ＭＡＸＩＳ米国国債１－３年上場投信（為替ヘッジなし）,ETF・ETN,ETF・他,13.1,4,0,2.8,0,0,3.1,0,0,4.3,0,0,2.9,0,527.099976
1820,西松建設,プライム（内国株式）,建設業,230,2,0,0,0,0,0,115,0,0,0,0,0,115,5180
1822,大豊建設,スタンダード（内国株式）,建設業,34,1,0,0,0,0,0,34,0,0,0,0,0,0,786
1826,佐田建設,スタンダード（内国株式）,建設業,60,1,0,0,0,0,0,60,0,0,0,0,0,0,1070
1827,ナカノフドー建設,スタンダード（内国株式）,建設業,38,1,0,0,0,0,0,38,0,0,0,0,0,0,1405
1828,田辺工業,スタンダード（内国株式）,建設業,100,1,0,0,0,0,0,100,0,0,0,0,0,0,2369
182A,ＭＡＸＩＳ米国国債２０年超上場投信（為替ヘッジなし）,ETF・ETN,ETF・他,20.4,4,0,5.1,0,0,5.7,0,0,5,0,0,4.6,0,456
1833,奥村組,プライム（内国株式）,建設業,297,2,0,0,0,0,0,148.5,0,0,0,0,0,148.5,5280
1835,東鉄工業,プライム（内国株式）,建設業,150,2,0,0,0,0,0,75,0,0,0,0,0,75,3770
183A,ＭＡＸＩＳ米国国債２０年超上場投信（為替ヘッジあり）,ETF・ETN,ETF・他,19.3,4,0,4.9,0,0,4.8,0,0,4.6,0,0,5,0,402
1840,土屋ホールディングス,スタンダード（内国株式）,建設業,10,1,10,0,0,0,0,0,0,0,0,0,0,0,261
1844,大盛工業,スタンダード（内国株式）,建設業,11.5,1,0,0,0,0,0,0,0,0,0,11.5,0,0,430
1847,イチケン,スタンダード（内国株式）,建設業,230,2,0,0,0,0,0,115,0,0,0,0,0,115,3305
1848,富士ピー・エス,スタンダード（内国株式）,建設業,22,1,0,0,0,0,0,22,0,0,0,0,0,0,864
184A,学びエイド,グロース（内国株式）,情報・通信業,,,0,0,0,0,0,0,0,0,0,0,0,0,328
1850,南海辰村建設,スタンダード（内国株式）,建設業,8,1,0,0,0,0,0,8,0,0,0,0,0,0,420
1852,淺沼組,プライム（内国株式）,建設業,45,2,0,0,0,0,0,22.5,0,0,0,0,0,22.5,851
1853,森組,スタンダード（内国株式）,建設業,14,1,0,0,0,0,0,14,0,0,0,0,0,0,322
1860,戸田建設,プライム（内国株式）,建設業,58,2,0,0,0,0,0,29,0,0,0,0,0,29,1365
1861,熊谷組,プライム（内国株式）,建設業,32,2,0,0,0,0,0,16,0,0,0,0,0,16,1217
1866,北野建設,スタンダード（内国株式）,建設業,30,1,0,0,0,0,0,30,0,0,0,0,0,0,1080
1867,植木組,スタンダード（内国株式）,建設業,120,1,0,0,0,0,0,120,0,0,0,0,0,0,2710
186A,アストロスケールホールディングス,グロース（内国株式）,サービス業,,,0,0,0,0,0,0,0,0,0,0,0,0,1211
1870,矢作建設工業,プライム（内国株式）,建設業,100,2,0,0,0,0,0,50,0,0,0,0,0,50,2048
1871,ピーエス・コンストラクション,プライム（内国株式）,建設業,120,2,0,0,0,0,0,60,0,0,0,0,0,60,2043
1873,日本ハウスホールディングス,プライム（内国株式）,建設業,12,2,6,0,0,0,0,0,6,0,0,0,0,0,311
1878,大東建託,プライム（内国株式）,不動産業,150.4,2,0,0,0,0,0,75.2,0,0,0,0,0,75.2,3143
1879,新日本建設,プライム（内国株式）,建設業,67,2,0,0,0,0,0,33.5,0,0,0,0,0,33.5,2147
1882,東亜道路工業,プライム（内国株式）,建設業,90,2,0,0,0,0,0,45,0,0,0,0,0,45,1544
1885,東亜建設工業,プライム（内国株式）,建設業,100,2,0,0,0,0,0,50,0,0,0,0,0,50,2061
1887,日本国土開発,プライム（内国株式）,建設業,22,2,0,11,0,0,0,0,0,11,0,0,0,0,514
1888,若築建設,プライム（内国株式）,建設業,135,1,0,0,0,0,0,135,0,0,0,0,0,0,3545
188A,グローバルＸ　インド・トップ１０＋　ＥＴＦ,ETF・ETN,ETF・他,8,2,0,0,0,0,0,3,0,0,0,0,0,5,801
1893,五洋建設,プライム（内国株式）,建設業,48,2,0,0,0,0,0,24,0,0,0,0,0,24,1418
1897,金下建設,スタンダード（内国株式）,建設業,50,1,0,0,50,0,0,0,0,0,0,0,0,0,3495
1898,世紀東急工業,プライム（内国株式）,建設業,71,2,0,0,0,0,0,35.5,0,0,0,0,0,35.5,1425
1899,福田組,プライム（内国株式）,建設業,260,1,0,0,260,0,0,0,0,0,0,0,0,0,4690
189A,Ｄ＆Ｍカンパニー,グロース（内国株式）,サービス業,20,1,0,0,0,0,0,0,0,20,0,0,0,0,1064
1904,大成温調,スタンダード（内国株式）,建設業,44.75,2,0,0,0,0,0,22.375,0,0,0,0,0,22.375,1241
1905,テノックス,スタンダード（内国株式）,建設業,60.5,2,0,0,0,0,0,30.25,0,0,0,0,0,30.25,1440
190A,Ｃｈｏｒｄｉａ　Ｔｈｅｒａｐｅｕｔｉｃｓ,グロース（内国株式）,医薬品,,,0,0,0,0,0,0,0,0,0,0,0,0,60
1911,住友林業,プライム（内国株式）,建設業,53,2,0,0,26.5,0,0,0,0,0,26.5,0,0,0,1183
1914,日本基礎技術,スタンダード（内国株式）,建設業,30,1,0,0,0,0,0,30,0,0,0,0,0,0,795
1921,巴コーポレーション,スタンダード（内国株式）,建設業,36,1,0,0,0,0,0,36,0,0,0,0,0,0,1928
1925,大和ハウス工業,プライム（内国株式）,建設業,87.5,2,0,0,0,0,0,43.75,0,0,0,0,0,43.75,2153
1926,ライト工業,プライム（内国株式）,建設業,36.25,2,0,0,0,0,0,18.125,0,0,0,0,0,18.125,945
1928,積水ハウス,プライム（内国株式）,建設業,144,2,0,0,0,72,0,0,0,0,0,72,0,0,3319
1929,日特建設,プライム（内国株式）,建設業,49,2,0,0,0,0,0,24.5,0,0,0,0,0,24.5,1162
192A,インテグループ,グロース（内国株式）,サービス業,45,1,0,0,0,0,0,0,0,45,0,0,0,0,1322
1930,北陸電気工事,プライム（内国株式）,建設業,48,2,0,0,0,0,0,24,0,0,0,0,0,24,1532
1934,ユアテック,プライム（内国株式）,建設業,72,2,0,0,0,0,0,36,0,0,0,0,0,36,2482
1938,日本リーテック,プライム（内国株式）,建設業,82,1,0,0,0,0,0,82,0,0,0,0,0,0,2534
1939,四電工,プライム（内国株式）,建設業,77,2,0,0,0,0,0,38.5,0,0,0,0,0,38.5,2215
1941,中電工,プライム（内国株式）,建設業,135,2,0,0,0,0,0,67.5,0,0,0,0,0,67.5,5100
1942,関電工,プライム（内国株式）,建設業,124,2,0,0,0,0,0,62,0,0,0,0,0,62,5530
1944,きんでん,プライム（内国株式）,建設業,130,2,0,0,0,0,0,65,0,0,0,0,0,65,6852
1945,東京エネシス,プライム（内国株式）,建設業,63,2,0,0,0,0,0,31.5,0,0,0,0,0,31.5,2106
1946,トーエネック,プライム（内国株式）,建設業,76,2,0,0,0,0,0,38,0,0,0,0,0,38,2128
194A,ＷＯＬＶＥＳ　ＨＡＮＤ,グロース（内国株式）,サービス業,,,0,0,0,0,0,0,0,0,0,0,0,0,1633
1950,日本電設工業,プライム（内国株式）,建設業,124,1,0,0,0,0,0,124,0,0,0,0,0,0,3880
1951,エクシオグループ,プライム（内国株式）,建設業,68,2,0,0,0,0,0,34,0,0,0,0,0,34,2543.5
1952,新日本空調,プライム（内国株式）,建設業,110,2,0,0,0,0,0,55,0,0,0,0,0,55,3115
1959,クラフティア,プライム（内国株式）,建設業,220,2,0,0,0,0,0,110,0,0,0,0,0,110,7984
195A,ＭＵＳＣＡＴ　ＧＲＯＵＰ,グロース（内国株式）,サービス業,,,0,0,0,0,0,0,0,0,0,0,0,0,690
1960,サンテック,スタンダード（内国株式）,建設業,65,1,0,0,0,0,0,65,0,0,0,0,0,0,1710
1961,三機工業,プライム（内国株式）,建設業,195,2,0,0,0,0,0,97.5,0,0,0,0,0,97.5,2623
1963,日揮ホールディングス,プライム（内国株式）,建設業,52,1,0,0,0,0,0,52,0,0,0,0,0,0,2238.5
1964,中外炉工業,プライム（内国株式）,建設業,166,1,0,0,0,0,0,166,0,0,0,0,0,0,3830
1965,テクノ菱和,スタンダード（内国株式）,建設業,56.666667,2,0,0,0,0,0,28.333333,0,0,0,0,0,28.333333,2374
1966,高田工業所,スタンダード（内国株式）,建設業,70,1,0,0,0,0,0,70,0,0,0,0,0,0,1730
1967,ヤマト,スタンダード（内国株式）,建設業,60,1,0,0,0,0,0,60,0,0,0,0,0,0,2142
1968,太平電業,プライム（内国株式）,建設業,70,1,0,0,0,0,0,70,0,0,0,0,0,0,2446
1969,高砂熱学工業,プライム（内国株式）,建設業,93.5,2,0,0,0,0,0,46.75,0,0,0,0,0,46.75,4627
196A,ＭＦＳ,グロース（内国株式）,その他金融業,,,0,0,0,0,0,0,0,0,0,0,0,0,365
1972,三晃金属工業,スタンダード（内国株式）,建設業,69,2,0,0,0,0,0,34.5,0,0,0,0,0,34.5,1275
1975,朝日工業社,プライム（内国株式）,建設業,144,2,0,0,0,0,0,72,0,0,0,0,0,72,3890
1976,明星工業,プライム（内国株式）,建設業,65,2,0,0,0,0,0,32.5,0,0,0,0,0,32.5,1677
1979,大氣社,プライム（内国株式）,建設業,90,2,0,0,0,0,0,45,0,0,0,0,0,45,3820
197A,タウンズ,スタンダード（内国株式）,医薬品,28,2,0,0,14,0,0,0,0,0,14,0,0,0,521
1980,ダイダン,プライム（内国株式）,建設業,46,2,0,0,0,0,0,23,0,0,0,0,0,23,3055
1981,協和日成,スタンダード（内国株式）,建設業,50,1,0,0,0,0,0,50,0,0,0,0,0,0,1378
1982,日比谷総合設備,プライム（内国株式）,建設業,150,2,0,0,0,0,0,75,0,0,0,0,0,75,3210
198A,ＰｏｓｔＰｒｉｍｅ,グロース（内国株式）,情報・通信業,,,0,0,0,0,0,0,0,0,0,0,0,0,159
1992,神田通信機,スタンダード（内国株式）,建設業,82,1,0,0,0,0,0,82,0,0,0,0,0,0,2927
1994,高橋カーテンウォール工業,スタンダード（内国株式）,建設業,20,2,0,0,10,0,0,0,0,0,10,0,0,0,610
1997,暁飯島工業,スタンダード（内国株式）,建設業,110,1,0,0,0,0,0,0,0,0,0,0,110,0,4230
2001,ニップン,プライム（内国株式）,食料品,68,2,0,0,0,0,0,34,0,0,0,0,0,34,2808
2002,日清製粉グループ本社,プライム（内国株式）,食料品,60,2,0,0,0,0,0,30,0,0,0,0,0,30,1971
2003,日東富士製粉,スタンダード（内国株式）,食料品,280,1,0,0,0,0,0,280,0,0,0,0,0,0,1849
2004,昭和産業,プライム（内国株式）,食料品,115,2,0,0,0,0,0,57.5,0,0,0,0,0,57.5,3710
2009,鳥越製粉,スタンダード（内国株式）,食料品,49,1,0,0,49,0,0,0,0,0,0,0,0,0,1138
200A,ＮＥＸＴ　ＦＵＮＤＳ　日経半導体株指数連動型上場投信,ETF・ETN,ETF・他,14,1,0,0,0,14,0,0,0,0,0,0,0,0,4797
2011,ＳＭＤＡＭ　Ａｃｔｉｖｅ　ＥＴＦ　日本高配当株式,ETF・ETN,ETF・他,21.6,2,0,0,0,0,11.3,0,0,0,0,0,10.3,0,857.200012
2012,ｉシェアーズ　米国債０－３ヶ月　ＥＴＦ,ETF・ETN,ETF・他,,,0,0,0,0,0,0,0,0,0,0,0,0,241.800003
2013,ｉシェアーズ　米国高配当株　ＥＴＦ,ETF・ETN,ETF・他,8.4,4,0,2.2,0,0,2.1,0,0,2.4,0,0,1.7,0,302.600006
2014,ｉシェアーズ　米国連続増配株　ＥＴＦ,ETF・ETN,ETF・他,4.9,4,0,1.4,0,0,1.1,0,0,1.1,0,0,1.3,0,311.200012
2015,ｉＦｒｅｅＥＴＦ　米国国債７－１０年（為替ヘッジなし）,ETF・ETN,ETF・他,78,4,0,15,0,0,19,0,0,23,0,0,21,0,2042
2016,ｉＦｒｅｅＥＴＦ　米国国債７－１０年（為替ヘッジあり）,ETF・ETN,ETF・他,71,4,0,18,0,0,16,0,0,18,0,0,19,0,1680
2017,ｉＦｒｅｅＥＴＦ　ＪＰＸプライム１５０,ETF・ETN,ETF・他,22,2,0,0,0,11,0,0,0,0,0,11,0,0,1561
2018,グローバルＸ　ＵＳ　ＲＥＩＴ・トップ２０　ＥＴＦ,ETF・ETN,ETF・他,31,6,0,2,0,6,0,8,0,3,0,6,0,6,1207
2019,グローバルＸ　米国優先証券　ＥＴＦ（隔月分配型）,ETF・ETN,ETF・他,56,6,9,0,10,0,9,0,10,0,9,0,9,0,960
201A,ｉシェアーズ　Ｎｉｆｔｙ　５０　インド株　ＥＴＦ,ETF・ETN,ETF・他,1.2,2,0,0.6,0,0,0,0,0,0.6,0,0,0,0,168
2031,ＮＥＸＴ　ＮＯＴＥＳ　香港ハンセン・ダブル・ブル　ＥＴＮ,ETF・ETN,ETF・他,,,0,0,0,0,0,0,0,0,0,0,0,0,7071
2032,ＮＥＸＴ　ＮＯＴＥＳ　香港ハンセン・ベア　ＥＴＮ,ETF・ETN,ETF・他,,,0,0,0,0,0,0,0,0,0,0,0,0,6345
2033,ＮＥＸＴ　ＮＯＴＥＳ　韓国ＫＯＳＰＩ・ダブル・ブル　ＥＴＮ,ETF・ETN,ETF・他,,,0,0,0,0,0,0,0,0,0,0,0,0,77450
2034,ＮＥＸＴ　ＮＯＴＥＳ　韓国ＫＯＳＰＩ・ベア　ＥＴＮ,ETF・ETN,ETF・他,,,0,0,0,0,0,0,0,0,0,0,0,0,1940
2036,ＮＥＸＴ　ＮＯＴＥＳ　金先物　ダブル・ブル　ＥＴＮ,ETF・ETN,ETF・他,,,0,0,0,0,0,0,0,0,0,0,0,0,142200
2037,ＮＥＸＴ　ＮＯＴＥＳ　金先物　ベア　ＥＴＮ,ETF・ETN,ETF・他,,,0,0,0,0,0,0,0,0,0,0,0,0,1326
2038,ＮＥＸＴ　ＮＯＴＥＳ　ドバイ原油先物　ダブル・ブル　ＥＴＮ,ETF・ETN,ETF・他,,,0,0,0,0,0,0,0,0,0,0,0,0,3227
2039,ＮＥＸＴ　ＮＯＴＥＳ　ドバイ原油先物　ベア　ＥＴＮ,ETF・ETN,ETF・他,,,0,0,0,0,0,0,0,0,0,0,0,0,432
2040,ＮＥＸＴ　ＮＯＴＥＳ　ＮＹダウ・ダブル・ブル・ドルヘッジ　ＥＴＮ,ETF・ETN,ETF・他,,,0,0,0,0,0,0,0,0,0,0,0,0,36900
2041,ＮＥＸＴ　ＮＯＴＥＳ　ＮＹダウ・ベア・ドルヘッジ　ＥＴＮ,ETF・ETN,ETF・他,,,0,0,0,0,0,0,0,0,0,0,0,0,2012
2042,ＮＥＸＴ　ＮＯＴＥＳ　東証グロース市場２５０　ＥＴＮ,ETF・ETN,ETF・他,,,0,0,0,0,0,0,0,0,0,0,0,0,8399
2043,ＮＥＸＴ　ＮＯＴＥＳ　ＳＴＯＸＸ　アセアン好配当５０（円、ネットリターン）ＥＴＮ,ETF・ETN,ETF・他,,,0,0,0,0,0,0,0,0,0,0,0,0,30200
2044,ＮＥＸＴ　ＮＯＴＥＳ　Ｓ＆Ｐ５００　配当貴族（ネットリターン）　ＥＴＮ,ETF・ETN,ETF・他,,,0,0,0,0,0,0,0,0,0,0,0,0,33190
2045,ＮＥＸＴ　ＮＯＴＥＳ　Ｓ＆Ｐ　シンガポール　リート（ネットリターン）　ＥＴＮ,ETF・ETN,ETF・他,,,0,0,0,0,0,0,0,0,0,0,0,0,18510
2046,ＮＥＸＴ　ＮＯＴＥＳ　インドＮｉｆｔｙ・ダブル・ブル　ＥＴＮ,ETF・ETN,ETF・他,,,0,0,0,0,0,0,0,0,0,0,0,0,21400
2047,ＮＥＸＴ　ＮＯＴＥＳ　インドＮｉｆｔｙ・ベア　ＥＴＮ,ETF・ETN,ETF・他,,,0,0,0,0,0,0,0,0,0,0,0,0,3562
2048,ＮＥＸＴ　ＮＯＴＥＳ　野村日本株高配当７０（ドルヘッジ、ネットリターン）ＥＴＮ,ETF・ETN,ETF・他,,,0,0,0,0,0,0,0,0,0,0,0,0,57610
2050,ＮＥＸＴ　ＮＯＴＥＳ　ニッチトップ　中小型日本株（ネットリターン）ＥＴＮ,ETF・ETN,ETF・他,,,0,0,0,0,0,0,0,0,0,0,0,0,33040
2053,中部飼料,プライム（内国株式）,食料品,65,2,0,0,0,0,0,32.5,0,0,0,0,0,32.5,1914
2055,日和産業,スタンダード（内国株式）,食料品,6,1,0,0,0,0,0,6,0,0,0,0,0,0,345
205A,ロゴスホールディングス,グロース（内国株式）,建設業,45.33,1,0,0,0,0,0,0,0,45.33,0,0,0,0,1608
2060,フィード・ワン,プライム（内国株式）,食料品,45.5,2,0,0,0,0,0,22.75,0,0,0,0,0,22.75,1413
2065,ＮＥＸＴ　ＮＯＴＥＳ　日本株配当貴族（ドルヘッジ、ネットリターン）ＥＴＮ,ETF・ETN,ETF・他,,,0,0,0,0,0,0,0,0,0,0,0,0,55640
2066,ＮＥＸＴ　ＮＯＴＥＳ　東証ＲＥＩＴ（ドルヘッジ、ネットリターン）ＥＴＮ,ETF・ETN,ETF・他,,,0,0,0,0,0,0,0,0,0,0,0,0,22860
2067,ＮＥＸＴ　ＮＯＴＥＳ　野村ＡＩビジネス７０（ネットリターン）ＥＴＮ,ETF・ETN,ETF・他,,,0,0,0,0,0,0,0,0,0,0,0,0,29350
2068,ＮＥＸＴ　ＮＯＴＥＳ　高ベータ３０（ネットリターン）ＥＴＮ,ETF・ETN,ETF・他,,,0,0,0,0,0,0,0,0,0,0,0,0,39800
2069,ＮＥＸＴ　ＮＯＴＥＳ　低ベータ５０（ネットリターン）ＥＴＮ,ETF・ETN,ETF・他,,,0,0,0,0,0,0,0,0,0,0,0,0,22235
206A,ＰＲＩＳＭ　ＢｉｏＬａｂ,グロース（内国株式）,医薬品,,,0,0,0,0,0,0,0,0,0,0,0,0,141
2070,スマートＥＳＧ３０女性活躍（ネットリターン）ＥＴＮ,ETF・ETN,ETF・他,,,0,0,0,0,0,0,0,0,0,0,0,0,16935
2071,スマートＥＳＧ３０総合（ネットリターン）ＥＴＮ,ETF・ETN,ETF・他,,,0,0,0,0,0,0,0,0,0,0,0,0,20630
2072,トップシェアインデックス（ネットリターン）ＥＴＮ,ETF・ETN,ETF・他,,,0,0,0,0,0,0,0,0,0,0,0,0,22430
2073,スマートＥＳＧ３０低カーボンリスク（ネットリターン）ＥＴＮ,ETF・ETN,ETF・他,,,0,0,0,0,0,0,0,0,0,0,0,0,15860
2080,ＰＢＲ１倍割れ解消推進ＥＴＦ,ETF・ETN,ETF・他,36.87,1,0,0,0,0,0,0,0,0,36.87,0,0,0,2060
2081,政策保有解消推進ＥＴＦ,ETF・ETN,ETF・他,23.26,1,0,0,0,0,0,0,0,0,23.26,0,0,0,2202
2082,投資家経営者一心同体ＥＴＦ,ETF・ETN,ETF・他,,,0,0,0,0,0,0,0,0,0,0,0,0,1288
2083,ＮＥＸＴ　ＦＵＮＤＳ　日本成長株アクティブ上場投信,ETF・ETN,ETF・他,35,2,15,0,0,0,0,0,20,0,0,0,0,0,4107
2084,ＮＥＸＴ　ＦＵＮＤＳ　日本高配当株アクティブ上場投信,ETF・ETN,ETF・他,85,4,2,0,0,45,0,0,3,0,0,35,0,0,3893
2085,ＭＡＸＩＳ高配当日本株アクティブ上場投信,ETF・ETN,ETF・他,23.4,3,1.4,0,0,12,0,0,0,0,0,10,0,0,769.599976
2086,ＮＺＡＭ　上場投信　Ｓ＆Ｐ５００（為替ヘッジあり）,ETF・ETN,ETF・他,28.8,2,0,0,0,14.9,0,0,0,0,0,13.9,0,0,3110
2087,ＮＺＡＭ　上場投信　ＮＡＳＤＡＱ１００（為替ヘッジあり）,ETF・ETN,ETF・他,11.8,2,0,0,0,5.9,0,0,0,0,0,5.9,0,0,3646
2088,ＮＺＡＭ　上場投信　ＮＹダウ３０（為替ヘッジあり）,ETF・ETN,ETF・他,34,2,0,0,0,14.4,0,0,0,0,0,19.6,0,0,2579
2089,ＮＺＡＭ　上場投信　ＤＡＸ（為替ヘッジあり）,ETF・ETN,ETF・他,18.1,1,0,0,0,0,0,0,0,0,0,0,18.1,0,2796
208A,構造計画研究所ホールディングス,スタンダード（内国株式）,情報・通信業,90,2,0,0,45,0,0,0,0,0,45,0,0,0,2850
2090,ＮＺＡＭ　上場投信　米国国債７－１０年（為替ヘッジあり）,ETF・ETN,ETF・他,140.6,2,0,0,0,0,67.9,0,0,0,0,0,72.7,0,4137
2091,ＮＺＡＭ　上場投信　ドイツ国債７－１０年（為替ヘッジあり）,ETF・ETN,ETF・他,100.7,2,0,0,0,0,51.5,0,0,0,0,0,49.2,0,4419
2092,ＮＺＡＭ　上場投信　フランス国債７－１０年（為替ヘッジあり）,ETF・ETN,ETF・他,136.5,2,0,0,0,0,70,0,0,0,0,0,66.5,0,4332
2093,上場Ｔｒａｃｅｒｓ　米国債０－２年ラダー（為替ヘッジなし）,ETF・ETN,ETF・他,168,4,0,40,0,0,25,0,0,30,0,0,73,0,5265
2094,東証ＲＥＩＴインバースＥＴＦ,ETF・ETN,ETF・他,,,0,0,0,0,0,0,0,0,0,0,0,0,839
2095,グローバルＸ　Ｓ＆Ｐ５００配当貴族　ＥＴＦ（為替ヘッジあり）,ETF・ETN,ETF・他,22,6,3,0,2,0,3,0,4,0,4,0,6,0,1119
2096,グローバルＸ　オフィス・Ｊ－ＲＥＩＴ　ＥＴＦ,ETF・ETN,ETF・他,69,5,0,43,0,8,0,4,0,5,0,9,0,0,940
2097,グローバルＸ　レジデンシャル・Ｊ－ＲＥＩＴ　ＥＴＦ,ETF・ETN,ETF・他,33,6,0,9,0,6,0,9,0,4,0,4,0,1,868
2098,グローバルＸ　ホテル＆リテール・Ｊ－ＲＥＩＴ　ＥＴＦ,ETF・ETN,ETF・他,110,6,0,82,0,7,0,2,0,11,0,6,0,2,914
2108,日本甜菜製糖,プライム（内国株式）,食料品,53.333333,1,0,0,0,0,0,53.333333,0,0,0,0,0,0,1753
2109,ＤＭ三井製糖,プライム（内国株式）,食料品,130,2,0,0,0,0,0,65,0,0,0,0,0,65,3745
210A,ｉＦｒｅｅＥＴＦ　日経高利回りＲＥＩＴ指数,ETF・ETN,ETF・他,78,4,0,0,32,0,0,11,0,0,26,0,0,9,1471
2112,塩水港精糖,スタンダード（内国株式）,食料品,20,1,0,0,0,0,0,20,0,0,0,0,0,0,451
2114,フジ日本,スタンダード（内国株式）,食料品,18,2,0,0,0,0,0,9,0,0,0,0,0,9,634
2117,ウェルネオシュガー,プライム（内国株式）,食料品,119,2,0,0,0,0,0,59.5,0,0,0,0,0,59.5,2684
211A,カドス・コーポレーション,スタンダード（内国株式）,建設業,150,1,0,0,0,0,0,0,0,0,0,150,0,0,3115
2120,ＬＩＦＵＬＬ,プライム（内国株式）,サービス業,10.41,1,0,0,0,0,0,0,0,0,0,0,0,10.41,234
2121,ＭＩＸＩ,プライム（内国株式）,情報・通信業,120,2,0,0,0,0,0,60,0,0,0,0,0,60,3695
2122,インタースペース,スタンダード（内国株式）,サービス業,30,1,0,0,0,0,0,0,0,0,0,0,0,30,1317
2124,ジェイエイシーリクルートメント,プライム（内国株式）,サービス業,36,1,0,0,36,0,0,0,0,0,0,0,0,0,1045
2127,日本Ｍ＆Ａセンターホールディングス,プライム（内国株式）,サービス業,29,2,0,0,0,0,0,14.5,0,0,0,0,0,14.5,620.700012
212A,フィットイージー,プライム（内国株式）,サービス業,25,1,25,0,0,0,0,0,0,0,0,0,0,0,2798
2130,メンバーズ,プライム（内国株式）,サービス業,33,1,0,0,0,0,0,33,0,0,0,0,0,0,693
2134,北浜キャピタルパートナーズ,スタンダード（内国株式）,サービス業,,,0,0,0,0,0,0,0,0,0,0,0,0,18
2136,ヒップ,スタンダード（内国株式）,サービス業,70,1,0,0,0,0,0,70,0,0,0,0,0,0,1407
2138,クルーズ,スタンダード（内国株式）,情報・通信業,15,1,0,0,0,0,0,15,0,0,0,0,0,0,415
2139,中広,スタンダード（内国株式）,サービス業,12,1,0,0,0,0,0,12,0,0,0,0,0,0,486
213A,上場インデックスファンド日経半導体株,ETF・ETN,ETF・他,1.8,2,1.4,0,0,0,0,0,0.4,0,0,0,0,0,444.100006
2146,ＵＴグループ,プライム（内国株式）,サービス業,12.25,2,0,0,0,0,0,6.125,0,0,0,0,0,6.125,241
2148,アイティメディア,プライム（内国株式）,サービス業,100,1,0,0,0,0,0,100,0,0,0,0,0,0,1113
2152,幼児活動研究会,スタンダード（内国株式）,サービス業,26,1,0,0,0,0,0,26,0,0,0,0,0,0,1481
2153,Ｅ・Ｊホールディングス,プライム（内国株式）,サービス業,67,2,0,33.5,0,0,0,0,0,33.5,0,0,0,0,1849
2154,オープンアップグループ,プライム（内国株式）,サービス業,75,2,0,0,37.5,0,0,0,0,0,37.5,0,0,0,1955
2156,セーラー広告,スタンダード（内国株式）,サービス業,6,1,0,0,0,0,0,6,0,0,0,0,0,0,269
2157,コシダカホールディングス,プライム（内国株式）,サービス業,24,2,0,0,0,0,12,0,0,0,0,0,12,0,985
2158,ＦＲＯＮＴＥＯ,グロース（内国株式）,サービス業,7,1,0,0,0,0,0,7,0,0,0,0,0,0,680
215A,タイミー,グロース（内国株式）,サービス業,,,0,0,0,0,0,0,0,0,0,0,0,0,1435
2160,ジーエヌアイグループ,グロース（内国株式）,医薬品,,,0,0,0,0,0,0,0,0,0,0,0,0,3455
2163,アルトナー,プライム（内国株式）,サービス業,42,2,0,0,0,21,0,0,0,0,0,21,0,0,938
2164,地域新聞社,スタンダード（内国株式）,サービス業,3,1,0,0,0,0,0,0,0,0,0,0,3,0,104
2168,パソナグループ,プライム（内国株式）,サービス業,75,1,0,0,0,0,0,0,0,75,0,0,0,0,1468
2169,ＣＤＳ,スタンダード（内国株式）,サービス業,74,2,0,0,37,0,0,0,0,0,37,0,0,0,1742
2170,リンクアンドモチベーション,プライム（内国株式）,サービス業,16,2,0,0,8,0,0,0,0,0,8,0,0,0,608
2173,博展,グロース（内国株式）,サービス業,30,2,0,0,15,0,0,0,0,0,15,0,0,0,781
2175,エス・エム・エス,プライム（内国株式）,サービス業,29.5,1,0,0,0,0,0,29.5,0,0,0,0,0,0,2638
2179,成学社,スタンダード（内国株式）,サービス業,22,2,0,0,0,0,0,11,0,0,0,0,0,11,823
2181,パーソルホールディングス,プライム（内国株式）,サービス業,11.5,2,0,0,0,0,0,5.75,0,0,0,0,0,5.75,278.700012
2183,リニカル,スタンダード（内国株式）,サービス業,8,1,0,0,0,0,0,8,0,0,0,0,0,0,203
2185,シイエム・シイ,スタンダード（内国株式）,サービス業,52,2,0,0,0,0,0,26,0,0,0,0,0,26,1878
2186,ソーバル,スタンダード（内国株式）,サービス業,33,2,0,0,0,0,16.5,0,0,0,0,0,16.5,0,895
218A,Ｌｉｂｅｒａｗａｒｅ,グロース（内国株式）,精密機器,,,0,0,0,0,0,0,0,0,0,0,0,0,1048
2193,クックパッド,スタンダード（内国株式）,サービス業,,,0,0,0,0,0,0,0,0,0,0,0,0,122
2195,アミタホールディングス,グロース（内国株式）,サービス業,5,1,0,0,5,0,0,0,0,0,0,0,0,0,385
2198,アイ・ケイ・ケイホールディングス,プライム（内国株式）,サービス業,24,1,24,0,0,0,0,0,0,0,0,0,0,0,757
219A,Ｈｅａｒｔｓｅｅｄ,グロース（内国株式）,医薬品,,,0,0,0,0,0,0,0,0,0,0,0,0,2733
2201,森永製菓,プライム（内国株式）,食料品,65,2,0,0,0,0,0,32.5,0,0,0,0,0,32.5,2366
2204,中村屋,スタンダード（内国株式）,食料品,75,1,0,0,0,0,0,75,0,0,0,0,0,0,3020
2206,江崎グリコ,プライム（内国株式）,食料品,95,2,0,0,47.5,0,0,0,0,0,47.5,0,0,0,5021
2207,ｍｅｉｔｏ,プライム（内国株式）,食料品,55,2,0,0,0,0,0,27.5,0,0,0,0,0,27.5,3370
2208,ブルボン,スタンダード（内国株式）,食料品,42,2,0,0,0,0,0,21,0,0,0,0,0,21,3015
2209,井村屋グループ,プライム（内国株式）,食料品,38,1,0,0,0,0,0,38,0,0,0,0,0,0,2283
220A,Ｆａｂｅｒ　Ｃｏｍｐａｎｙ,スタンダード（内国株式）,情報・通信業,30,1,0,0,0,0,0,0,0,0,0,0,0,30,925
2211,不二家,プライム（内国株式）,食料品,30,1,0,0,30,0,0,0,0,0,0,0,0,0,2475
2212,山崎製パン,プライム（内国株式）,食料品,60,1,0,0,60,0,0,0,0,0,0,0,0,0,3608
2215,第一屋製パン,スタンダード（内国株式）,食料品,,,0,0,0,0,0,0,0,0,0,0,0,0,612
2216,カンロ,スタンダード（内国株式）,食料品,32,2,0,0,16,0,0,0,0,0,16,0,0,0,1039
2217,モロゾフ,プライム（内国株式）,食料品,16,2,0,0,0,8,0,0,0,0,0,8,0,0,1450
221A,ＭＡＸＩＳ日経半導体株上場投信,ETF・ETN,ETF・他,4.7,2,3.7,0,0,0,0,0,1,0,0,0,0,0,1264.5
2220,亀田製菓,プライム（内国株式）,食料品,66,2,0,0,0,0,0,33,0,0,0,0,0,33,1253
2221,岩塚製菓,スタンダード（内国株式）,食料品,32,1,0,0,0,0,0,32,0,0,0,0,0,0,3015
2222,寿スピリッツ,プライム（内国株式）,食料品,35,1,0,0,0,0,0,35,0,0,0,0,0,0,2526
2224,コモ,スタンダード（内国株式）,食料品,7,1,0,0,0,0,0,7,0,0,0,0,0,0,3800
2226,湖池屋,スタンダード（内国株式）,食料品,55,1,0,0,0,0,0,55,0,0,0,0,0,0,4720
2229,カルビー,プライム（内国株式）,食料品,66,1,0,0,0,0,0,66,0,0,0,0,0,0,3037
2235,上場インデックスファンド米国株式（ダウ平均）為替ヘッジなし,ETF・ETN,ETF・他,66,2,29,0,0,0,0,0,37,0,0,0,0,0,3556
2236,グローバルＸ　Ｓ＆Ｐ５００配当貴族ＥＴＦ,ETF・ETN,ETF・他,27,6,5,0,4,0,4,0,5,0,5,0,4,0,1416
2237,ｉＦｒｅｅＥＴＦ　Ｓ＆Ｐ５００レバレッジ,ETF・ETN,ETF・他,10.9,2,0,0,3.9,0,0,0,0,0,7,0,0,0,2512
2238,ｉＦｒｅｅＥＴＦ　Ｓ＆Ｐ５００インバース,ETF・ETN,ETF・他,,,0,0,0,0,0,0,0,0,0,0,0,0,5160
2239,上場インデックスファンドＳ＆Ｐ５００先物レバレッジ２倍,ETF・ETN,ETF・他,,,0,0,0,0,0,0,0,0,0,0,0,0,27440
223A,グローバルＸ　ＡＩ＆ビッグデータ　ＥＴＦ,ETF・ETN,ETF・他,1,1,1,0,0,0,0,0,0,0,0,0,0,0,1896
2240,上場インデックスファンドＳ＆Ｐ５００先物インバース,ETF・ETN,ETF・他,,,0,0,0,0,0,0,0,0,0,0,0,0,5208
2241,ＭＡＸＩＳ　ＮＹダウ上場投信,ETF・ETN,ETF・他,13.8,2,0,0,0,0,4.3,0,0,0,0,0,9.5,0,906.200012
2242,ＭＡＸＩＳ　ＮＹダウ上場投信（為替ヘッジあり）,ETF・ETN,ETF・他,6.6,2,0,0,0,0,2.2,0,0,0,0,0,4.4,0,661
2243,グローバルＸ　半導体　ＥＴＦ,ETF・ETN,ETF・他,2,2,0,0,1,0,0,0,0,0,1,0,0,0,4949
2244,グローバルＸ　ＵＳ　テック・トップ２０　ＥＴＦ,ETF・ETN,ETF・他,,,0,0,0,0,0,0,0,0,0,0,0,0,3847
2245,ＮＥＸＴ　ＦＵＮＤＳ　ブルームバーグ・ドイツ国債（７－１０年）インデックス（為替ヘッジあり）連動型上場投信,ETF・ETN,ETF・他,16.6,4,0,0,4.1,0,0,4.4,0,0,3.9,0,0,4.2,685.700012
2247,ｉＦｒｅｅＥＴＦ　Ｓ＆Ｐ５００（為替ヘッジなし）,ETF・ETN,ETF・他,16,2,0,0,8,0,0,0,0,0,8,0,0,0,2328
2248,ｉＦｒｅｅＥＴＦ　Ｓ＆Ｐ５００（為替ヘッジあり）,ETF・ETN,ETF・他,29,2,0,0,17,0,0,0,0,0,12,0,0,0,2795
2249,ｉＦｒｅｅＥＴＦ　Ｓ＆Ｐ５００ダブルインバース,ETF・ETN,ETF・他,53,2,0,0,25,0,0,0,0,0,28,0,0,0,9081
224A,グローバルＸ　ウラニウムビジネス　ＥＴＦ,ETF・ETN,ETF・他,46,1,46,0,0,0,0,0,0,0,0,0,0,0,1513
2250,ｉシェアーズ　ＭＳＣＩ　ジャパン気候変動アクション　ＥＴＦ,ETF・ETN,ETF・他,7,2,0,3.9,0,0,0,0,0,3.1,0,0,0,0,384.299988
2251,ＮＥＸＴ　ＦＵＮＤＳ　ＪＰＸ国債先物ダブルインバース指数連動型上場投信,ETF・ETN,ETF・他,,,0,0,0,0,0,0,0,0,0,0,0,0,928.5
2252,グローバルＸ　Ｍｏｒｎｉｎｇｓｔａｒ　米国中小型　Ｍｏａｔ　ＥＴＦ,ETF・ETN,ETF・他,11,2,0,0,7,0,0,0,0,0,4,0,0,0,1371
2253,グローバルＸ　スーパーディビィデンド－ＵＳ　ＥＴＦ,ETF・ETN,ETF・他,73,6,10,0,10,0,12,0,14,0,12,0,15,0,1292
2254,グローバルＸ　チャイナＥＶ＆バッテリー　ＥＴＦ,ETF・ETN,ETF・他,,,0,0,0,0,0,0,0,0,0,0,0,0,958
2255,ｉシェアーズ　米国債２０年超　ＥＴＦ,ETF・ETN,ETF・他,8.3,4,1.9,0,0,2.2,0,0,2.1,0,0,2.1,0,0,188.600006
2256,ｉシェアーズ　米国総合債券　ＥＴＦ,ETF・ETN,ETF・他,7.5,4,1.9,0,0,1.6,0,0,2,0,0,2,0,0,214
2257,ｉシェアーズ　米ドル建て投資適格社債　ＥＴＦ,ETF・ETN,ETF・他,8.9,4,1.8,0,0,2.3,0,0,2.4,0,0,2.4,0,0,214.899994
2258,ｉシェアーズ　米ドル建てハイイールド社債　ＥＴＦ,ETF・ETN,ETF・他,13.8,4,3.3,0,0,3.8,0,0,3.3,0,0,3.4,0,0,221
2259,ｉシェアーズ　フランス国債７－１０年　ＥＴＦ（為替ヘッジあり）,ETF・ETN,ETF・他,7.1,4,1.4,0,0,1.5,0,0,2.8,0,0,1.4,0,0,171.699997
2264,森永乳業,プライム（内国株式）,食料品,100,2,0,0,0,0,0,50,0,0,0,0,0,50,1061
2266,六甲バター,プライム（内国株式）,食料品,20,1,0,0,20,0,0,0,0,0,0,0,0,0,1079
2267,ヤクルト本社,プライム（内国株式）,食料品,70,2,0,0,0,0,0,35,0,0,0,0,0,35,2733
2268,Ｂ－Ｒ　サーティワン　アイスクリーム,スタンダード（内国株式）,食料品,80,2,0,0,40,0,0,0,0,0,40,0,0,0,4050
2269,明治ホールディングス,プライム（内国株式）,食料品,105,2,0,0,0,0,0,52.5,0,0,0,0,0,52.5,4166
2270,雪印メグミルク,プライム（内国株式）,食料品,100,1,0,0,0,0,0,100,0,0,0,0,0,0,3485
2281,プリマハム,プライム（内国株式）,食料品,80,2,0,0,0,0,0,40,0,0,0,0,0,40,2276
2282,日本ハム,プライム（内国株式）,食料品,53.333333,1,0,0,0,0,0,53.333333,0,0,0,0,0,0,2008.5
2286,林兼産業,スタンダード（内国株式）,食料品,43,1,0,0,0,0,0,43,0,0,0,0,0,0,891
2288,丸大食品,プライム（内国株式）,食料品,70,1,0,0,0,0,0,70,0,0,0,0,0,0,2131
228A,オプロ,グロース（内国株式）,情報・通信業,,,0,0,0,0,0,0,0,0,0,0,0,0,1747
2291,福留ハム,スタンダード（内国株式）,食料品,15,1,0,0,0,0,0,15,0,0,0,0,0,0,508
2292,Ｓ　Ｆｏｏｄｓ,プライム（内国株式）,食料品,104,2,0,0,0,0,52,0,0,0,0,0,52,0,2632
2293,滝沢ハム,スタンダード（内国株式）,食料品,20,1,0,0,0,0,0,20,0,0,0,0,0,0,2657
2294,柿安本店,プライム（内国株式）,食料品,85,1,0,0,0,0,0,0,85,0,0,0,0,0,2450
2296,伊藤ハム米久ホールディングス,プライム（内国株式）,食料品,320,2,0,0,0,0,0,160,0,0,0,0,0,160,4850
2300,きょくとう,スタンダード（内国株式）,サービス業,11,2,0,0,0,0,5.5,0,0,0,0,0,5.5,0,506
2301,学情,プライム（内国株式）,サービス業,67,2,33.5,0,0,0,0,0,33.5,0,0,0,0,0,1700
2303,ドーン,スタンダード（内国株式）,情報・通信業,24,1,0,0,0,0,0,0,0,24,0,0,0,0,1340
2304,ＣＳＳホールディングス,スタンダード（内国株式）,サービス業,45,2,0,0,0,0,0,22.5,0,0,0,0,0,22.5,898
2305,スタジオアリス,スタンダード（内国株式）,サービス業,50,1,0,0,0,0,50,0,0,0,0,0,0,0,1785
2307,クロスキャット,プライム（内国株式）,情報・通信業,37,1,0,0,0,0,0,37,0,0,0,0,0,0,1046
2311,エプコ,スタンダード（内国株式）,サービス業,35,2,0,0,17.5,0,0,0,0,0,17.5,0,0,0,783
2315,ＣＡＩＣＡ　ＤＩＧＩＴＡＬ,スタンダード（内国株式）,情報・通信業,,,0,0,0,0,0,0,0,0,0,0,0,0,66
2317,システナ,プライム（内国株式）,情報・通信業,14,2,0,0,0,0,0,7,0,0,0,0,0,7,425
2321,ソフトフロントホールディングス,グロース（内国株式）,情報・通信業,,,0,0,0,0,0,0,0,0,0,0,0,0,138
2323,ｆｏｎｆｕｎ,スタンダード（内国株式）,情報・通信業,,,0,0,0,0,0,0,0,0,0,0,0,0,352
2325,ＮＪＳ,プライム（内国株式）,サービス業,105,2,0,0,52.5,0,0,0,0,0,52.5,0,0,0,4455
2326,デジタルアーツ,プライム（内国株式）,情報・通信業,95,2,0,0,0,0,0,47.5,0,0,0,0,0,47.5,5330
2327,日鉄ソリューションズ,プライム（内国株式）,情報・通信業,85,2,0,0,0,0,0,42.5,0,0,0,0,0,42.5,3784
2329,東北新社,スタンダード（内国株式）,情報・通信業,27.06,1,0,0,0,0,0,27.06,0,0,0,0,0,0,473
2330,フォーサイド,スタンダード（内国株式）,情報・通信業,,,0,0,0,0,0,0,0,0,0,0,0,0,81
2331,ＡＬＳＯＫ,プライム（内国株式）,サービス業,29.2,2,0,0,0,0,0,14.6,0,0,0,0,0,14.6,1150.5
2332,クエスト,スタンダード（内国株式）,情報・通信業,58,1,0,0,0,0,0,58,0,0,0,0,0,0,1760
2334,イオレ,グロース（内国株式）,サービス業,,,0,0,0,0,0,0,0,0,0,0,0,0,590
2335,キューブシステム,プライム（内国株式）,情報・通信業,46,2,0,0,0,0,0,23,0,0,0,0,0,23,1011
2337,いちご,プライム（内国株式）,不動産業,11.5,1,0,0,0,0,11.5,0,0,0,0,0,0,0,384
2338,クオンタムソリューションズ,スタンダード（内国株式）,情報・通信業,,,0,0,0,0,0,0,0,0,0,0,0,0,105
233A,ｉＦｒｅｅＥＴＦ　インドＮｉｆｔｙ５０,ETF・ETN,ETF・他,12,2,0,0,2,0,0,0,0,0,10,0,0,0,1733
2340,極楽湯ホールディングス,スタンダード（内国株式）,サービス業,6,1,0,0,0,0,0,6,0,0,0,0,0,0,511
2341,アルバイトタイムス,スタンダード（内国株式）,サービス業,5,1,0,0,0,0,5,0,0,0,0,0,0,0,180
2342,トランスジェニックグループ,スタンダード（内国株式）,サービス業,3,1,0,0,0,0,0,3,0,0,0,0,0,0,239
2345,ＨＯＤＬ１,スタンダード（内国株式）,情報・通信業,1.75,1,1.75,0,0,0,0,0,0,0,0,0,0,0,88
2349,エヌアイデイ,スタンダード（内国株式）,情報・通信業,29,1,0,0,0,0,0,29,0,0,0,0,0,0,2499
234A,グローバルＸ　ＭＳＣＩ　キャッシュフローキング－日本株式　ＥＴＦ,ETF・ETN,ETF・他,38,2,0,10,0,0,0,0,0,28,0,0,0,0,1469
2351,ＡＳＪ,スタンダード（内国株式）,情報・通信業,3,1,0,0,0,0,0,3,0,0,0,0,0,0,332
2353,日本駐車場開発,プライム（内国株式）,不動産業,8,1,0,0,0,0,0,0,0,0,0,8,0,0,257
2354,ＹＥ　ＤＩＧＩＴＡＬ,スタンダード（内国株式）,情報・通信業,20,2,0,0,0,0,10,0,0,0,0,0,10,0,1168
2359,コア,プライム（内国株式）,情報・通信業,60,2,0,0,0,0,0,30,0,0,0,0,0,30,1993
235A,グローバルＸ　高配当３０－日本株式　ＥＴＦ,ETF・ETN,ETF・他,37,4,0,4,0,0,14,0,0,3,0,0,16,0,1432
236A,ｉシェアーズ　日本国債７－１０年　ＥＴＦ,ETF・ETN,ETF・他,5.7,4,1.4,0,0,1.5,0,0,1.5,0,0,1.3,0,0,432.600006
2370,メディネット,グロース（内国株式）,サービス業,,,0,0,0,0,0,0,0,0,0,0,0,0,24
2371,カカクコム,プライム（内国株式）,サービス業,50,2,0,0,0,0,0,25,0,0,0,0,0,25,3804
2373,ケア２１,スタンダード（内国株式）,サービス業,17,2,8.5,0,0,0,0,0,8.5,0,0,0,0,0,432
2375,ギグワークス,スタンダード（内国株式）,サービス業,2,1,2,0,0,0,0,0,0,0,0,0,0,0,208
2376,サイネックス,スタンダード（内国株式）,サービス業,15,1,0,0,0,0,0,15,0,0,0,0,0,0,772
2378,ルネサンス,プライム（内国株式）,サービス業,13,2,0,0,0,0,0,6.5,0,0,0,0,0,6.5,966
2379,ディップ,プライム（内国株式）,サービス業,95,2,0,0,0,0,47.5,0,0,0,0,0,47.5,0,1758
237A,ｉシェアーズ　米国債２５年超　ロングデュレーション　ＥＴＦ,ETF・ETN,ETF・他,14.6,4,3.2,0,0,4,0,0,4.1,0,0,3.3,0,0,132.199997
2384,ＳＢＳホールディングス,プライム（内国株式）,陸運業,90,1,0,0,90,0,0,0,0,0,0,0,0,0,5190
2385,総医研ホールディングス,グロース（内国株式）,サービス業,5,1,0,0,0,0,0,0,0,0,5,0,0,0,222
2388,ウェッジホールディングス,グロース（内国株式）,その他金融業,,,0,0,0,0,0,0,0,0,0,0,0,0,12
238A,ｉシェアーズ　米国債２５年超　ロングデュレーション　ＥＴＦ（為替ヘッジあり）,ETF・ETN,ETF・他,12.7,4,2.7,0,0,3.5,0,0,3.3,0,0,3.2,0,0,109.199997
2391,プラネット,スタンダード（内国株式）,サービス業,43.5,2,0,0,0,21.75,0,0,0,0,0,21.75,0,0,1166
2393,日本ケアサプライ,スタンダード（内国株式）,サービス業,72,1,0,0,0,0,0,72,0,0,0,0,0,0,4365
2395,新日本科学,プライム（内国株式）,サービス業,50,2,0,0,0,0,0,25,0,0,0,0,0,25,1439
2404,鉄人化ホールディングス,スタンダード（内国株式）,サービス業,5,2,0,0,0,0,2.5,0,0,0,0,0,2.5,0,529
2408,ＫＧ情報,スタンダード（内国株式）,サービス業,36,2,0,0,18,0,0,0,0,0,18,0,0,0,828
2410,キャリアデザインセンター,プライム（内国株式）,サービス業,100,1,0,0,0,0,0,0,0,0,0,0,0,100,2552
2411,ゲンダイエージェンシー,スタンダード（内国株式）,情報・通信業,24,2,0,0,0,0,0,12,0,0,0,0,0,12,458
2413,エムスリー,プライム（内国株式）,サービス業,22,1,0,0,0,0,0,22,0,0,0,0,0,0,1845.5
2415,ヒューマンホールディングス,スタンダード（内国株式）,サービス業,69,1,0,0,0,0,0,69,0,0,0,0,0,0,1602
2418,ツカダ・グローバルホールディング,スタンダード（内国株式）,サービス業,12,2,0,0,6,0,0,0,0,0,6,0,0,0,575
241A,ＲＯＸＸ,グロース（内国株式）,情報・通信業,,,0,0,0,0,0,0,0,0,0,0,0,0,476
2424,ブラス,スタンダード（内国株式）,サービス業,8,1,0,0,0,0,0,0,0,0,0,8,0,0,614
2425,ケアサービス,スタンダード（内国株式）,サービス業,22,1,0,0,0,0,0,22,0,0,0,0,0,0,678
2428,ウェルネット,スタンダード（内国株式）,サービス業,29,1,0,0,0,0,0,0,0,0,29,0,0,0,618
2429,ワールドホールディングス,プライム（内国株式）,サービス業,129.5,1,0,0,129.5,0,0,0,0,0,0,0,0,0,2827
2432,ディー・エヌ・エー,プライム（内国株式）,情報・通信業,66,1,0,0,0,0,0,66,0,0,0,0,0,0,2495
2433,博報堂ＤＹホールディングス,プライム（内国株式）,サービス業,32,2,0,0,0,0,0,16,0,0,0,0,0,16,1287.5
2435,シダー,スタンダード（内国株式）,サービス業,8,1,0,0,0,0,0,8,0,0,0,0,0,0,204
2436,共同ピーアール,スタンダード（内国株式）,サービス業,14,1,0,0,14,0,0,0,0,0,0,0,0,0,590
2437,Ｓｈｉｎｗａ　Ｗｉｓｅ　Ｈｏｌｄｉｎｇｓ,スタンダード（内国株式）,サービス業,7,2,0,3.5,0,0,0,0,0,3.5,0,0,0,0,632
2438,アスカネット,グロース（内国株式）,サービス業,7,1,0,0,0,0,0,0,7,0,0,0,0,0,340
2440,ぐるなび,スタンダード（内国株式）,サービス業,8,2,0,0,0,0,0,4,0,0,0,0,0,4,112
2445,タカミヤ,スタンダード（内国株式）,サービス業,16,2,0,0,0,0,0,8,0,0,0,0,0,8,382
2449,プラップジャパン,スタンダード（内国株式）,サービス業,41,1,0,0,0,0,0,0,0,0,0,0,41,0,1183
244A,グロースエクスパートナーズ,グロース（内国株式）,情報・通信業,,,0,0,0,0,0,0,0,0,0,0,0,0,1250
2454,オールアバウト,スタンダード（内国株式）,サービス業,1,1,0,0,0,0,0,1,0,0,0,0,0,0,328
2459,アウンコンサルティング,スタンダード（内国株式）,サービス業,,,0,0,0,0,0,0,0,0,0,0,0,0,173
245A,ＩＮＧＳ,グロース（内国株式）,小売業,,,0,0,0,0,0,0,0,0,0,0,0,0,2481
2461,ファンコミュニケーションズ,プライム（内国株式）,サービス業,27,2,0,0,13.5,0,0,0,0,0,13.5,0,0,0,379
2462,ライク,プライム（内国株式）,サービス業,60,2,0,30,0,0,0,0,0,30,0,0,0,0,1491
2464,Ａｏｂａ‐ＢＢＴ,スタンダード（内国株式）,サービス業,11,1,0,0,0,0,0,11,0,0,0,0,0,0,367
2469,ヒビノ,スタンダード（内国株式）,サービス業,42.5,2,0,0,0,0,0,21.25,0,0,0,0,0,21.25,1465
246A,アスア,グロース（内国株式）,サービス業,10.8,1,0,0,0,0,0,0,0,0,10.8,0,0,0,1100
2471,エスプール,プライム（内国株式）,サービス業,10,1,0,10,0,0,0,0,0,0,0,0,0,0,270
2475,ＷＤＢホールディングス,プライム（内国株式）,サービス業,62.5,2,0,0,0,0,0,31.25,0,0,0,0,0,31.25,1736
2477,手間いらず,スタンダード（内国株式）,情報・通信業,38,2,0,0,19,0,0,0,0,0,19,0,0,0,3255
2479,ジェイテック,スタンダード（内国株式）,サービス業,13,1,0,0,0,0,0,13,0,0,0,0,0,0,256
247A,Ａｉロボティクス,グロース（内国株式）,化学,,,0,0,0,0,0,0,0,0,0,0,0,0,906
2480,システム・ロケーション,スタンダード（内国株式）,情報・通信業,38,1,0,0,0,0,0,38,0,0,0,0,0,0,1733
2481,タウンニュース社,スタンダード（内国株式）,サービス業,20,1,0,0,0,0,0,0,0,0,20,0,0,0,715
2483,翻訳センター,スタンダード（内国株式）,サービス業,140,1,0,0,0,0,0,140,0,0,0,0,0,0,2232
2484,出前館,スタンダード（内国株式）,情報・通信業,1.8,1,0,0,0,0,0,0,0,0,0,0,1.8,0,151
2485,ティア,スタンダード（内国株式）,サービス業,20,2,0,0,0,0,0,10,0,0,0,0,0,10,431
2488,ＪＴＰ,スタンダード（内国株式）,サービス業,49,2,0,0,0,0,0,24.5,0,0,0,0,0,24.5,1391
2489,アドウェイズ,スタンダード（内国株式）,サービス業,6.42,1,0,0,6.42,0,0,0,0,0,0,0,0,0,415
248A,キッズスター,グロース（内国株式）,情報・通信業,,,0,0,0,0,0,0,0,0,0,0,0,0,805
2491,バリューコマース,プライム（内国株式）,サービス業,49,2,0,0,24.5,0,0,0,0,0,24.5,0,0,0,438
2492,インフォマート,プライム（内国株式）,サービス業,5.44,2,0,0,2.72,0,0,0,0,0,2.72,0,0,0,732
2493,イーサポートリンク,スタンダード（内国株式）,サービス業,5,1,0,5,0,0,0,0,0,0,0,0,0,0,945
2497,ユナイテッド,グロース（内国株式）,サービス業,23,2,0,0,0,0,0,11.5,0,0,0,0,0,11.5,494
2498,オリエンタルコンサルタンツホールディングス,スタンダード（内国株式）,サービス業,240,1,0,0,0,0,0,0,0,0,0,0,0,240,2988
2499,日本和装ホールディングス,スタンダード（内国株式）,サービス業,16,1,0,0,16,0,0,0,0,0,0,0,0,0,311
2501,サッポロビール,プライム（内国株式）,食料品,90,1,0,0,90,0,0,0,0,0,0,0,0,0,1841
2502,アサヒグループホールディングス,プライム（内国株式）,食料品,49,2,0,0,24.5,0,0,0,0,0,24.5,0,0,0,1577
2503,キリンホールディングス,プライム（内国株式）,食料品,74,2,0,0,37,0,0,0,0,0,37,0,0,0,2771.5
250A,シマダヤ,スタンダード（内国株式）,食料品,52,2,0,0,0,0,0,26,0,0,0,0,0,26,1528
2510,ＮＥＸＴ　ＦＵＮＤＳ　国内債券・ＮＯＭＵＲＡ－ＢＰＩ総合連動型上場投信,ETF・ETN,ETF・他,8,2,0,0,3.7,0,0,0,0,0,4.3,0,0,0,790
2511,ＮＥＸＴ　ＦＵＮＤＳ　外国債券・ＦＴＳＥ世界国債インデックス（除く日本・為替ヘッジなし）連動型上場投信,ETF・ETN,ETF・他,37.4,2,0,0,18.1,0,0,0,0,0,19.3,0,0,0,1124.5
2512,ＮＥＸＴ　ＦＵＮＤＳ　外国債券・ＦＴＳＥ世界国債インデックス（除く日本・為替ヘッジあり）連動型上場投信,ETF・ETN,ETF・他,20.9,2,0,0,11,0,0,0,0,0,9.9,0,0,0,704
2513,ＮＥＸＴ　ＦＵＮＤＳ　外国株式・ＭＳＣＩ－ＫＯＫＵＳＡＩ指数（為替ヘッジなし）連動型上場投信,ETF・ETN,ETF・他,33,2,0,0,13,0,0,0,0,0,20,0,0,0,3605
2514,ＮＥＸＴ　ＦＵＮＤＳ　外国株式・ＭＳＣＩ－ＫＯＫＵＳＡＩ指数（為替ヘッジあり）連動型上場投信,ETF・ETN,ETF・他,18,2,0,0,8,0,0,0,0,0,10,0,0,0,2056
2515,ＮＥＸＴ　ＦＵＮＤＳ　外国ＲＥＩＴ・Ｓ＆Ｐ先進国ＲＥＩＴ指数（除く日本・為替ヘッジなし）連動型上場投信,ETF・ETN,ETF・他,51,4,0,0,12,0,0,13,0,0,15,0,0,11,1549
2516,東証グロース２５０ＥＴＦ,ETF・ETN,ETF・他,,,0,0,0,0,0,0,0,0,0,0,0,0,640.099976
2517,ＭＡＸＩＳ　Ｊリート・コア上場投信,ETF・ETN,ETF・他,51.8,4,0,16.5,0,0,11.5,0,0,13.2,0,0,10.6,0,1012
2518,ＮＥＸＴ　ＦＵＮＤＳ　ＭＳＣＩ日本株女性活躍指数（セレクト）連動型上場投信,ETF・ETN,ETF・他,40,2,0,0,0,21,0,0,0,0,0,19,0,0,2484
2519,ＮＥＸＴ　ＦＵＮＤＳ　新興国債券・Ｊ．Ｐ．モルガン・エマージング・マーケット・ボンド・インデックス・プラス（為替ヘッジなし）連動型上場投信,ETF・ETN,ETF・他,61.8,2,0,0,29.8,0,0,0,0,0,32,0,0,0,1119.5
2520,ＮＥＸＴ　ＦＵＮＤＳ　新興国株式・ＭＳＣＩエマージング・マーケット・インデックス（為替ヘッジなし）連動型上場投信,ETF・ETN,ETF・他,35,2,0,0,10,0,0,0,0,0,25,0,0,0,2374
2521,上場インデックスファンド米国株式（Ｓ＆Ｐ５００）為替ヘッジあり,ETF・ETN,ETF・他,20,1,20,0,0,0,0,0,0,0,0,0,0,0,2202
2522,ｉシェアーズ　オートメーション　＆　ロボット　ＥＴＦ,ETF・ETN,ETF・他,14,2,0,1,0,0,0,0,0,13,0,0,0,0,9460
2523,ＭＡＸＩＳトピックス（除く金融）上場投信,ETF・ETN,ETF・他,65.2,2,19.5,0,0,0,0,0,45.7,0,0,0,0,0,3160
2524,ＮＺＡＭ　上場投信　ＴＯＰＩＸ,ETF・ETN,ETF・他,70.9,2,0,31.5,0,0,0,0,0,39.4,0,0,0,0,4288
2525,ＮＺＡＭ　上場投信　日経２２５,ETF・ETN,ETF・他,683,2,0,329,0,0,0,0,0,354,0,0,0,0,71210
2526,ＮＺＡＭ　上場投信　ＪＰＸ日経４００,ETF・ETN,ETF・他,653,2,0,312,0,0,0,0,0,341,0,0,0,0,38280
2527,ＮＺＡＭ　上場投信　東証ＲＥＩＴ　Ｃｏｒｅ指数,ETF・ETN,ETF・他,47.5,2,28.1,0,0,0,0,0,19.4,0,0,0,0,0,1026
2528,ｉＦｒｅｅＥＴＦ　東証ＲＥＩＴ　Ｃｏｒｅ指数,ETF・ETN,ETF・他,51,4,0,0,21,0,0,6,0,0,18,0,0,6,1002
2529,ＮＥＸＴ　ＦＵＮＤＳ　野村株主還元７０連動型上場投信,ETF・ETN,ETF・他,53,4,5,0,0,24,0,0,4,0,0,20,0,0,2362
2530,ＭＡＸＩＳ　ＨｕａＡｎ中国株式（上海１８０Ａ株）上場投信,ETF・ETN,ETF・他,590,2,0,0,0,0,0,196,0,0,0,0,0,394,16940
2531,宝ホールディングス,プライム（内国株式）,食料品,31,1,0,0,0,0,0,31,0,0,0,0,0,0,2536.5
2533,オエノンホールディングス,プライム（内国株式）,食料品,11,1,0,0,11,0,0,0,0,0,0,0,0,0,471
253A,ＥＴＳグループ,スタンダード（内国株式）,建設業,17,1,0,0,0,0,0,0,0,0,0,0,0,17,1038
254A,ＡＩフュージョンキャピタルグループ,スタンダード（内国株式）,証券、商品先物取引業,,,0,0,0,0,0,0,0,0,0,0,0,0,1145
2552,上場インデックスファンドＪリート（東証ＲＥＩＴ指数）隔月分配型（ミニ）,ETF・ETN,ETF・他,90,6,0,19,0,17,0,11,0,15,0,18,0,10,1786
2553,Ｏｎｅ　ＥＴＦ　南方　中国Ａ株　ＣＳＩ５００,ETF・ETN,ETF・他,18,1,0,0,0,0,0,0,18,0,0,0,0,0,2282
2554,ＮＥＸＴ　ＦＵＮＤＳ　ブルームバーグ米国投資適格社債（１－１０年）インデックス（為替ヘッジあり）連動型上場投信,ETF・ETN,ETF・他,31.9,4,0,0,7.4,0,0,8.1,0,0,8.7,0,0,7.7,724.599976
2555,東証ＲＥＩＴ　ＥＴＦ,ETF・ETN,ETF・他,84,4,22,0,0,23,0,0,19,0,0,20,0,0,1729.5
2556,Ｏｎｅ　ＥＴＦ　東証ＲＥＩＴ指数,ETF・ETN,ETF・他,88.1,4,20.4,0,0,25.6,0,0,17.6,0,0,24.5,0,0,1707
2557,ＳＭＤＡＭ　トピックス上場投信,ETF・ETN,ETF・他,71.5,2,0,0,0,38.7,0,0,0,0,0,32.8,0,0,4211
2558,ＭＡＸＩＳ米国株式（Ｓ＆Ｐ５００）上場投信,ETF・ETN,ETF・他,29.6,2,0,0,0,0,0,15.5,0,0,0,0,0,14.1,3569
2559,ＭＡＸＩＳ全世界株式（オール・カントリー）上場投信,ETF・ETN,ETF・他,34,2,0,0,0,0,0,19.3,0,0,0,0,0,14.7,2994
255A,ジーエルテクノホールディングス,スタンダード（内国株式）,精密機器,123,1,0,0,0,0,0,123,0,0,0,0,0,0,5700
2560,ＭＡＸＩＳカーボン・エフィシェント日本株上場投信,ETF・ETN,ETF・他,923,2,0,0,0,0,503,0,0,0,0,0,420,0,56100
2561,ｉシェアーズ・コア　日本国債　ＥＴＦ,ETF・ETN,ETF・他,25,4,6,0,0,6,0,0,6,0,0,7,0,0,1959
2562,上場インデックスファンド米国株式（ダウ平均）為替ヘッジあり,ETF・ETN,ETF・他,40,2,18,0,0,0,0,0,22,0,0,0,0,0,3567
2563,ｉシェアーズ　Ｓ＆Ｐ　５００　米国株　ＥＴＦ（為替ヘッジあり）,ETF・ETN,ETF・他,3.6,2,0,1.9,0,0,0,0,0,1.7,0,0,0,0,411.899994
2564,グローバルＸ　ＭＳＣＩスーパーディビィデンド－日本株式　ＥＴＦ,ETF・ETN,ETF・他,153,4,7,0,0,69,0,0,16,0,0,61,0,0,3659
2565,グローバルＸ　ロジスティクス・Ｊ－ＲＥＩＴ　ＥＴＦ,ETF・ETN,ETF・他,42,6,0,7,0,11,0,4,0,6,0,10,0,4,834
2566,上場インデックスファンド日経ＥＳＧリート,ETF・ETN,ETF・他,48,4,11,0,0,14,0,0,10,0,0,13,0,0,938
2567,ＮＺＡＭ　上場投信　Ｓ＆Ｐ／ＪＰＸカーボン・エフィシェント指数,ETF・ETN,ETF・他,9.4,2,0,4.2,0,0,0,0,0,5.2,0,0,0,0,557.799988
2568,上場インデックスファンド米国株式（ＮＡＳＤＡＱ１００）為替ヘッジなし,ETF・ETN,ETF・他,16,2,7,0,0,0,0,0,9,0,0,0,0,0,8477
2569,上場インデックスファンド米国株式（ＮＡＳＤＡＱ１００）為替ヘッジあり,ETF・ETN,ETF・他,11,2,5,0,0,0,0,0,6,0,0,0,0,0,4541
256A,飛島ホールディングス,プライム（内国株式）,建設業,105,1,0,0,0,0,0,105,0,0,0,0,0,0,2268
2573,北海道コカ・コーラボトリング,スタンダード（内国株式）,食料品,30,2,0,0,15,0,0,0,0,0,15,0,0,0,4115
2579,コカ・コーラ　ボトラーズジャパンホールディングス,プライム（内国株式）,食料品,60,2,0,0,30,0,0,0,0,0,30,0,0,0,3776
257A,ＳＭＴ　ＥＴＦ日本株厳選投資アクティブ,ETF・ETN,ETF・他,24,2,11,0,0,0,0,0,13,0,0,0,0,0,3528
2585,ライフドリンク　カンパニー,プライム（内国株式）,食料品,14,1,0,0,0,0,0,14,0,0,0,0,0,0,1331
2586,フルッタフルッタ,グロース（内国株式）,食料品,,,0,0,0,0,0,0,0,0,0,0,0,0,58
2587,サントリービバレッジ＆フード,プライム（内国株式）,食料品,120,2,0,0,60,0,0,0,0,0,60,0,0,0,4559
2588,プレミアムウォーターホールディングス,スタンダード（内国株式）,食料品,115,2,0,0,0,0,0,57.5,0,0,0,0,0,57.5,3625
258A,ＳＭＴ　ＥＴＦ国内リート厳選投資アクティブ,ETF・ETN,ETF・他,98,2,53,0,0,0,0,0,45,0,0,0,0,0,1925
2590,ダイドーグループホールディングス,プライム（内国株式）,食料品,30,2,0,0,0,15,0,0,0,0,0,15,0,0,2879
2593,伊藤園,プライム（内国株式）,食料品,48,2,24,0,0,0,0,0,24,0,0,0,0,0,3091
25935,伊藤園第１種優先株式,プライム（内国株式）,食料品,,,0,0,0,0,0,0,0,0,0,0,0,0,1863
2594,キーコーヒー,プライム（内国株式）,食料品,12,2,0,0,0,0,0,6,0,0,0,0,0,6,1960
2597,ユニカフェ,スタンダード（内国株式）,食料品,10,1,0,0,10,0,0,0,0,0,0,0,0,0,1307
2602,日清オイリオグループ,プライム（内国株式）,食料品,180,2,0,0,0,0,0,90,0,0,0,0,0,90,1984
2607,不二製油,プライム（内国株式）,食料品,52,2,0,0,0,0,0,26,0,0,0,0,0,26,4339
2612,かどや製油,スタンダード（内国株式）,食料品,137,1,0,0,0,0,0,137,0,0,0,0,0,0,2840
2613,Ｊ－オイルミルズ,プライム（内国株式）,食料品,70,2,0,0,0,0,0,35,0,0,0,0,0,35,2184
261A,日水コン,スタンダード（内国株式）,サービス業,74,2,0,0,37,0,0,0,0,0,37,0,0,0,1945
2620,ｉシェアーズ　米国債１－３年　ＥＴＦ,ETF・ETN,ETF・他,10.1,4,2.5,0,0,2.4,0,0,2.6,0,0,2.6,0,0,365.700012
2621,ｉシェアーズ　米国債２０年超　ＥＴＦ（為替ヘッジあり）,ETF・ETN,ETF・他,48,4,12,0,0,12,0,0,12,0,0,12,0,0,936
2622,ｉシェアーズ　米ドル建て新興国債券　ＥＴＦ（為替ヘッジあり）,ETF・ETN,ETF・他,78,4,19,0,0,19,0,0,20,0,0,20,0,0,1630
2623,ｉシェアーズ　ユーロ建て投資適格社債　ＥＴＦ（為替ヘッジあり）,ETF・ETN,ETF・他,97,2,0,0,0,45,0,0,0,0,0,52,0,0,1912
2624,ｉＦｒｅｅＥＴＦ　日経２２５（年４回決算型）,ETF・ETN,ETF・他,76,4,4,0,0,37,0,0,4,0,0,31,0,0,7096
2625,ｉＦｒｅｅＥＴＦ　ＴＯＰＩＸ（年４回決算型）,ETF・ETN,ETF・他,74,4,4,0,0,35,0,0,6,0,0,29,0,0,4202
2626,グローバルＸ　デジタル・イノベーション－日本株式　ＥＴＦ,ETF・ETN,ETF・他,23,2,5,0,0,0,0,0,18,0,0,0,0,0,3363
2627,グローバルＸ　ｅコマース－日本株式　ＥＴＦ,ETF・ETN,ETF・他,18,2,11,0,0,0,0,0,7,0,0,0,0,0,1554
2628,ｉＦｒｅｅＥＴＦ　中国科創板５０（ＳＴＡＲ５０）,ETF・ETN,ETF・他,,,0,0,0,0,0,0,0,0,0,0,0,0,3405
2629,ｉＦｒｅｅＥＴＦ　中国グレーターベイエリア・イノベーション１００（ＧＢＡ１００）,ETF・ETN,ETF・他,,,0,0,0,0,0,0,0,0,0,0,0,0,3450
262A,インターメスティック,プライム（内国株式）,小売業,44,1,0,0,44,0,0,0,0,0,0,0,0,0,1682
2630,ＭＡＸＩＳ米国株式（Ｓ＆Ｐ５００）上場投信（為替ヘッジあり）,ETF・ETN,ETF・他,142,2,0,0,0,0,0,72,0,0,0,0,0,70,16340
2631,ＭＡＸＩＳナスダック１００上場投信,ETF・ETN,ETF・他,96,2,0,0,0,0,0,49,0,0,0,0,0,47,35370
2632,ＭＡＸＩＳナスダック１００上場投信（為替ヘッジあり）,ETF・ETN,ETF・他,65,2,0,0,0,0,0,31,0,0,0,0,0,34,18950
2633,ＮＥＸＴ　ＦＵＮＤＳ　Ｓ＆Ｐ　５００　指数（為替ヘッジなし）連動型上場投信,ETF・ETN,ETF・他,4.6,2,0,0,2.4,0,0,0,0,0,2.2,0,0,0,570.700012
2634,ＮＥＸＴ　ＦＵＮＤＳ　Ｓ＆Ｐ　５００　指数（為替ヘッジあり）連動型上場投信,ETF・ETN,ETF・他,27,2,0,0,15,0,0,0,0,0,12,0,0,0,3214
2636,グローバルＸ　ＭＳＣＩ　ガバナンス・クオリティ－日本株式　ＥＴＦ,ETF・ETN,ETF・他,67,2,0,0,35,0,0,0,0,0,32,0,0,0,5113
2637,グローバルＸ　クリーンテック－日本株式　ＥＴＦ,ETF・ETN,ETF・他,25,2,0,0,12,0,0,0,0,0,13,0,0,0,2784
2638,グローバルＸ　ロボティクス＆ＡＩ－日本株式　ＥＴＦ,ETF・ETN,ETF・他,4,2,0,0,0,0,0,3,0,0,0,0,0,1,2835
2639,グローバルＸ　バイオ＆メドテック－日本株式　ＥＴＦ,ETF・ETN,ETF・他,56,2,0,0,0,0,0,52,0,0,0,0,0,4,1739
2640,グローバルＸ　ゲーム＆アニメ－日本株式　ＥＴＦ,ETF・ETN,ETF・他,58,2,0,0,0,0,0,54,0,0,0,0,0,4,4228
2641,グローバルＸ　グローバルリーダーズ－日本株式　ＥＴＦ,ETF・ETN,ETF・他,70,2,0,0,0,0,0,36,0,0,0,0,0,34,4575
2642,ＳＭＴ　ＥＴＦカーボン・エフィシェント日本株,ETF・ETN,ETF・他,954,2,429,0,0,0,0,0,525,0,0,0,0,0,55400
2644,グローバルＸ　半導体関連－日本株式　ＥＴＦ,ETF・ETN,ETF・他,22,2,0,0,0,12,0,0,0,0,0,10,0,0,4532
2645,グローバルＸ　レジャー＆エンターテインメント－日本株式　ＥＴＦ,ETF・ETN,ETF・他,22,2,0,0,0,19,0,0,0,0,0,3,0,0,3066
2646,グローバルＸ　メタルビジネス－日本株式　ＥＴＦ,ETF・ETN,ETF・他,51,2,0,0,0,33,0,0,0,0,0,18,0,0,3863
2647,ＮＥＸＴ　ＦＵＮＤＳ　ブルームバーグ米国国債（７－１０年）インデックス（為替ヘッジなし）連動型上場投信,ETF・ETN,ETF・他,217,4,0,0,51,0,0,56,0,0,61,0,0,49,5580
2648,ＮＥＸＴ　ＦＵＮＤＳ　ブルームバーグ米国国債（７－１０年）インデックス（為替ヘッジあり）連動型上場投信,ETF・ETN,ETF・他,141,4,0,0,34,0,0,36,0,0,35,0,0,36,3184
2649,ｉシェアーズ　米国政府系機関ジニーメイＭＢＳ　ＥＴＦ（為替ヘッジあり）,ETF・ETN,ETF・他,25.3,4,6.4,0,0,6.2,0,0,6.1,0,0,6.6,0,0,555.900024
264A,Ｓｃｈｏｏ,グロース（内国株式）,サービス業,,,0,0,0,0,0,0,0,0,0,0,0,0,281
2652,まんだらけ,スタンダード（内国株式）,小売業,1,1,0,0,0,0,0,0,0,0,0,0,0,1,416
2653,イオン九州,スタンダード（内国株式）,小売業,50,2,0,0,0,0,25,0,0,0,0,0,25,0,2744
2654,アスモ,スタンダード（内国株式）,小売業,10,1,0,0,0,0,0,10,0,0,0,0,0,0,392
2656,ベクターホールディングス,スタンダード（内国株式）,小売業,,,0,0,0,0,0,0,0,0,0,0,0,0,150
2659,サンエー,プライム（内国株式）,小売業,125,1,0,0,0,0,125,0,0,0,0,0,0,0,3135
265A,Ｈｍｃｏｍｍ,グロース（内国株式）,情報・通信業,,,0,0,0,0,0,0,0,0,0,0,0,0,764
2664,カワチ薬品,プライム（内国株式）,小売業,100,1,0,0,0,0,0,100,0,0,0,0,0,0,3755
2666,オートウェーブ,スタンダード（内国株式）,小売業,4,1,0,0,0,0,0,4,0,0,0,0,0,0,190
2667,イメージ　ワン,スタンダード（内国株式）,卸売業,,,0,0,0,0,0,0,0,0,0,0,0,0,101
2668,タビオ,スタンダード（内国株式）,卸売業,30,1,0,0,0,0,30,0,0,0,0,0,0,0,1275
2669,カネ美食品,スタンダード（内国株式）,小売業,38,2,0,0,0,0,19,0,0,0,0,0,19,0,3880
2670,エービーシー・マート,プライム（内国株式）,小売業,75,2,0,0,0,0,37.5,0,0,0,0,0,37.5,0,2768
2673,夢みつけ隊,スタンダード（内国株式）,小売業,,,0,0,0,0,0,0,0,0,0,0,0,0,103
2674,ハードオフコーポレーション,プライム（内国株式）,小売業,85,1,0,0,0,0,0,85,0,0,0,0,0,0,2527
2676,高千穂交易,プライム（内国株式）,卸売業,76,2,0,0,0,0,0,38,0,0,0,0,0,38,2042
2678,アスクル,プライム（内国株式）,小売業,38,2,0,19,0,0,0,0,0,19,0,0,0,0,1175
2681,ゲオホールディングス,プライム（内国株式）,小売業,34,2,0,0,0,0,0,17,0,0,0,0,0,17,2129
2683,ＵＯＧｒｏｕｐ,スタンダード（内国株式）,小売業,10,1,0,0,0,0,10,0,0,0,0,0,0,0,993
2685,アンドエスティＨＤ,プライム（内国株式）,小売業,90,2,0,0,0,0,45,0,0,0,0,0,45,0,3020
2687,シー・ヴイ・エス・ベイエリア,スタンダード（内国株式）,サービス業,20,2,0,0,0,0,10,0,0,0,0,0,10,0,486
2689,オルバディーブイエックスヘルスケア,スタンダード（内国株式）,卸売業,80,1,0,0,0,0,0,0,0,0,80,0,0,0,1930
268A,リガク・ホールディングス,プライム（内国株式）,精密機器,18.8,2,0,0,9.4,0,0,0,0,0,9.4,0,0,0,1862
2693,ＹＫＴ,スタンダード（内国株式）,卸売業,5,1,0,0,5,0,0,0,0,0,0,0,0,0,277
2694,焼肉坂井ホールディングス,スタンダード（内国株式）,小売業,0.5,1,0,0,0,0,0,0.5,0,0,0,0,0,0,70
2695,くら寿司,プライム（内国株式）,小売業,20,1,20,0,0,0,0,0,0,0,0,0,0,0,1664
2698,キャンドゥ,スタンダード（内国株式）,小売業,17,2,0,0,0,0,8.5,0,0,0,0,0,8.5,0,3215
269A,Ｓａｐｅｅｔ,グロース（内国株式）,情報・通信業,,,0,0,0,0,0,0,0,0,0,0,0,0,3210
2700,木徳神糧,スタンダード（内国株式）,卸売業,34,2,0,0,17,0,0,0,0,0,17,0,0,0,1782
2702,日本マクドナルドホールディングス,スタンダード（内国株式）,小売業,56,1,0,0,56,0,0,0,0,0,0,0,0,0,7690
2705,大戸屋ホールディングス,スタンダード（内国株式）,小売業,20,1,0,0,0,0,0,20,0,0,0,0,0,0,8930
2708,久世,スタンダード（内国株式）,卸売業,45,1,0,0,0,0,0,45,0,0,0,0,0,0,1864
2721,ジェイホールディングス,スタンダード（内国株式）,卸売業,,,0,0,0,0,0,0,0,0,0,0,0,0,100
2722,ＩＫホールディングス,スタンダード（内国株式）,小売業,8,1,0,0,0,0,0,0,0,8,0,0,0,0,360
2726,パルグループホールディングス,プライム（内国株式）,小売業,40,1,0,0,0,0,40,0,0,0,0,0,0,0,1446
2730,エディオン,プライム（内国株式）,小売業,48,2,0,0,0,0,0,24,0,0,0,0,0,24,2386
2733,あらた,プライム（内国株式）,卸売業,112,2,0,0,0,0,0,56,0,0,0,0,0,56,2500
2734,サーラコーポレーション,プライム（内国株式）,小売業,32,2,0,16,0,0,0,0,0,16,0,0,0,0,1123
2735,ワッツ,スタンダード（内国株式）,小売業,23,2,0,0,0,0,11.5,0,0,0,0,0,11.5,0,736
2736,フェスタリアホールディングス,スタンダード（内国株式）,小売業,7,1,0,0,0,0,0,0,0,0,0,0,7,0,598
2737,トーメンデバイス,プライム（内国株式）,卸売業,540,1,0,0,0,0,0,540,0,0,0,0,0,0,39050
273A,ＳＢＩ　サウジアラビア株式上場投信,ETF・ETN,ETF・他,315,2,0,0,66,0,0,0,0,0,249,0,0,0,9390
2742,ハローズ,プライム（内国株式）,小売業,70,2,0,0,0,0,35,0,0,0,0,0,35,0,3655
2747,北雄ラッキー,スタンダード（内国株式）,小売業,50,1,0,0,0,0,50,0,0,0,0,0,0,0,3160
2749,ＪＰホールディングス,プライム（内国株式）,サービス業,12.5,1,0,0,0,0,0,12.5,0,0,0,0,0,0,636
274A,ガーデン,スタンダード（内国株式）,小売業,100,2,0,0,0,0,50,0,0,0,0,0,50,0,2240
2750,石光商事,スタンダード（内国株式）,卸売業,45,1,0,0,0,0,0,45,0,0,0,0,0,0,1317
2751,テンポスホールディングス,スタンダード（内国株式）,卸売業,9,1,0,0,0,0,0,0,9,0,0,0,0,0,3615
2752,フジオフードグループ本社,プライム（内国株式）,小売業,3,1,0,0,3,0,0,0,0,0,0,0,0,0,1148
2753,あみやき亭,プライム（内国株式）,小売業,34,2,0,0,0,0,0,17,0,0,0,0,0,17,1280
2760,東京エレクトロン　デバイス,プライム（内国株式）,卸売業,107,2,0,0,0,0,0,53.5,0,0,0,0,0,53.5,4810
2762,ＳＡＮＫＯ　ＭＡＲＫＥＴＩＮＧ　ＦＯＯＤＳ,スタンダード（内国株式）,小売業,16,2,0,0,8,0,0,0,0,0,8,0,0,0,69
2764,ひらまつ,スタンダード（内国株式）,小売業,3,1,0,0,0,0,0,3,0,0,0,0,0,0,156
2767,円谷フィールズホールディングス,プライム（内国株式）,卸売業,70,1,0,0,0,0,0,70,0,0,0,0,0,0,2418
2768,双日,プライム（内国株式）,卸売業,165,2,0,0,0,0,0,82.5,0,0,0,0,0,82.5,5452
2769,ヴィレッジヴァンガードコーポレーション,スタンダード（内国株式）,小売業,14,1,0,0,0,0,0,0,0,14,0,0,0,0,934
276A,ククレブ・アドバイザーズ,グロース（内国株式）,不動産業,22,1,0,0,0,0,0,0,0,0,0,0,22,0,4300
2776,新都ホールディングス,スタンダード（内国株式）,卸売業,,,0,0,0,0,0,0,0,0,0,0,0,0,95
2778,パレモ・ホールディングス,スタンダード（内国株式）,小売業,12,2,0,0,0,0,6,0,0,0,0,0,6,0,125
277A,グロービング,プライム（内国株式）,サービス業,,,0,0,0,0,0,0,0,0,0,0,0,0,1873
2780,コメ兵ホールディングス,スタンダード（内国株式）,小売業,106,2,0,0,0,0,0,53,0,0,0,0,0,53,4510
2782,セリア,スタンダード（内国株式）,小売業,75,2,0,0,0,0,0,37.5,0,0,0,0,0,37.5,4275
2784,アルフレッサ　ホールディングス,プライム（内国株式）,卸売業,68,2,0,0,0,0,0,34,0,0,0,0,0,34,2239.5
2788,アップルインターナショナル,スタンダード（内国株式）,卸売業,10,1,0,0,10,0,0,0,0,0,0,0,0,0,412
2789,カルラ,スタンダード（内国株式）,小売業,5,1,0,0,0,0,5,0,0,0,0,0,0,0,477
278A,Ｔｅｒｒａ　Ｄｒｏｎｅ,グロース（内国株式）,精密機器,,,0,0,0,0,0,0,0,0,0,0,0,0,8140
2790,ナフコ,スタンダード（内国株式）,小売業,58,2,0,0,0,0,0,29,0,0,0,0,0,29,2015
2791,大黒天物産,プライム（内国株式）,小売業,39,1,0,0,0,0,0,0,0,39,0,0,0,0,4285
2792,ハニーズホールディングス,プライム（内国株式）,小売業,55,2,0,27.5,0,0,0,0,0,27.5,0,0,0,0,1387
2795,日本プリメックス,スタンダード（内国株式）,卸売業,25,1,0,0,0,0,0,25,0,0,0,0,0,0,995
2796,ファーマライズホールディングス,スタンダード（内国株式）,小売業,14,1,0,0,0,0,0,0,0,14,0,0,0,0,509
2798,ワイズテーブルコーポレーション,スタンダード（内国株式）,小売業,,,0,0,0,0,0,0,0,0,0,0,0,0,2993
2801,キッコーマン,プライム（内国株式）,食料品,25,2,0,0,0,0,0,12.5,0,0,0,0,0,12.5,1742
2802,味の素,プライム（内国株式）,食料品,36,2,0,0,0,0,0,18,0,0,0,0,0,18,5346
2804,ブルドックソース,プライム（内国株式）,食料品,45,2,0,0,0,0,0,22.5,0,0,0,0,0,22.5,1828
2805,ヱスビー食品,スタンダード（内国株式）,食料品,38,2,0,0,0,0,0,19,0,0,0,0,0,19,6810
2806,ユタカフーズ,スタンダード（内国株式）,食料品,40,2,0,0,0,0,0,20,0,0,0,0,0,20,1978
2809,キユーピー,プライム（内国株式）,食料品,64,2,0,32,0,0,0,0,0,32,0,0,0,0,4357
280A,ＴＭＨ,グロース（内国株式）,卸売業,,,0,0,0,0,0,0,0,0,0,0,0,0,1091
2810,ハウス食品グループ本社,プライム（内国株式）,食料品,70,2,0,0,0,0,0,35,0,0,0,0,0,35,4031
2811,カゴメ,プライム（内国株式）,食料品,48,1,0,0,48,0,0,0,0,0,0,0,0,0,2655
2813,和弘食品,スタンダード（内国株式）,食料品,100,1,0,0,0,0,0,100,0,0,0,0,0,0,3930
2814,佐藤食品工業,スタンダード（内国株式）,食料品,50,2,0,0,0,0,0,25,0,0,0,0,0,25,1793
2815,アリアケジャパン,プライム（内国株式）,食料品,180,2,0,0,0,0,0,90,0,0,0,0,0,90,5120
2816,ダイショー,スタンダード（内国株式）,食料品,21,2,0,0,0,0,0,10.5,0,0,0,0,0,10.5,1402
2818,ピエトロ,スタンダード（内国株式）,食料品,24,1,0,0,0,0,0,24,0,0,0,0,0,0,1748
2819,エバラ食品工業,スタンダード（内国株式）,食料品,47,2,0,0,0,0,0,23.5,0,0,0,0,0,23.5,2465
281A,インフォメティス,グロース（内国株式）,情報・通信業,,,0,0,0,0,0,0,0,0,0,0,0,0,395
2820,やまみ,スタンダード（内国株式）,食料品,72,2,0,0,36,0,0,0,0,0,36,0,0,0,6760
282A,グローバルＸ　半導体・トップ１０－日本株式　ＥＴＦ,ETF・ETN,ETF・他,10,2,0,0,0,0,5,0,0,0,0,0,5,0,2650
2831,はごろもフーズ,スタンダード（内国株式）,食料品,70,2,0,0,0,0,0,35,0,0,0,0,0,35,3550
2836,グローバルＸ　フィンテック－日本株式　ＥＴＦ,ETF・ETN,ETF・他,48,2,0,0,0,0,0,25,0,0,0,0,0,23,3282
2837,グローバルＸ　中小型リーダーズ－日本株式　ＥＴＦ,ETF・ETN,ETF・他,36,2,0,0,0,0,0,23,0,0,0,0,0,13,5000
2838,ＭＡＸＩＳ米国国債７－１０年上場投信（為替ヘッジなし）,ETF・ETN,ETF・他,358,4,0,58,0,0,93,0,0,96,0,0,111,0,8327
2839,ＭＡＸＩＳ米国国債７－１０年上場投信（為替ヘッジあり）,ETF・ETN,ETF・他,196,4,0,42,0,0,53,0,0,46,0,0,55,0,4770
283A,グローバルＸ　ＵＳ　テック・配当貴族　ＥＴＦ,ETF・ETN,ETF・他,11,4,0,3,0,0,3,0,0,3,0,0,2,0,1365
2840,ｉＦｒｅｅＥＴＦ　ＮＡＳＤＡＱ１００（為替ヘッジなし）,ETF・ETN,ETF・他,7,2,0,0,4,0,0,0,0,0,3,0,0,0,2846
2841,ｉＦｒｅｅＥＴＦ　ＮＡＳＤＡＱ１００（為替ヘッジあり）,ETF・ETN,ETF・他,6,2,0,0,3,0,0,0,0,0,3,0,0,0,1786
2842,ｉＦｒｅｅＥＴＦ　ＮＡＳＤＡＱ１００インバース,ETF・ETN,ETF・他,,,0,0,0,0,0,0,0,0,0,0,0,0,11515
2843,上場インデックスファンド豪州国債（為替ヘッジあり）,ETF・ETN,ETF・他,138,4,0,35,0,0,37,0,0,34,0,0,32,0,3596
2844,上場インデックスファンド豪州国債（為替ヘッジなし）,ETF・ETN,ETF・他,287,4,0,70,0,0,77,0,0,80,0,0,60,0,5319
2845,ＮＥＸＴ　ＦＵＮＤＳ　ＮＡＳＤＡＱ－１００（為替ヘッジあり）連動型上場投信,ETF・ETN,ETF・他,10,2,0,5,0,0,0,0,0,5,0,0,0,0,3736
2846,ＮＥＸＴ　ＦＵＮＤＳ　ダウ・ジョーンズ工業株３０種平均株価（為替ヘッジあり）連動型上場投信,ETF・ETN,ETF・他,22,2,0,12,0,0,0,0,0,10,0,0,0,0,2478
2847,グローバルＸ　新成長インフラ－日本株式　ＥＴＦ,ETF・ETN,ETF・他,33,2,0,0,0,18,0,0,0,0,0,15,0,0,3128
2848,グローバルＸ　ＭＳＣＩ　気候変動対応－日本株式　ＥＴＦ,ETF・ETN,ETF・他,45,2,0,0,0,24,0,0,0,0,0,21,0,0,3178
2849,グローバルＸ　Ｍｏｒｎｉｎｇｓｔａｒ　高配当　ＥＳＧ－日本株式　ＥＴＦ,ETF・ETN,ETF・他,133,4,8,0,0,72,0,0,9,0,0,44,0,0,5498
2851,ｉシェアーズ　ＭＳＣＩ　ジャパンＳＲＩ　ＥＴＦ,ETF・ETN,ETF・他,6.1,2,0,2.9,0,0,0,0,0,3.2,0,0,0,0,409.899994
2852,ｉシェアーズ　グリーンＪリート　ＥＴＦ,ETF・ETN,ETF・他,7.9,4,0,2.1,0,0,2.5,0,0,1.3,0,0,2,0,163.600006
2853,ｉシェアーズ　気候リスク調整世界国債　ＥＴＦ（除く日本・為替ヘッジあり）,ETF・ETN,ETF・他,17.7,4,4.4,0,0,4.4,0,0,4.5,0,0,4.4,0,0,599.299988
2854,グローバルＸ　テック・トップ２０－日本株式　ＥＴＦ,ETF・ETN,ETF・他,18,2,0,0,0,9,0,0,0,0,0,9,0,0,2950
2855,グローバルＸ　グリーン・Ｊ－ＲＥＩＴ　ＥＴＦ,ETF・ETN,ETF・他,44,6,0,6,0,10,0,6,0,7,0,9,0,6,877
2856,ｉシェアーズ　米国債３－７年　ＥＴＦ（為替ヘッジあり）,ETF・ETN,ETF・他,22.2,4,5.6,0,0,5.5,0,0,5.7,0,0,5.4,0,0,632.200012
2857,ｉシェアーズ　ドイツ国債　ＥＴＦ（為替ヘッジあり）,ETF・ETN,ETF・他,12.5,4,2.7,0,0,3.1,0,0,3.3,0,0,3.4,0,0,616.099976
2858,グローバルＸ　日経２２５　カバード・コール　ＥＴＦ（プレミアム再投資型）,ETF・ETN,ETF・他,20,2,0,0,0,2,0,0,0,0,0,18,0,0,1551
2859,ＮＥＸＴ　ＦＵＮＤＳ　ユーロ・ストックス５０指数（為替ヘッジあり）連動型上場投信,ETF・ETN,ETF・他,52,2,0,0,0,0,0,42,0,0,0,0,0,10,3137
285A,キオクシアホールディングス,プライム（内国株式）,電気機器,,,0,0,0,0,0,0,0,0,0,0,0,0,17900
2860,ＮＥＸＴ　ＦＵＮＤＳ　ドイツ株式・ＤＡＸ（為替ヘッジあり）連動型上場投信,ETF・ETN,ETF・他,44,1,0,0,0,0,0,44,0,0,0,0,0,0,3173
2861,上場インデックスファンドフランス国債（為替ヘッジなし）,ETF・ETN,ETF・他,247,4,0,60,0,0,65,0,0,68,0,0,54,0,5173
2862,上場インデックスファンドフランス国債（為替ヘッジあり）,ETF・ETN,ETF・他,114,4,0,29,0,0,29,0,0,26,0,0,30,0,3677
2864,グローバルＸ　ロジスティクス・ＲＥＩＴ　ＥＴＦ,ETF・ETN,ETF・他,40,6,0,5,0,7,0,4,0,14,0,6,0,4,1257
2865,グローバルＸ　ＮＡＳＤＡＱ１００・カバード・コール　ＥＴＦ,ETF・ETN,ETF・他,130,12,11,10,11,12,11,11,12,11,10,11,10,10,1312
2866,グローバルＸ　米国優先証券　ＥＴＦ,ETF・ETN,ETF・他,56,12,4,5,5,5,4,5,5,5,4,4,5,5,941
2867,グローバルＸ　自動運転＆ＥＶ　ＥＴＦ,ETF・ETN,ETF・他,3,1,0,0,0,0,0,0,0,0,3,0,0,0,1683
2868,グローバルＸ　Ｓ＆Ｐ５００・カバード・コール　ＥＴＦ,ETF・ETN,ETF・他,103,12,7,8,8,11,8,10,9,9,7,7,9,10,1155
2869,ｉＦｒｅｅＥＴＦ　ＮＡＳＤＡＱ１００レバレッジ,ETF・ETN,ETF・他,9.36,2,0,0,4.36,0,0,0,0,0,5,0,0,0,3249
286A,ユカリア,グロース（内国株式）,サービス業,,,0,0,0,0,0,0,0,0,0,0,0,0,780
2870,ｉＦｒｅｅＥＴＦ　ＮＡＳＤＡＱ１００ダブルインバース,ETF・ETN,ETF・他,43,2,0,0,20,0,0,0,0,0,23,0,0,0,6754
2871,ニチレイ,プライム（内国株式）,食料品,47,2,0,0,0,0,0,23.5,0,0,0,0,0,23.5,2101
2872,セイヒョー,スタンダード（内国株式）,食料品,18,1,0,0,0,0,18,0,0,0,0,0,0,0,1902
2874,横浜冷凍,プライム（内国株式）,卸売業,24,2,0,0,0,0,0,12,0,0,0,0,0,12,1855
2875,東洋水産,プライム（内国株式）,食料品,220,2,0,0,0,0,0,110,0,0,0,0,0,110,9990
2876,デルソーレ,スタンダード（内国株式）,食料品,12,1,0,0,0,0,0,12,0,0,0,0,0,0,469
2877,日東ベスト,スタンダード（内国株式）,食料品,12,1,0,0,0,0,0,12,0,0,0,0,0,0,745
287A,黒田グループ,スタンダード（内国株式）,卸売業,61,2,0,0,0,0,0,30.5,0,0,0,0,0,30.5,1157
2882,イートアンドホールディングス,プライム（内国株式）,食料品,15,2,0,0,0,0,7.5,0,0,0,0,0,7.5,0,2011
2883,大冷,スタンダード（内国株式）,食料品,60,1,0,0,0,0,0,60,0,0,0,0,0,0,1958
2884,ヨシムラ・フード・ホールディングス,プライム（内国株式）,食料品,,,0,0,0,0,0,0,0,0,0,0,0,0,588
288A,ラクサス・テクノロジーズ,グロース（内国株式）,サービス業,,,0,0,0,0,0,0,0,0,0,0,0,0,95
2892,日本食品化工,スタンダード（内国株式）,食料品,145,2,0,0,0,0,0,72.5,0,0,0,0,0,72.5,4925
2894,石井食品,スタンダード（内国株式）,食料品,4,1,0,0,0,0,0,4,0,0,0,0,0,0,360
2897,日清食品ホールディングス,プライム（内国株式）,食料品,70,2,0,0,0,0,0,35,0,0,0,0,0,35,2855
2901,ウェルディッシュ,スタンダード（内国株式）,食料品,1.5,1,0,0,0,0,0,0,0,0,0,0,1.5,0,129
2903,シノブフーズ,スタンダード（内国株式）,食料品,32,2,0,0,0,0,0,16,0,0,0,0,0,16,1481
2904,一正蒲鉾,スタンダード（内国株式）,食料品,14,1,0,0,0,0,0,0,0,0,14,0,0,0,754
2907,あじかん,スタンダード（内国株式）,食料品,52,1,0,0,0,0,0,52,0,0,0,0,0,0,1468
2908,フジッコ,プライム（内国株式）,食料品,46,2,0,0,0,0,0,23,0,0,0,0,0,23,1560
290A,Ｓｙｎｓｐｅｃｔｉｖｅ,グロース（内国株式）,情報・通信業,,,0,0,0,0,0,0,0,0,0,0,0,0,1500
2910,ロック・フィールド,プライム（内国株式）,食料品,23,2,11.5,0,0,0,0,0,11.5,0,0,0,0,0,1351
2911,旭松食品,スタンダード（内国株式）,食料品,45,1,0,0,0,0,0,45,0,0,0,0,0,0,2243
2914,日本たばこ産業,プライム（内国株式）,食料品,234,2,0,0,117,0,0,0,0,0,117,0,0,0,6990
2915,ケンコーマヨネーズ,プライム（内国株式）,食料品,67,2,0,0,0,0,0,33.5,0,0,0,0,0,33.5,1971
2916,仙波糖化工業,スタンダード（内国株式）,食料品,15,1,0,0,0,0,0,15,0,0,0,0,0,0,721
2917,大森屋,スタンダード（内国株式）,食料品,10,1,0,0,0,0,0,0,0,0,0,0,0,10,899
2918,わらべや日洋ホールディングス,プライム（内国株式）,食料品,120,2,0,0,0,0,60,0,0,0,0,0,60,0,2613
291A,リスキル,グロース（内国株式）,サービス業,,,0,0,0,0,0,0,0,0,0,0,0,0,2039
2922,なとり,プライム（内国株式）,食料品,26,2,0,0,0,0,0,13,0,0,0,0,0,13,1961
2923,サトウ食品,スタンダード（内国株式）,食料品,75,1,0,0,0,0,0,0,75,0,0,0,0,0,7200
2924,イフジ産業,スタンダード（内国株式）,食料品,67,2,0,0,0,0,0,33.5,0,0,0,0,0,33.5,1875
2926,篠崎屋,スタンダード（内国株式）,食料品,2.5,1,0,0,0,0,0,0,0,0,0,0,0,2.5,108
2927,ＡＦＣ－ＨＤアムスライフサイエンス,スタンダード（内国株式）,食料品,34,2,0,0,0,0,17,0,0,0,0,0,17,0,844
2929,ファーマフーズ,プライム（内国株式）,食料品,25,2,0,0,0,12.5,0,0,0,0,0,12.5,0,0,687
2930,北の達人コーポレーション,プライム（内国株式）,化学,3.5,2,0,0,0,0,1.75,0,0,0,0,0,1.75,0,134
2931,ユーグレナ,プライム（内国株式）,食料品,2,1,0,0,2,0,0,0,0,0,0,0,0,0,337
2932,ＳＴＩフードホールディングス,スタンダード（内国株式）,食料品,40,2,0,0,20,0,0,0,0,0,20,0,0,0,1109
2933,紀文食品,プライム（内国株式）,食料品,20,1,0,0,0,0,0,20,0,0,0,0,0,0,1049
2934,ジェイフロンティア,グロース（内国株式）,食料品,,,0,0,0,0,0,0,0,0,0,0,0,0,2003
2935,ピックルスホールディングス,プライム（内国株式）,食料品,29,2,0,0,0,0,14.5,0,0,0,0,0,14.5,0,1167
2936,ベースフード,グロース（内国株式）,食料品,,,0,0,0,0,0,0,0,0,0,0,0,0,276
2937,サンクゼール,グロース（内国株式）,食料品,35,1,0,0,0,0,0,35,0,0,0,0,0,0,1706
2938,オカムラ食品工業,スタンダード（内国株式）,食料品,19,2,0,0,9.5,0,0,0,0,0,9.5,0,0,0,1229
294A,ＮＥＸＴ　ＦＵＮＤＳ　ＭＳＣＩジャパン気候変動指数（セレクト）連動型上場投信,ETF・ETN,ETF・他,63,2,45,0,0,0,0,0,18,0,0,0,0,0,3048
295A,Ｏｎｅ　ＥＴＦ　ＦＴＳＥ・サウジアラビア・インデックス,ETF・ETN,ETF・他,248,2,0,0,0,54,0,0,0,0,0,194,0,0,9590
2961,日本調理機,スタンダード（内国株式）,金属製品,37.5,1,0,0,0,0,0,0,0,0,0,0,0,37.5,1452
2962,テクニスコ,スタンダード（内国株式）,金属製品,,,0,0,0,0,0,0,0,0,0,0,0,0,2760
296A,令和アカウンティング・ホールディングス,グロース（内国株式）,サービス業,32.5,2,0,0,0,0,0,16.25,0,0,0,0,0,16.25,1124
2970,ＧＬＣ　ＧＲＯＵＰ,スタンダード（内国株式）,不動産業,,,0,0,0,0,0,0,0,0,0,0,0,0,1167
2971,エスコンジャパンリート投資法人,REIT・ベンチャーファンド・カントリーファンド・インフラファンド,ETF・他,7200,2,3615,0,0,0,0,0,3585,0,0,0,0,0,100600
2972,サンケイリアルエステート投資法人,REIT・ベンチャーファンド・カントリーファンド・インフラファンド,ETF・他,3681,1,0,0,0,0,0,0,0,3681,0,0,0,0,125000
2975,スター・マイカ・ホールディングス,プライム（内国株式）,不動産業,37,2,0,18.5,0,0,0,0,0,18.5,0,0,0,0,1261
2978,ツクルバ,グロース（内国株式）,不動産業,,,0,0,0,0,0,0,0,0,0,0,0,0,313
2979,ＳＯＳｉＬＡ物流リート投資法人,REIT・ベンチャーファンド・カントリーファンド・インフラファンド,ETF・他,5782,2,0,0,0,0,2708,0,0,0,0,0,3074,0,96700
297A,アルピコホールディングス,スタンダード（内国株式）,小売業,5,1,0,0,0,0,0,5,0,0,0,0,0,0,209
2980,ＳＲＥホールディングス,プライム（内国株式）,不動産業,18,1,0,0,0,0,0,18,0,0,0,0,0,0,2297
2981,ランディックス,グロース（内国株式）,不動産業,36.5,2,0,0,0,0,0,18.25,0,0,0,0,0,18.25,2260
2982,ＡＤワークスグループ,プライム（内国株式）,不動産業,16,2,0,0,8,0,0,0,0,0,8,0,0,0,401
2983,アールプランナー,グロース（内国株式）,不動産業,80,2,0,0,0,40,0,0,0,0,0,40,0,0,1601
2984,ヤマイチエステート,スタンダード（内国株式）,不動産業,30,1,0,0,0,0,0,30,0,0,0,0,0,0,764
2986,ＬＡホールディングス,グロース（内国株式）,不動産業,338,2,0,0,169,0,0,0,0,0,169,0,0,0,2772
2989,東海道リート投資法人,REIT・ベンチャーファンド・カントリーファンド・インフラファンド,ETF・他,6556,2,3326,0,0,0,0,0,3230,0,0,0,0,0,87200
298A,ＧＶＡ　ＴＥＣＨ,グロース（内国株式）,情報・通信業,,,0,0,0,0,0,0,0,0,0,0,0,0,308
2991,ランドネット,スタンダード（内国株式）,不動産業,20,1,0,0,0,0,0,0,0,0,0,20,0,0,510
2993,長栄,スタンダード（内国株式）,不動産業,125,1,0,0,0,0,0,125,0,0,0,0,0,0,2190
2997,ストレージ王,グロース（内国株式）,不動産業,,,0,0,0,0,0,0,0,0,0,0,0,0,1322
2998,クリアル,グロース（内国株式）,不動産業,8,1,0,0,0,0,0,8,0,0,0,0,0,0,461
2999,ホームポジション,スタンダード（内国株式）,不動産業,10,1,0,0,0,0,0,0,0,0,0,0,10,0,520
299A,クラシル,グロース（内国株式）,サービス業,,,0,0,0,0,0,0,0,0,0,0,0,0,1232
3001,片倉工業,スタンダード（内国株式）,繊維製品,60,1,0,0,60,0,0,0,0,0,0,0,0,0,2943
3002,グンゼ,プライム（内国株式）,繊維製品,216,1,0,0,0,0,0,216,0,0,0,0,0,0,4065
3003,ヒューリック,プライム（内国株式）,不動産業,62,2,0,0,31,0,0,0,0,0,31,0,0,0,1663.5
3004,神栄,スタンダード（内国株式）,卸売業,110,1,0,0,0,0,0,110,0,0,0,0,0,0,2045
300A,ＭＩＣ,スタンダード（内国株式）,サービス業,70,1,0,0,0,0,0,70,0,0,0,0,0,0,2761
3010,ポラリス・ホールディングス,スタンダード（内国株式）,サービス業,5,1,0,0,0,0,0,5,0,0,0,0,0,0,189
3011,バナーズ,スタンダード（内国株式）,小売業,5,1,0,0,0,0,0,5,0,0,0,0,0,0,141
3020,アプライド,スタンダード（内国株式）,小売業,130,2,0,0,0,0,0,65,0,0,0,0,0,65,4935
3021,パシフィックネット,スタンダード（内国株式）,サービス業,48,1,0,0,0,0,0,0,0,48,0,0,0,0,1602
3023,ラサ商事,スタンダード（内国株式）,卸売業,80,2,0,0,0,0,0,40,0,0,0,0,0,40,2056
3024,クリエイト,スタンダード（内国株式）,卸売業,40,2,0,0,0,0,0,20,0,0,0,0,0,20,1166
3028,アルペン,プライム（内国株式）,小売業,50,2,0,0,25,0,0,0,0,0,25,0,0,0,2334
302A,ビースタイルホールディングス,グロース（内国株式）,サービス業,,,0,0,0,0,0,0,0,0,0,0,0,0,598
3030,ハブ,スタンダード（内国株式）,小売業,11,1,0,0,0,0,11,0,0,0,0,0,0,0,896
3031,ラクーンホールディングス,プライム（内国株式）,情報・通信業,27,2,13.5,0,0,0,0,0,13.5,0,0,0,0,0,698
3034,クオールホールディングス,プライム（内国株式）,小売業,50,2,0,0,0,0,0,25,0,0,0,0,0,25,2363
3035,ケイティケイ,スタンダード（内国株式）,卸売業,17,2,0,0,0,0,8.5,0,0,0,0,0,8.5,0,734
3036,アルコニックス,プライム（内国株式）,卸売業,87,2,0,0,0,0,0,43.5,0,0,0,0,0,43.5,3305
3038,神戸物産,プライム（内国株式）,卸売業,30,1,30,0,0,0,0,0,0,0,0,0,0,0,2927
303A,ｖｉｓｕｍｏ,グロース（内国株式）,情報・通信業,,,0,0,0,0,0,0,0,0,0,0,0,0,601
3040,ソリトンシステムズ,プライム（内国株式）,情報・通信業,54,2,0,0,27,0,0,0,0,0,27,0,0,0,2841
3041,ビューティカダンホールディングス,スタンダード（内国株式）,卸売業,5.25,1,0,0,0,0,0,0,0,0,5.25,0,0,0,398
3042,セキュアヴェイル,スタンダード（内国株式）,情報・通信業,5,1,0,0,0,0,0,5,0,0,0,0,0,0,453
3045,カワサキ,スタンダード（内国株式）,卸売業,50,2,0,0,0,0,25,0,0,0,0,0,25,0,1458
3046,ジンズホールディングス,プライム（内国株式）,小売業,109,2,0,0,0,0,54.5,0,0,0,0,0,54.5,0,5670
3048,ビックカメラ,プライム（内国株式）,小売業,41,2,0,0,0,0,20.5,0,0,0,0,0,20.5,0,1648
304A,フォルシア,グロース（内国株式）,情報・通信業,,,0,0,0,0,0,0,0,0,0,0,0,0,2174
3050,ＤＣＭホールディングス,プライム（内国株式）,小売業,47,2,0,0,0,0,23.5,0,0,0,0,0,23.5,0,1518
3053,ペッパーフードサービス,スタンダード（内国株式）,小売業,15,2,0,0,7.5,0,0,0,0,0,7.5,0,0,0,199
3054,ハイパー,スタンダード（内国株式）,卸売業,7,2,0,0,3.5,0,0,0,0,0,3.5,0,0,0,385
3058,三洋堂ホールディングス,スタンダード（内国株式）,小売業,4,2,0,0,0,0,0,2,0,0,0,0,0,2,713
3059,ヒラキ,スタンダード（内国株式）,小売業,20,2,0,0,0,0,0,10,0,0,0,0,0,10,708
3063,ジェイグループホールディングス,グロース（内国株式）,小売業,1.5,2,0,0,0,0,0.75,0,0,0,0,0,0.75,0,1122
3064,ＭｏｎｏｔａＲＯ,プライム（内国株式）,小売業,33,2,0,0,16.5,0,0,0,0,0,16.5,0,0,0,2134
3065,ライフフーズ,スタンダード（内国株式）,小売業,5,1,0,0,0,0,5,0,0,0,0,0,0,0,1586
3067,東京一番フーズ,スタンダード（内国株式）,小売業,,,0,0,0,0,0,0,0,0,0,0,0,0,454
3068,ＷＤＩ,スタンダード（内国株式）,小売業,17,1,0,0,0,0,0,17,0,0,0,0,0,0,3095
3069,ＪＦＬＡホールディングス,スタンダード（内国株式）,食料品,4,1,0,0,0,0,0,4,0,0,0,0,0,0,156
3070,ジェリービーンズグループ,グロース（内国株式）,卸売業,,,0,0,0,0,0,0,0,0,0,0,0,0,43
3071,ストリーム,スタンダード（内国株式）,小売業,3,1,0,0,0,3,0,0,0,0,0,0,0,0,103
3075,銚子丸,スタンダード（内国株式）,小売業,14,1,0,0,0,0,14,0,0,0,0,0,0,0,1719
3076,あい　ホールディングス,プライム（内国株式）,卸売業,100,2,0,0,50,0,0,0,0,0,50,0,0,0,2986
3077,ホリイフードサービス,スタンダード（内国株式）,小売業,,,0,0,0,0,0,0,0,0,0,0,0,0,1523
3080,ジェーソン,スタンダード（内国株式）,小売業,13,1,0,0,0,0,13,0,0,0,0,0,0,0,839
3082,きちりホールディングス,スタンダード（内国株式）,小売業,7.5,2,0,0,3.75,0,0,0,0,0,3.75,0,0,0,989
3083,スターシーズ,スタンダード（内国株式）,小売業,5,1,0,0,0,0,5,0,0,0,0,0,0,0,1107
3086,Ｊ．フロント　リテイリング,プライム（内国株式）,小売業,54,2,0,0,0,0,27,0,0,0,0,0,27,0,2728
3087,ドトール・日レスホールディングス,プライム（内国株式）,小売業,57,2,0,0,0,0,28.5,0,0,0,0,0,28.5,0,3145
3088,マツキヨココカラ＆カンパニー,プライム（内国株式）,小売業,50,2,0,0,0,0,0,25,0,0,0,0,0,25,2439
3089,テクノアルファ,スタンダード（内国株式）,卸売業,35,1,0,35,0,0,0,0,0,0,0,0,0,0,1015
3091,ブロンコビリー,プライム（内国株式）,小売業,28,2,0,0,14,0,0,0,0,0,14,0,0,0,2832
3092,ＺＯＺＯ,プライム（内国株式）,小売業,39,2,0,0,0,0,0,19.5,0,0,0,0,0,19.5,1120
3093,トレジャー・ファクトリー,プライム（内国株式）,小売業,40,2,0,0,0,0,20,0,0,0,0,0,20,0,1957
3096,オーシャンシステム,スタンダード（内国株式）,小売業,20,2,0,0,0,0,0,10,0,0,0,0,0,10,1510
3097,物語コーポレーション,プライム（内国株式）,小売業,36,2,0,0,18,0,0,0,0,0,18,0,0,0,5400
3099,三越伊勢丹ホールディングス,プライム（内国株式）,小売業,35,2,0,0,0,0,0,17.5,0,0,0,0,0,17.5,1747
3101,東洋紡,プライム（内国株式）,化学,40,1,0,0,0,0,0,40,0,0,0,0,0,0,1665
3103,ユニチカ,スタンダード（内国株式）,繊維製品,,,0,0,0,0,0,0,0,0,0,0,0,0,1522
3104,富士紡ホールディングス,プライム（内国株式）,繊維製品,180,2,0,0,0,0,0,90,0,0,0,0,0,90,3715
3105,日清紡ホールディングス,プライム（内国株式）,電気機器,36,2,0,0,18,0,0,0,0,0,18,0,0,0,2812
3106,倉敷紡績,プライム（内国株式）,繊維製品,61.4,2,0,0,0,0,0,30.7,0,0,0,0,0,30.7,2465
3107,ダイワボウホールディングス,プライム（内国株式）,卸売業,105,2,0,0,0,0,0,52.5,0,0,0,0,0,52.5,3624
3109,シキボウ,プライム（内国株式）,繊維製品,50,2,0,0,0,0,0,25,0,0,0,0,0,25,1020
3110,日東紡績,プライム（内国株式）,ガラス・土石製品,127,2,0,0,0,0,0,63.5,0,0,0,0,0,63.5,3675
3111,オーミケンシ,スタンダード（内国株式）,繊維製品,20,1,0,0,0,0,0,20,0,0,0,0,0,0,173
3113,ＵＮＩＶＡ・Ｏａｋホールディングス,スタンダード（内国株式）,証券、商品先物取引業,5,1,0,0,0,0,0,5,0,0,0,0,0,0,80
3116,トヨタ紡織,プライム（内国株式）,輸送用機器,86,2,0,0,0,0,0,43,0,0,0,0,0,43,2168
3121,マーチャント・バンカーズ,スタンダード（内国株式）,サービス業,2,1,2,0,0,0,0,0,0,0,0,0,0,0,250
3123,サイボー,スタンダード（内国株式）,繊維製品,17,2,0,0,0,0,0,8.5,0,0,0,0,0,8.5,633
3131,シンデン・ハイテックス,スタンダード（内国株式）,卸売業,130,1,0,0,0,0,0,130,0,0,0,0,0,0,8700
3132,マクニカホールディングス,プライム（内国株式）,卸売業,70,2,0,0,0,0,0,35,0,0,0,0,0,35,4420
3133,海帆,グロース（内国株式）,小売業,0.67,2,0,0,0,0,0,0.335,0,0,0,0,0,0.335,34
3134,Ｈａｍｅｅ,スタンダード（内国株式）,小売業,22.5,1,0,0,0,0,0,0,22.5,0,0,0,0,0,293
3135,マーケットエンタープライズ,スタンダード（内国株式）,小売業,,,0,0,0,0,0,0,0,0,0,0,0,0,1133
3137,ファンデリー,スタンダード（内国株式）,小売業,1.5,1,0,0,0,0,0,1.5,0,0,0,0,0,0,215
3138,富士山マガジンサービス,スタンダード（内国株式）,小売業,30,1,0,0,30,0,0,0,0,0,0,0,0,0,1200
3139,ラクト・ジャパン,プライム（内国株式）,卸売業,132,2,0,66,0,0,0,0,0,66,0,0,0,0,3395
313A,ｉシェアーズ　Ｓ＆Ｐ　５００　トップ　２０　ＥＴＦ,ETF・ETN,ETF・他,0.2,2,0,0.1,0,0,0,0,0,0.1,0,0,0,0,278.600006
3140,ＢＲＵＮＯ,グロース（内国株式）,卸売業,4,1,0,0,0,0,0,0,0,0,4,0,0,0,1025
3143,オーウイル,スタンダード（内国株式）,卸売業,22,2,0,0,0,0,0,11,0,0,0,0,0,11,1089
3148,クリエイトＳＤホールディングス,プライム（内国株式）,小売業,78,2,0,39,0,0,0,0,0,39,0,0,0,0,3090
314A,ｉシェアーズ　ゴールド　ＥＴＦ,ETF・ETN,ETF・他,,,0,0,0,0,0,0,0,0,0,0,0,0,309.700012
3150,グリムス,プライム（内国株式）,電気・ガス業,85,2,0,0,0,0,0,42.5,0,0,0,0,0,42.5,2376
3151,バイタルケーエスケー・ホールディングス,プライム（内国株式）,卸売業,70,2,0,0,0,0,0,35,0,0,0,0,0,35,1524
3153,八洲電機,プライム（内国株式）,卸売業,45,1,0,0,0,0,0,45,0,0,0,0,0,0,3130
3154,メディアスホールディングス,プライム（内国株式）,卸売業,20,1,0,0,0,0,0,0,0,0,20,0,0,0,783
3156,レスター,プライム（内国株式）,卸売業,128,2,0,0,0,0,0,64,0,0,0,0,0,64,6310
3157,ジオリーブグループ,スタンダード（内国株式）,卸売業,50,2,0,0,0,0,0,25,0,0,0,0,0,25,1405
3159,丸善ＣＨＩホールディングス,スタンダード（内国株式）,小売業,6,1,0,0,0,6,0,0,0,0,0,0,0,0,375
315A,グローバルＸ　銀行　高配当－日本株式　ＥＴＦ,ETF・ETN,ETF・他,40,2,0,0,0,25,0,0,0,0,0,15,0,0,1965
3160,大光,スタンダード（内国株式）,卸売業,14,2,0,7,0,0,0,0,0,7,0,0,0,0,578
3161,アゼアス,スタンダード（内国株式）,卸売業,23,1,0,0,0,0,0,0,23,0,0,0,0,0,700
3166,ＯＣＨＩホールディングス,スタンダード（内国株式）,卸売業,54,2,0,0,0,0,0,27,0,0,0,0,0,27,1418
3167,ＴＯＫＡＩホールディングス,プライム（内国株式）,卸売業,36,2,0,0,0,0,0,18,0,0,0,0,0,18,1330
3168,ＭＥＲＦ,スタンダード（内国株式）,卸売業,20,2,0,0,0,0,10,0,0,0,0,0,10,0,1262
3169,ミサワ,スタンダード（内国株式）,小売業,8,1,0,0,0,8,0,0,0,0,0,0,0,0,696
316A,ｉＦｒｅｅＥＴＦ　ＦＡＮＧ＋,ETF・ETN,ETF・他,,,0,0,0,0,0,0,0,0,0,0,0,0,2850
3172,ティーライフ,スタンダード（内国株式）,小売業,40,2,0,0,0,20,0,0,0,0,0,20,0,0,1128
3173,Ｃｏｍｉｎｉｘ,スタンダード（内国株式）,卸売業,35,2,0,0,0,0,0,17.5,0,0,0,0,0,17.5,1458
3174,ハピネス・アンド・ディ,スタンダード（内国株式）,小売業,7.5,2,0,0,0,0,3.75,0,0,0,0,0,3.75,0,335
3175,エー・ピーホールディングス,スタンダード（内国株式）,小売業,,,0,0,0,0,0,0,0,0,0,0,0,0,934
3176,三洋貿易,プライム（内国株式）,卸売業,57,2,0,0,0,0,0,28.5,0,0,0,0,0,28.5,1189
3177,ありがとうサービス,スタンダード（内国株式）,小売業,135,1,0,0,0,0,135,0,0,0,0,0,0,0,4635
3178,チムニー,スタンダード（内国株式）,小売業,10,2,0,0,0,0,0,5,0,0,0,0,0,5,1111
3179,シュッピン,プライム（内国株式）,小売業,47,1,0,0,0,0,0,47,0,0,0,0,0,0,1181
3180,ビューティガレージ,プライム（内国株式）,卸売業,16,2,8,0,0,0,0,0,8,0,0,0,0,0,1669
3181,買取王国,スタンダード（内国株式）,小売業,10,1,0,0,0,0,10,0,0,0,0,0,0,0,1070
3182,オイシックス,プライム（内国株式）,小売業,20,2,0,0,0,0,0,10,0,0,0,0,0,10,1606
3183,ウイン・パートナーズ,プライム（内国株式）,卸売業,54,1,0,0,0,0,0,54,0,0,0,0,0,0,1229
3184,ＩＣＤＡホールディングス,スタンダード（内国株式）,小売業,70,1,0,0,0,0,0,70,0,0,0,0,0,0,4095
3185,夢展望,グロース（内国株式）,小売業,,,0,0,0,0,0,0,0,0,0,0,0,0,108
3186,ネクステージ,プライム（内国株式）,小売業,45,1,0,45,0,0,0,0,0,0,0,0,0,0,2632
3187,ミラタップ,グロース（内国株式）,小売業,3,1,0,0,0,0,0,0,0,0,0,0,0,3,397
3189,ＡＮＡＰホールディングス,スタンダード（内国株式）,小売業,3,1,0,0,0,0,0,0,0,0,0,0,3,0,86
318A,ＶＩＸ短期先物指数ＥＴＦ,ETF・ETN,ETF・他,,,0,0,0,0,0,0,0,0,0,0,0,0,332.799988
3190,ホットマン,スタンダード（内国株式）,小売業,11,1,0,0,0,0,0,11,0,0,0,0,0,0,572
3191,ジョイフル本田,プライム（内国株式）,小売業,64,2,0,0,32,0,0,0,0,0,32,0,0,0,2207
3192,白鳩,スタンダード（内国株式）,小売業,3,1,0,3,0,0,0,0,0,0,0,0,0,0,225
3193,エターナルホスピタリティグループ,プライム（内国株式）,小売業,23,2,0,0,0,11.5,0,0,0,0,0,11.5,0,0,1299
3195,ジェネレーションパス,スタンダード（内国株式）,小売業,9,1,9,0,0,0,0,0,0,0,0,0,0,0,434
3196,ホットランドホールディングス,プライム（内国株式）,小売業,13,1,0,0,13,0,0,0,0,0,0,0,0,0,1611
3197,すかいらーくホールディングス,プライム（内国株式）,小売業,22,2,0,0,11,0,0,0,0,0,11,0,0,0,3206
3199,綿半ホールディングス,プライム（内国株式）,小売業,30,1,0,0,0,0,0,30,0,0,0,0,0,0,1241
319A,技術承継機構,グロース（内国株式）,金属製品,,,0,0,0,0,0,0,0,0,0,0,0,0,23910
3201,日本毛織,プライム（内国株式）,繊維製品,47,2,0,23.5,0,0,0,0,0,23.5,0,0,0,0,1921
3202,ダイトウボウ,スタンダード（内国株式）,繊維製品,3,1,0,0,0,0,0,3,0,0,0,0,0,0,127
3204,トーア紡コーポレーション,スタンダード（内国株式）,繊維製品,14,1,0,0,14,0,0,0,0,0,0,0,0,0,499
3205,ダイドーリミテッド,スタンダード（内国株式）,繊維製品,50,1,0,0,0,0,0,50,0,0,0,0,0,0,740
3221,ヨシックスホールディングス,プライム（内国株式）,小売業,30,2,0,0,0,0,0,15,0,0,0,0,0,15,2883
3222,ユナイテッド・スーパーマーケット・ホールディングス,スタンダード（内国株式）,小売業,16,2,0,0,0,0,8,0,0,0,0,0,8,0,800
3223,エスエルディー,スタンダード（内国株式）,小売業,32000,1,0,0,0,0,32000,0,0,0,0,0,0,0,995
3224,ゼネラル・オイスター,グロース（内国株式）,小売業,10,1,0,0,0,0,0,10,0,0,0,0,0,0,656
3226,三井不動産アコモデーションファンド投資法人,REIT・ベンチャーファンド・カントリーファンド・インフラファンド,ETF・他,4802,2,0,2405,0,0,0,0,0,2397,0,0,0,0,110000
3231,野村不動産ホールディングス,プライム（内国株式）,不動産業,40,2,0,0,0,0,0,20,0,0,0,0,0,20,846.900024
3232,三重交通グループホールディングス,プライム（内国株式）,不動産業,18,2,0,0,0,0,0,9,0,0,0,0,0,9,555
3234,森ヒルズリート投資法人,REIT・ベンチャーファンド・カントリーファンド・インフラファンド,ETF・他,6200,2,3100,0,0,0,0,0,3100,0,0,0,0,0,118300
3236,プロパスト,スタンダード（内国株式）,不動産業,6,1,0,0,0,0,0,0,0,6,0,0,0,0,273
3237,イントランス,グロース（内国株式）,不動産業,2,1,0,0,0,0,0,2,0,0,0,0,0,0,92
3238,セントラル総合開発,スタンダード（内国株式）,不動産業,5,1,0,0,0,0,0,5,0,0,0,0,0,0,383
323A,フライヤー,グロース（内国株式）,情報・通信業,,,0,0,0,0,0,0,0,0,0,0,0,0,383
3241,ウィル,スタンダード（内国株式）,不動産業,21,1,0,0,21,0,0,0,0,0,0,0,0,0,603
3242,アーバネットコーポレーション,スタンダード（内国株式）,不動産業,22,2,0,0,11,0,0,0,0,0,11,0,0,0,538
3245,ディア・ライフ,プライム（内国株式）,不動産業,63,1,0,0,0,0,0,0,0,0,0,0,0,63,940
3246,コーセーアールイー,スタンダード（内国株式）,不動産業,24,1,0,0,0,24,0,0,0,0,0,0,0,0,692
3248,アールエイジ,スタンダード（内国株式）,不動産業,36,2,18,0,0,0,0,0,18,0,0,0,0,0,892
3249,産業ファンド投資法人,REIT・ベンチャーファンド・カントリーファンド・インフラファンド,ETF・他,8581,2,4494,0,0,0,0,0,4087,0,0,0,0,0,126400
324A,ブッキングリゾート,グロース（内国株式）,サービス業,,,0,0,0,0,0,0,0,0,0,0,0,0,705
3252,地主,プライム（内国株式）,不動産業,110,2,0,0,55,0,0,0,0,0,55,0,0,0,2681
325A,ＴＥＮＴＩＡＬ,グロース（内国株式）,繊維製品,,,0,0,0,0,0,0,0,0,0,0,0,0,2017
3261,グランディーズ,グロース（内国株式）,不動産業,15,1,0,0,15,0,0,0,0,0,0,0,0,0,453
3266,ファンドクリエーショングループ,スタンダード（内国株式）,不動産業,1,1,0,1,0,0,0,0,0,0,0,0,0,0,79
3267,フィル・カンパニー,スタンダード（内国株式）,建設業,20,1,0,20,0,0,0,0,0,0,0,0,0,0,618
3269,アドバンス・レジデンス投資法人,REIT・ベンチャーファンド・カントリーファンド・インフラファンド,ETF・他,6445,2,3220,0,0,0,0,0,3225,0,0,0,0,0,133600
3276,ＪＰＭＣ,プライム（内国株式）,不動産業,60,2,0,0,30,0,0,0,0,0,30,0,0,0,2262
3277,サンセイランディック,スタンダード（内国株式）,不動産業,46,2,0,0,23,0,0,0,0,0,23,0,0,0,816
3279,アクティビア・プロパティーズ投資法人,REIT・ベンチャーファンド・カントリーファンド・インフラファンド,ETF・他,6317,2,0,0,0,0,3204,0,0,0,0,0,3113,0,124400
3280,エストラスト,スタンダード（内国株式）,不動産業,30,2,0,0,0,0,15,0,0,0,0,0,15,0,933
3281,ＧＬＰ投資法人,REIT・ベンチャーファンド・カントリーファンド・インフラファンド,ETF・他,7029,2,0,3399,0,0,0,0,0,3630,0,0,0,0,128200
3282,コンフォリア・レジデンシャル投資法人,REIT・ベンチャーファンド・カントリーファンド・インフラファンド,ETF・他,4140.3333,2,2038.3333,0,0,0,0,0,2102,0,0,0,0,0,91000
3283,日本プロロジスリート投資法人,REIT・ベンチャーファンド・カントリーファンド・インフラファンド,ETF・他,3848,2,0,0,0,0,1928,0,0,0,0,0,1920,0,79800
3284,フージャースホールディングス,プライム（内国株式）,不動産業,74,2,0,0,0,0,0,37,0,0,0,0,0,37,1201
3286,トラストホールディングス,スタンダード（内国株式）,不動産業,19,2,0,0,9.5,0,0,0,0,0,9.5,0,0,0,871
3287,星野リゾート・リート投資法人,REIT・ベンチャーファンド・カントリーファンド・インフラファンド,ETF・他,12909,2,0,0,0,6832,0,0,0,0,0,6077,0,0,227700
3288,オープンハウスグループ,プライム（内国株式）,不動産業,178,2,0,0,0,0,0,89,0,0,0,0,0,89,7421
3289,東急不動産ホールディングス,プライム（内国株式）,不動産業,48,2,0,0,0,0,0,24,0,0,0,0,0,24,1189
328A,グローバルＸ　プライシングパワー・リーダーズ－日本株式　ＥＴＦ,ETF・ETN,ETF・他,18,2,0,5,0,0,0,0,0,13,0,0,0,0,1327
3290,Ｏｎｅリート投資法人,REIT・ベンチャーファンド・カントリーファンド・インフラファンド,ETF・他,4826,2,0,2386,0,0,0,0,0,2440,0,0,0,0,75200
3291,飯田グループホールディングス,プライム（内国株式）,不動産業,100,2,0,0,0,0,0,50,0,0,0,0,0,50,2130.5
3292,イオンリート投資法人,REIT・ベンチャーファンド・カントリーファンド・インフラファンド,ETF・他,6790,2,3400,0,0,0,0,0,3390,0,0,0,0,0,106900
3293,アズマハウス,スタンダード（内国株式）,不動産業,35,2,0,0,0,0,0,17.5,0,0,0,0,0,17.5,743
3295,ヒューリックリート投資法人,REIT・ベンチャーファンド・カントリーファンド・インフラファンド,ETF・他,8050,2,0,4050,0,0,0,0,0,4000,0,0,0,0,139000
3296,日本リート投資法人,REIT・ベンチャーファンド・カントリーファンド・インフラファンド,ETF・他,4949,2,0,0,0,0,0,2516,0,0,0,0,0,2433,75800
3297,東武住販,スタンダード（内国株式）,不動産業,40,1,0,0,0,0,0,0,0,40,0,0,0,0,1160
3299,ムゲンエステート,スタンダード（内国株式）,不動産業,114,2,0,0,57,0,0,0,0,0,57,0,0,0,1600
3300,アンビション　ＤＸ　ホールディングス,グロース（内国株式）,不動産業,105,1,0,0,0,0,0,0,0,0,105,0,0,0,1834
3302,帝国繊維,プライム（内国株式）,繊維製品,55,1,0,0,55,0,0,0,0,0,0,0,0,0,2936
3306,日本製麻,スタンダード（内国株式）,卸売業,10,1,0,0,0,0,0,10,0,0,0,0,0,0,596
3309,積水ハウス・リート投資法人,REIT・ベンチャーファンド・カントリーファンド・インフラファンド,ETF・他,2329,1,0,0,0,0,0,0,0,0,0,2329,0,0,66700
330A,ＴａｌｅｎｔＸ,グロース（内国株式）,情報・通信業,,,0,0,0,0,0,0,0,0,0,0,0,0,523
3315,日本コークス工業,プライム（内国株式）,石油・石炭製品,3,1,0,0,0,0,0,3,0,0,0,0,0,0,94
3317,フライングガーデン,スタンダード（内国株式）,小売業,18,1,0,0,0,0,0,18,0,0,0,0,0,0,1485
331A,メディックス,スタンダード（内国株式）,サービス業,18,1,0,0,0,0,0,18,0,0,0,0,0,0,477
3320,クロスプラス,スタンダード（内国株式）,卸売業,50,2,0,0,0,25,0,0,0,0,0,25,0,0,1303
3321,ミタチ産業,スタンダード（内国株式）,卸売業,60,2,0,30,0,0,0,0,0,30,0,0,0,0,1745
3323,レカム,スタンダード（内国株式）,卸売業,1,1,0,0,0,0,0,0,0,0,0,0,0,1,92
3326,ランシステム,スタンダード（内国株式）,サービス業,5,1,0,0,0,0,0,5,0,0,0,0,0,0,650
3329,東和フードサービス,スタンダード（内国株式）,小売業,20,2,10,0,0,0,0,0,10,0,0,0,0,0,2138
332A,ミーク,グロース（内国株式）,情報・通信業,,,0,0,0,0,0,0,0,0,0,0,0,0,1142
3333,あさひ,プライム（内国株式）,小売業,50,2,0,0,0,0,25,0,0,0,0,0,25,0,1236
3349,コスモス薬品,プライム（内国株式）,小売業,53.75,2,0,26.875,0,0,0,0,0,26.875,0,0,0,0,6327
334A,ビジュアル・プロセッシング・ジャパン,グロース（内国株式）,情報・通信業,32,1,0,0,32,0,0,0,0,0,0,0,0,0,1155
3350,メタプラネット,スタンダード（内国株式）,卸売業,,,0,0,0,0,0,0,0,0,0,0,0,0,285
3352,バッファロー,スタンダード（内国株式）,小売業,65,2,0,0,0,0,0,32.5,0,0,0,0,0,32.5,1781
3353,メディカル一光グループ,スタンダード（内国株式）,小売業,120,2,0,0,0,0,60,0,0,0,0,0,60,0,2815
3355,クリヤマホールディングス,スタンダード（内国株式）,卸売業,61,2,0,0,30.5,0,0,0,0,0,30.5,0,0,0,1815
3358,Ｔｒａｉｌｈｅａｄ　Ｇｌｏｂａｌ　Ｈｏｌｄｉｎｇｓ,スタンダード（内国株式）,小売業,1,1,0,0,0,0,0,1,0,0,0,0,0,0,93
3359,ｃｏｔｔａ,グロース（内国株式）,卸売業,10,1,0,0,0,0,0,0,0,0,0,0,0,10,493
335A,ミライロ,グロース（内国株式）,情報・通信業,,,0,0,0,0,0,0,0,0,0,0,0,0,322
3360,シップヘルスケアホールディングス,プライム（内国株式）,卸売業,60,1,0,0,0,0,0,60,0,0,0,0,0,0,2454
3361,トーエル,スタンダード（内国株式）,小売業,23,1,0,0,0,0,0,0,23,0,0,0,0,0,908
336A,ダイナミックマッププラットフォーム,グロース（内国株式）,情報・通信業,,,0,0,0,0,0,0,0,0,0,0,0,0,1496
3370,フジタコーポレーション,スタンダード（内国株式）,小売業,3,1,0,0,0,0,0,3,0,0,0,0,0,0,461
3371,ソフトクリエイトホールディングス,プライム（内国株式）,情報・通信業,62,2,0,0,0,0,0,31,0,0,0,0,0,31,2153
3372,関門海,スタンダード（内国株式）,小売業,,,0,0,0,0,0,0,0,0,0,0,0,0,215
3374,内外テック,スタンダード（内国株式）,卸売業,105,1,0,0,0,0,0,105,0,0,0,0,0,0,5220
3375,ＺＯＡ,スタンダード（内国株式）,小売業,75,1,0,0,0,0,0,75,0,0,0,0,0,0,1748
3377,バイク王＆カンパニー,スタンダード（内国株式）,卸売業,11,2,0,5.5,0,0,0,0,0,5.5,0,0,0,0,417
3382,セブン＆アイ・ホールディングス,プライム（内国株式）,小売業,50,2,0,0,0,0,25,0,0,0,0,0,25,0,1967.5
3386,コスモ・バイオ,スタンダード（内国株式）,卸売業,50,2,0,0,25,0,0,0,0,0,25,0,0,0,1260
3387,クリエイト・レストランツ・ホールディングス,プライム（内国株式）,小売業,4.5,2,0,0,0,0,2.25,0,0,0,0,0,2.25,0,779
3388,明治電機工業,プライム（内国株式）,卸売業,90,2,0,0,0,0,0,45,0,0,0,0,0,45,2123
338A,ＺｅｎｍｕＴｅｃｈ,グロース（内国株式）,情報・通信業,,,0,0,0,0,0,0,0,0,0,0,0,0,4990
3391,ツルハホールディングス,プライム（内国株式）,小売業,156.5,2,0,0,0,0,78.25,0,0,0,0,0,78.25,0,2085
3392,デリカフーズホールディングス,スタンダード（内国株式）,卸売業,25,1,0,0,0,0,0,25,0,0,0,0,0,0,765
3393,スターティアホールディングス,プライム（内国株式）,卸売業,145,2,0,0,0,0,0,72.5,0,0,0,0,0,72.5,3095
3395,サンマルクホールディングス,プライム（内国株式）,小売業,52,2,0,0,0,0,0,26,0,0,0,0,0,26,2445
3396,フェリシモ,スタンダード（内国株式）,小売業,20,1,0,0,0,0,20,0,0,0,0,0,0,0,861
3397,トリドールホールディングス,プライム（内国株式）,小売業,11,1,0,0,0,0,0,11,0,0,0,0,0,0,4187
3399,丸千代山岡家,スタンダード（内国株式）,小売業,4,1,0,0,0,4,0,0,0,0,0,0,0,0,4240
339A,プログレス・テクノロジーズ　グループ,グロース（内国株式）,サービス業,30,1,0,0,0,0,30,0,0,0,0,0,0,0,923
3401,帝人,プライム（内国株式）,繊維製品,50,2,0,0,0,0,0,25,0,0,0,0,0,25,1646.5
3402,東レ,プライム（内国株式）,繊維製品,20,2,0,0,0,0,0,10,0,0,0,0,0,10,1252
3405,クラレ,プライム（内国株式）,化学,54,2,0,0,27,0,0,0,0,0,27,0,0,0,1822.5
3407,旭化成,プライム（内国株式）,化学,42,2,0,0,0,0,0,21,0,0,0,0,0,21,1664
3409,北紡,スタンダード（内国株式）,繊維製品,,,0,0,0,0,0,0,0,0,0,0,0,0,76
340A,ジグザグ,グロース（内国株式）,情報・通信業,,,0,0,0,0,0,0,0,0,0,0,0,0,335
3415,ＴＯＫＹＯ　ＢＡＳＥ,プライム（内国株式）,小売業,6,1,0,0,0,6,0,0,0,0,0,0,0,0,346
3416,ピクスタ,スタンダード（内国株式）,小売業,45,1,0,0,45,0,0,0,0,0,0,0,0,0,897
3417,大木ヘルスケアホールディングス,スタンダード（内国株式）,卸売業,30,1,0,0,0,0,0,30,0,0,0,0,0,0,1004
3418,バルニバービ,グロース（内国株式）,小売業,7.5,2,0,0,0,3.75,0,0,0,0,0,3.75,0,0,1051
341A,トヨコー,グロース（内国株式）,建設業,,,0,0,0,0,0,0,0,0,0,0,0,0,2026
3420,ケー・エフ・シー,スタンダード（内国株式）,金属製品,65,1,0,0,0,0,0,65,0,0,0,0,0,0,1548
3421,稲葉製作所,スタンダード（内国株式）,金属製品,42,2,0,0,0,21,0,0,0,0,0,21,0,0,1576
3422,Ｊ－ＭＡＸ,スタンダード（内国株式）,金属製品,5,2,0,0,0,0,0,2.5,0,0,0,0,0,2.5,673
3423,エスイー,スタンダード（内国株式）,金属製品,13,1,0,0,0,0,0,13,0,0,0,0,0,0,267
3426,アトムリビンテック,スタンダード（内国株式）,金属製品,34,2,0,0,17,0,0,0,0,0,17,0,0,0,1311
3431,宮地エンジニアリンググループ,プライム（内国株式）,金属製品,97.5,2,0,0,0,0,0,48.75,0,0,0,0,0,48.75,1437
3433,トーカロ,プライム（内国株式）,金属製品,85,2,0,0,0,0,0,42.5,0,0,0,0,0,42.5,3135
3434,アルファＣｏ,スタンダード（内国株式）,金属製品,50,2,0,0,0,0,0,25,0,0,0,0,0,25,1211
3435,サンコーテクノ,スタンダード（内国株式）,金属製品,42,1,0,0,0,0,0,42,0,0,0,0,0,0,1526
3436,ＳＵＭＣＯ,プライム（内国株式）,金属製品,20,2,0,0,10,0,0,0,0,0,10,0,0,0,3684
3437,特殊電極,スタンダード（内国株式）,金属製品,101,2,0,0,0,0,0,50.5,0,0,0,0,0,50.5,2595
3439,三ツ知,スタンダード（内国株式）,金属製品,20,2,0,0,10,0,0,0,0,0,10,0,0,0,684
343A,ＩＡＣＥトラベル,スタンダード（内国株式）,サービス業,30,1,0,0,0,0,0,30,0,0,0,0,0,0,1246
3440,日創グループ,スタンダード（内国株式）,金属製品,40,1,0,0,0,0,0,0,0,0,0,0,40,0,847
3441,山王,スタンダード（内国株式）,金属製品,22,1,0,0,0,0,0,0,0,0,0,22,0,0,1840
3443,川田テクノロジーズ,プライム（内国株式）,金属製品,151,2,0,0,0,0,0,75.5,0,0,0,0,0,75.5,1337
3444,菊池製作所,スタンダード（内国株式）,金属製品,10,1,0,0,0,0,0,0,10,0,0,0,0,0,1127
3445,ＲＳ　Ｔｅｃｈｎｏｌｏｇｉｅｓ,プライム（内国株式）,金属製品,45,1,0,0,45,0,0,0,0,0,0,0,0,0,6490
3446,ジェイテックコーポレーション,スタンダード（内国株式）,金属製品,2.5,1,0,0,0,0,0,0,0,0,2.5,0,0,0,1537
3447,信和,スタンダード（内国株式）,金属製品,34,2,0,0,0,0,0,17,0,0,0,0,0,17,950
3449,テクノフレックス,スタンダード（内国株式）,金属製品,69,2,0,0,34.5,0,0,0,0,0,34.5,0,0,0,4750
3451,トーセイ・リート投資法人,REIT・ベンチャーファンド・カントリーファンド・インフラファンド,ETF・他,7801,2,0,0,0,3926,0,0,0,0,0,3875,0,0,122400
3452,ビーロット,スタンダード（内国株式）,不動産業,73,1,0,0,73,0,0,0,0,0,0,0,0,0,1372
3454,ファーストブラザーズ,スタンダード（内国株式）,不動産業,35,1,0,35,0,0,0,0,0,0,0,0,0,0,1277
3455,ヘルスケア＆メディカル投資法人,REIT・ベンチャーファンド・カントリーファンド・インフラファンド,ETF・他,6460,2,3286,0,0,0,0,0,3174,0,0,0,0,0,92800
3457,Ａｎｄ　Ｄｏホールディングス,プライム（内国株式）,不動産業,45,1,0,0,0,0,0,0,0,0,45,0,0,0,810
3459,サムティ・レジデンシャル投資法人,REIT・ベンチャーファンド・カントリーファンド・インフラファンド,ETF・他,6241,2,3604,0,0,0,0,0,2637,0,0,0,0,0,80600
345A,高配当成長　日本株（ネットリターン）ＥＴＮ,ETF・ETN,ETF・他,,,0,0,0,0,0,0,0,0,0,0,0,0,15350
3461,パルマ,スタンダード（内国株式）,不動産業,12,1,0,0,0,0,0,0,0,0,0,0,0,12,567
3462,野村不動産マスターファンド投資法人,REIT・ベンチャーファンド・カントリーファンド・インフラファンド,ETF・他,7329,2,0,3634,0,0,0,0,0,3695,0,0,0,0,134500
3463,いちごホテルリート投資法人,REIT・ベンチャーファンド・カントリーファンド・インフラファンド,ETF・他,7897,2,4136,0,0,0,0,0,3761,0,0,0,0,0,100500
3465,ケイアイスター不動産,プライム（内国株式）,不動産業,235,2,0,0,0,0,0,117.5,0,0,0,0,0,117.5,3120
3466,ラサールロジポート投資法人,REIT・ベンチャーファンド・カントリーファンド・インフラファンド,ETF・他,4040,1,0,0,0,0,0,0,0,4040,0,0,0,0,143900
3467,アグレ都市デザイン,スタンダード（内国株式）,不動産業,118,1,0,0,0,0,0,118,0,0,0,0,0,0,2711
3468,スターアジア不動産投資法人,REIT・ベンチャーファンド・カントリーファンド・インフラファンド,ETF・他,3506,2,1769,0,0,0,0,0,1737,0,0,0,0,0,52700
3469,デュアルタップ,スタンダード（内国株式）,不動産業,12.5,1,0,0,0,0,0,0,0,0,12.5,0,0,0,846
346A,ＮＥＸＴ　ＦＵＮＤＳ　Ｓ＆Ｐ　５００　半導体・半導体製造装置３５％キャップ指数連動型上場投信,ETF・ETN,ETF・他,,,0,0,0,0,0,0,0,0,0,0,0,0,5455
3470,マリモ地方創生リート投資法人,REIT・ベンチャーファンド・カントリーファンド・インフラファンド,ETF・他,6718,2,0,0,0,0,0,3512,0,0,0,0,0,3206,92700
3471,三井不動産ロジスティクスパーク投資法人,REIT・ベンチャーファンド・カントリーファンド・インフラファンド,ETF・他,5778,2,3275,0,0,0,0,0,2503,0,0,0,0,0,97100
3472,日本ホテル＆レジデンシャル投資法人,REIT・ベンチャーファンド・カントリーファンド・インフラファンド,ETF・他,2478,1,0,0,0,0,0,0,0,0,0,0,2478,0,65200
3474,Ｇ－ＦＡＣＴＯＲＹ,グロース（内国株式）,不動産業,5,1,0,0,5,0,0,0,0,0,0,0,0,0,594
3475,グッドコムアセット,プライム（内国株式）,不動産業,45,1,45,0,0,0,0,0,0,0,0,0,0,0,1464
3476,投資法人みらい,REIT・ベンチャーファンド・カントリーファンド・インフラファンド,ETF・他,2638,2,0,0,0,1349,0,0,0,0,0,1289,0,0,38700
3477,フォーライフ,スタンダード（内国株式）,不動産業,30,2,0,0,0,0,0,15,0,0,0,0,0,15,882
3479,ＴＫＰ,グロース（内国株式）,不動産業,,,0,0,0,0,0,0,0,0,0,0,0,0,1860
3481,三菱地所物流リート投資法人,REIT・ベンチャーファンド・カントリーファンド・インフラファンド,ETF・他,5947,2,0,2835,0,0,0,0,0,3112,0,0,0,0,107900
3482,ロードスターキャピタル,プライム（内国株式）,不動産業,86,1,0,0,86,0,0,0,0,0,0,0,0,0,2449
3484,イノベーションホールディングス,スタンダード（内国株式）,不動産業,34,1,0,0,0,0,0,34,0,0,0,0,0,0,1225
3486,グローバル・リンク・マネジメント,プライム（内国株式）,不動産業,80.5,1,0,0,80.5,0,0,0,0,0,0,0,0,0,1885
3487,ＣＲＥロジスティクスファンド投資法人,REIT・ベンチャーファンド・カントリーファンド・インフラファンド,ETF・他,7766,2,0,0,0,0,0,3883,0,0,0,0,0,3883,130500
3488,セントラル・リート投資法人,REIT・ベンチャーファンド・カントリーファンド・インフラファンド,ETF・他,6581,2,0,3238,0,0,0,0,0,3343,0,0,0,0,104500
3489,フェイスネットワーク,スタンダード（内国株式）,不動産業,42.5,1,0,0,0,0,0,42.5,0,0,0,0,0,0,740
348A,ＭＡＸＩＳ読売３３３日本株上場投信,ETF・ETN,ETF・他,5.4,2,1.8,0,0,0,0,0,3.6,0,0,0,0,0,303.399994
3490,アズ企画設計,スタンダード（内国株式）,不動産業,30,1,0,0,0,0,30,0,0,0,0,0,0,0,3195
3491,ＧＡ　ｔｅｃｈｎｏｌｏｇｉｅｓ,グロース（内国株式）,不動産業,8,1,8,0,0,0,0,0,0,0,0,0,0,0,1316
3492,ＭＩＲＡＲＴＨ不動産投資法人,REIT・ベンチャーファンド・カントリーファンド・インフラファンド,ETF・他,5500,2,0,2800,0,0,0,0,0,2700,0,0,0,0,76800
3494,マリオン,スタンダード（内国株式）,不動産業,6,1,0,0,0,0,0,0,0,0,0,0,0,6,411
3495,香陵住販,スタンダード（内国株式）,不動産業,55,2,0,0,0,0,0,27.5,0,0,0,0,0,27.5,2285
3496,アズーム,プライム（内国株式）,不動産業,212,1,0,0,0,0,0,0,0,0,0,0,0,212,4585
3498,霞ヶ関キャピタル,プライム（内国株式）,不動産業,240,1,0,0,0,0,0,0,0,0,0,0,240,0,7780
349A,ＳＭＤＡＭ　Ａｃｔｉｖｅ　ＥＴＦ　日本グロース株式,ETF・ETN,ETF・他,9.8,1,0,9.8,0,0,0,0,0,0,0,0,0,0,856
3501,ＳＵＭＩＮＯＥ,プライム（内国株式）,繊維製品,40,2,0,20,0,0,0,0,0,20,0,0,0,0,1166
350A,デジタルグリッド,グロース（内国株式）,電気・ガス業,,,0,0,0,0,0,0,0,0,0,0,0,0,680
3512,日本フエルト,スタンダード（内国株式）,繊維製品,24,2,0,0,0,0,0,12,0,0,0,0,0,12,1024
3513,イチカワ,スタンダード（内国株式）,繊維製品,90,2,0,0,0,0,0,45,0,0,0,0,0,45,3660
3521,テルマー湯ホールディングス,スタンダード（内国株式）,サービス業,5,1,0,0,0,0,0,5,0,0,0,0,0,0,158
3524,日東製網,スタンダード（内国株式）,繊維製品,50,1,0,0,0,0,0,0,50,0,0,0,0,0,1474
3529,アツギ,スタンダード（内国株式）,繊維製品,15,1,0,0,0,0,0,15,0,0,0,0,0,0,1022
352A,ＬＯＩＶＥ,グロース（内国株式）,サービス業,,,0,0,0,0,0,0,0,0,0,0,0,0,538
3536,アクサスホールディングス,スタンダード（内国株式）,小売業,2,1,0,0,0,0,0,0,0,0,0,0,2,0,128
3537,昭栄薬品,スタンダード（内国株式）,卸売業,46,1,0,0,0,0,0,46,0,0,0,0,0,0,1713
3538,ウイルプラスホールディングス,スタンダード（内国株式）,小売業,45.06,2,0,0,22.53,0,0,0,0,0,22.53,0,0,0,1000
3539,ＪＭホールディングス,プライム（内国株式）,小売業,46,2,0,0,0,23,0,0,0,0,0,23,0,0,1441
3542,ベガコーポレーション,グロース（内国株式）,小売業,17,1,0,0,0,0,0,17,0,0,0,0,0,0,1531
3543,コメダホールディングス,プライム（内国株式）,卸売業,60,2,0,0,0,0,30,0,0,0,0,0,30,0,2802
3544,サツドラホールディングス,スタンダード（内国株式）,小売業,10,1,0,0,0,0,0,0,0,10,0,0,0,0,1246
3547,ユニシアホールディングス,スタンダード（内国株式）,小売業,15,1,0,15,0,0,0,0,0,0,0,0,0,0,1952
3548,バロックジャパンリミテッド,プライム（内国株式）,小売業,38,1,0,0,0,0,38,0,0,0,0,0,0,0,626
3549,クスリのアオキホールディングス,スタンダード（内国株式）,小売業,14,2,0,7,0,0,0,0,0,7,0,0,0,0,4116
354A,ｉＦｒｅｅＥＴＦ　ブルームバーグ日本株高配当５０指数,ETF・ETN,ETF・他,106,4,8,0,0,43,0,0,14,0,0,41,0,0,3233
3550,スタジオアタオ,グロース（内国株式）,小売業,5,1,0,0,0,0,5,0,0,0,0,0,0,0,219
3551,ダイニック,スタンダード（内国株式）,繊維製品,46,1,0,0,0,0,0,46,0,0,0,0,0,0,1551
3553,共和レザー,スタンダード（内国株式）,化学,52,2,0,0,0,0,0,26,0,0,0,0,0,26,880
3556,リネットジャパングループ,グロース（内国株式）,小売業,,,0,0,0,0,0,0,0,0,0,0,0,0,769
3557,ユナイテッド＆コレクティブ,グロース（内国株式）,小売業,,,0,0,0,0,0,0,0,0,0,0,0,0,490
3558,ジェイドグループ,グロース（内国株式）,小売業,30,1,0,0,0,0,30,0,0,0,0,0,0,0,1832
3559,ピーバンドットコム,スタンダード（内国株式）,卸売業,10,1,0,0,0,0,0,10,0,0,0,0,0,0,475
3560,ほぼ日,スタンダード（内国株式）,小売業,90,1,0,0,0,0,0,0,0,0,0,0,90,0,5220
3561,力の源ホールディングス,プライム（内国株式）,小売業,20,2,0,0,0,0,0,10,0,0,0,0,0,10,1356
3562,Ｎｏ．１,スタンダード（内国株式）,卸売業,78,2,0,0,0,0,39,0,0,0,0,0,39,0,1620
3563,ＦＯＯＤ　＆　ＬＩＦＥ　ＣＯＭＰＡＮＩＥＳ,プライム（内国株式）,小売業,35,1,0,0,0,0,0,0,0,0,0,0,0,35,5507
3565,アセンテック,スタンダード（内国株式）,卸売業,30,1,0,0,0,30,0,0,0,0,0,0,0,0,494
3566,ユニフォームネクスト,グロース（内国株式）,小売業,5,1,0,0,5,0,0,0,0,0,0,0,0,0,687
3569,セーレン,プライム（内国株式）,繊維製品,76,2,0,0,0,0,0,38,0,0,0,0,0,38,3465
356A,グローバルＸ　Ｓ＆Ｐ５００　キャッシュフロー・トップ１００　ＥＴＦ,ETF・ETN,ETF・他,6,1,0,0,0,6,0,0,0,0,0,0,0,0,1614
3571,ソトー,スタンダード（内国株式）,繊維製品,42,2,0,0,0,0,0,21,0,0,0,0,0,21,700
3577,東海染工,スタンダード（内国株式）,繊維製品,25,1,0,0,0,0,0,25,0,0,0,0,0,0,924
3580,小松マテーレ,プライム（内国株式）,繊維製品,27,2,0,0,0,0,0,13.5,0,0,0,0,0,13.5,696
3583,オーベクス,スタンダード（内国株式）,繊維製品,35,1,0,0,0,0,0,35,0,0,0,0,0,0,1360
3591,ワコールホールディングス,プライム（内国株式）,繊維製品,100,2,0,0,0,0,0,50,0,0,0,0,0,50,3559
3597,自重堂,スタンダード（内国株式）,繊維製品,600,1,0,0,0,0,0,0,0,0,600,0,0,0,8800
3598,山喜,スタンダード（内国株式）,繊維製品,3,1,0,0,0,0,0,3,0,0,0,0,0,0,155
3600,フジックス,スタンダード（内国株式）,繊維製品,50,1,0,0,0,0,0,50,0,0,0,0,0,0,1756
3607,クラウディアホールディングス,スタンダード（内国株式）,繊維製品,10,2,0,0,0,0,5,0,0,0,0,0,5,0,347
3608,ＴＳＩホールディングス,プライム（内国株式）,繊維製品,40,1,0,0,0,0,40,0,0,0,0,0,0,0,1203
360A,東証ＲＥＩＴ　Ｃｏｒｅ　ＥＴＦ,ETF・ETN,ETF・他,33,3,3,0,0,18,0,0,12,0,0,0,0,0,1010.5
3611,マツオカコーポレーション,スタンダード（内国株式）,繊維製品,100,1,0,0,0,0,0,100,0,0,0,0,0,0,2398
3612,ワールド,プライム（内国株式）,繊維製品,109,2,0,0,0,0,54.5,0,0,0,0,0,54.5,0,1545
3622,ネットイヤーグループ,スタンダード（内国株式）,情報・通信業,7,1,0,0,0,0,0,7,0,0,0,0,0,0,492
3623,ビリングシステム,グロース（内国株式）,情報・通信業,25.8,1,0,0,25.8,0,0,0,0,0,0,0,0,0,1234
3624,アクセルマーク,グロース（内国株式）,情報・通信業,,,0,0,0,0,0,0,0,0,0,0,0,0,86
3625,テックファームホールディングス,グロース（内国株式）,情報・通信業,8,1,0,0,0,0,0,0,0,0,8,0,0,0,698
3626,ＴＩＳＩ,プライム（内国株式）,情報・通信業,80,2,0,0,0,0,0,40,0,0,0,0,0,40,4009
3627,テクミラホールディングス,スタンダード（内国株式）,情報・通信業,5,1,0,0,0,0,5,0,0,0,0,0,0,0,265
3628,データホライゾン,グロース（内国株式）,情報・通信業,6.67,1,0,0,0,0,0,6.67,0,0,0,0,0,0,724
3632,グリーホールディングス,プライム（内国株式）,情報・通信業,14.5,1,0,0,0,0,0,0,0,0,14.5,0,0,0,412
3633,ＧＭＯペパボ,スタンダード（内国株式）,情報・通信業,111,1,0,0,111,0,0,0,0,0,0,0,0,0,2650
3634,ソケッツ,スタンダード（内国株式）,情報・通信業,6,1,0,0,0,0,0,6,0,0,0,0,0,0,672
3635,コーエーテクモホールディングス,プライム（内国株式）,情報・通信業,66,1,0,0,0,0,0,66,0,0,0,0,0,0,1629.5
3636,三菱総合研究所,プライム（内国株式）,情報・通信業,165,2,0,0,0,0,0,82.5,0,0,0,0,0,82.5,4770
3639,ボルテージ,スタンダード（内国株式）,情報・通信業,8,1,0,0,0,0,0,0,0,0,8,0,0,0,226
363A,ｉＦｒｅｅＥＴＦ　英国ＦＴＳＥ１００,ETF・ETN,ETF・他,15,2,0,0,0,10,0,0,0,0,0,5,0,0,2641
3640,電算,スタンダード（内国株式）,情報・通信業,140,2,0,0,0,0,0,70,0,0,0,0,0,70,2750
3641,パピレス,スタンダード（内国株式）,情報・通信業,10,1,0,0,0,0,0,10,0,0,0,0,0,0,1000
3645,メディカルネット,スタンダード（内国株式）,情報・通信業,3,1,0,0,0,0,0,0,0,3,0,0,0,0,257
3646,駅探,スタンダード（内国株式）,情報・通信業,8,1,0,0,0,0,0,8,0,0,0,0,0,0,344
3647,アスリナ,スタンダード（内国株式）,情報・通信業,40,1,0,0,0,0,0,0,0,0,0,0,40,0,113
3648,ＡＧＳ,スタンダード（内国株式）,情報・通信業,34,2,0,0,0,0,0,17,0,0,0,0,0,17,1055
3649,ファインデックス,プライム（内国株式）,情報・通信業,22,2,0,0,11,0,0,0,0,0,11,0,0,0,855
364A,ＮＥＸＴ　ＦＵＮＤＳ　Ｓ＆Ｐ　５００　配当貴族指数連動型上場投信,ETF・ETN,ETF・他,48,4,0,0,11,0,0,11,0,0,15,0,0,11,2395
3652,ディジタルメディアプロフェッショナル,グロース（内国株式）,情報・通信業,,,0,0,0,0,0,0,0,0,0,0,0,0,3065
3653,モルフォ,グロース（内国株式）,情報・通信業,,,0,0,0,0,0,0,0,0,0,0,0,0,972
3656,ＫＬａｂ,プライム（内国株式）,情報・通信業,,,0,0,0,0,0,0,0,0,0,0,0,0,173
3657,ポールトゥウィンホールディングス,プライム（内国株式）,情報・通信業,16,2,0,0,0,8,0,0,0,0,0,8,0,0,328
3659,ネクソン,プライム（内国株式）,情報・通信業,45,2,0,0,22.5,0,0,0,0,0,22.5,0,0,0,2616.5
365A,伊澤タオル,スタンダード（内国株式）,繊維製品,40,1,0,0,0,0,40,0,0,0,0,0,0,0,772
3660,アイスタイル,プライム（内国株式）,情報・通信業,1,1,0,0,0,0,0,0,0,0,1,0,0,0,462
3661,エムアップホールディングス,プライム（内国株式）,情報・通信業,10,1,0,0,0,0,0,10,0,0,0,0,0,0,825
3662,エイチームホールディングス,プライム（内国株式）,情報・通信業,22,1,0,0,0,0,0,0,0,0,0,22,0,0,920
3663,セルシス,プライム（内国株式）,情報・通信業,36,2,0,0,18,0,0,0,0,0,18,0,0,0,1769
3664,ＷＩＺＥ,グロース（内国株式）,情報・通信業,,,0,0,0,0,0,0,0,0,0,0,0,0,20
3665,エニグモ,プライム（内国株式）,情報・通信業,30,1,0,0,0,30,0,0,0,0,0,0,0,0,405
3667,ｅｎｉｓｈ,スタンダード（内国株式）,情報・通信業,,,0,0,0,0,0,0,0,0,0,0,0,0,26
3668,コロプラ,プライム（内国株式）,情報・通信業,20,1,0,0,0,0,0,0,0,0,0,0,0,20,387
366A,ウェルネス・コミュニケーションズ,グロース（内国株式）,サービス業,34.4,1,0,0,0,0,0,34.4,0,0,0,0,0,0,1180
3671,ソフトマックス,スタンダード（内国株式）,情報・通信業,10,1,0,0,10,0,0,0,0,0,0,0,0,0,315
3672,オルトプラス,スタンダード（内国株式）,情報・通信業,27.5,1,0,0,0,0,0,0,0,0,0,0,0,27.5,28
3673,ブロードリーフ,プライム（内国株式）,情報・通信業,6,2,0,0,3,0,0,0,0,0,3,0,0,0,465
3674,オークファン,グロース（内国株式）,情報・通信業,,,0,0,0,0,0,0,0,0,0,0,0,0,330
3675,クロス・マーケティンググループ,スタンダード（内国株式）,情報・通信業,14,2,0,0,7,0,0,0,0,0,7,0,0,0,587
3676,デジタルハーツホールディングス,プライム（内国株式）,情報・通信業,25,2,0,0,0,0,0,12.5,0,0,0,0,0,12.5,1049
3678,メディアドゥ,プライム（内国株式）,情報・通信業,40,1,0,0,0,0,40,0,0,0,0,0,0,0,1175
3679,じげん,プライム（内国株式）,情報・通信業,11,1,0,0,0,0,0,11,0,0,0,0,0,0,427
367A,プリモグローバルホールディングス,スタンダード（内国株式）,小売業,105,1,0,0,0,0,0,0,0,0,0,0,105,0,2870
3680,ホットリンク,グロース（内国株式）,情報・通信業,6,2,0,0,3,0,0,0,0,0,3,0,0,0,204
3682,エンカレッジ・テクノロジ,スタンダード（内国株式）,情報・通信業,26,1,0,0,0,0,0,26,0,0,0,0,0,0,634
3683,サイバーリンクス,スタンダード（内国株式）,情報・通信業,30,1,0,0,30,0,0,0,0,0,0,0,0,0,1080
3686,ディー・エル・イー,スタンダード（内国株式）,情報・通信業,,,0,0,0,0,0,0,0,0,0,0,0,0,56
3687,フィックスターズ,プライム（内国株式）,情報・通信業,18,1,0,0,0,0,0,0,0,0,0,0,0,18,2241
368A,北里,プライム（内国株式）,精密機器,41,1,0,0,0,0,0,41,0,0,0,0,0,0,1394
3690,イルグルム,スタンダード（内国株式）,情報・通信業,7.9,1,0,0,0,0,0,0,0,0,0,0,0,7.9,546
3691,デジタルプラス,グロース（内国株式）,情報・通信業,,,0,0,0,0,0,0,0,0,0,0,0,0,1835
3692,ＦＦＲＩセキュリティ,グロース（内国株式）,情報・通信業,18,1,0,0,0,0,0,18,0,0,0,0,0,0,8460
3694,オプティム,プライム（内国株式）,情報・通信業,,,0,0,0,0,0,0,0,0,0,0,0,0,473
3695,ＧＭＯプロダクトプラットフォーム,グロース（内国株式）,情報・通信業,59.52,1,0,0,59.52,0,0,0,0,0,0,0,0,0,1526
3696,セレス,プライム（内国株式）,情報・通信業,80,1,0,0,80,0,0,0,0,0,0,0,0,0,2300
3697,ＳＨＩＦＴ,プライム（内国株式）,情報・通信業,,,0,0,0,0,0,0,0,0,0,0,0,0,877.900024
3698,ＣＲＩ・ミドルウェア,スタンダード（内国株式）,情報・通信業,25,1,0,0,0,0,0,0,0,0,0,0,0,25,1230
369A,エータイ,グロース（内国株式）,サービス業,46,1,0,0,0,0,0,0,0,0,0,0,46,0,2695
3708,特種東海製紙,プライム（内国株式）,パルプ・紙,32.33,2,0,0,0,0,0,16.165,0,0,0,0,0,16.165,2065
3710,ジョルダン,スタンダード（内国株式）,情報・通信業,6,1,0,0,0,0,0,0,0,0,0,0,0,6,640
3712,情報企画,スタンダード（内国株式）,情報・通信業,115,2,0,0,0,0,0,57.5,0,0,0,0,0,57.5,905
3719,ＡＩストーム,スタンダード（内国株式）,情報・通信業,3,1,0,0,3,0,0,0,0,0,0,0,0,0,102
3723,日本ファルコム,グロース（内国株式）,情報・通信業,20,1,0,0,0,0,0,0,0,0,0,0,0,20,2600
3726,フォーシーズＨＤ,スタンダード（内国株式）,小売業,,,0,0,0,0,0,0,0,0,0,0,0,0,337
3727,アプリックス,グロース（内国株式）,情報・通信業,3.5,1,0,0,3.5,0,0,0,0,0,0,0,0,0,161
372A,レント,スタンダード（内国株式）,サービス業,180,1,0,0,0,0,0,0,0,180,0,0,0,0,5560
3733,ソフトウェア・サービス,スタンダード（内国株式）,情報・通信業,160,1,160,0,0,0,0,0,0,0,0,0,0,0,11880
373A,リップス,グロース（内国株式）,化学,759,2,0,0,0,0,379.5,0,0,0,0,0,379.5,0,1556
3741,セック,プライム（内国株式）,情報・通信業,60,1,0,0,0,0,0,60,0,0,0,0,0,0,3145
3744,サイオス,スタンダード（内国株式）,情報・通信業,5,1,0,0,5,0,0,0,0,0,0,0,0,0,466
3747,インタートレード,スタンダード（内国株式）,情報・通信業,3,1,0,0,0,0,0,0,0,0,0,0,0,3,438
3750,ＡＤＲバイオメディカルホールディングス,スタンダード（内国株式）,情報・通信業,10,1,0,0,0,0,0,10,0,0,0,0,0,0,780
3753,フライトソリューションズ,スタンダード（内国株式）,情報・通信業,,,0,0,0,0,0,0,0,0,0,0,0,0,227
3758,アエリア,スタンダード（内国株式）,情報・通信業,5,1,0,0,5,0,0,0,0,0,0,0,0,0,244
3760,ケイブ,スタンダード（内国株式）,情報・通信業,10,1,0,0,0,0,0,0,0,10,0,0,0,0,729
3762,テクマトリックス,プライム（内国株式）,情報・通信業,52,2,0,0,0,0,0,26,0,0,0,0,0,26,2737
3763,プロシップ,プライム（内国株式）,情報・通信業,40,1,0,0,0,0,0,40,0,0,0,0,0,0,2055
3765,ガンホー・オンライン・エンターテイメント,プライム（内国株式）,情報・通信業,90,1,0,0,90,0,0,0,0,0,0,0,0,0,2351
3766,システムズ・デザイン,スタンダード（内国株式）,情報・通信業,55,1,0,0,0,0,0,55,0,0,0,0,0,0,1524
3768,リスクモンスター,スタンダード（内国株式）,情報・通信業,16,1,0,0,0,0,0,16,0,0,0,0,0,0,553
3769,ＧＭＯペイメントゲートウェイ,プライム（内国株式）,情報・通信業,144,1,0,0,0,0,0,0,0,0,0,0,0,144,8613
376A,ＮＥＸＴ　ＦＵＮＤＳ　ブルームバーグ米国国債（７－１０年）インデックス（７５％為替ヘッジあり）連動型上場投信,ETF・ETN,ETF・他,212,4,0,49,0,0,46,0,0,43,0,0,74,0,4662
3771,システムリサーチ,プライム（内国株式）,情報・通信業,70,1,0,0,0,0,0,70,0,0,0,0,0,0,1887
3772,ウェルス・マネジメント,スタンダード（内国株式）,不動産業,20,1,0,0,0,0,0,20,0,0,0,0,0,0,1052
3773,アドバンスト・メディア,グロース（内国株式）,情報・通信業,33.5,1,0,0,0,0,0,33.5,0,0,0,0,0,0,1050
3774,インターネットイニシアティブ,プライム（内国株式）,情報・通信業,39,2,0,0,0,0,0,19.5,0,0,0,0,0,19.5,3500
3776,ブロードバンドタワー,スタンダード（内国株式）,情報・通信業,3,2,0,0,1.5,0,0,0,0,0,1.5,0,0,0,268
3777,環境フレンドリーホールディングス,グロース（内国株式）,情報・通信業,,,0,0,0,0,0,0,0,0,0,0,0,0,49
3778,さくらインターネット,プライム（内国株式）,情報・通信業,5,1,0,0,0,0,0,5,0,0,0,0,0,0,3965
3779,ジェイ・エスコムホールディングス,スタンダード（内国株式）,情報・通信業,,,0,0,0,0,0,0,0,0,0,0,0,0,121
3787,テクノマセマティカル,スタンダード（内国株式）,情報・通信業,,,0,0,0,0,0,0,0,0,0,0,0,0,680
3788,ＧＭＯグローバルサイン・ホールディングス,プライム（内国株式）,情報・通信業,56.91,1,0,0,56.91,0,0,0,0,0,0,0,0,0,2142
378A,ヒット,グロース（内国株式）,サービス業,17.5,1,0,0,0,0,0,0,0,0,17.5,0,0,0,905
3791,ＩＧポート,スタンダード（内国株式）,情報・通信業,11,1,0,0,0,0,0,0,0,11,0,0,0,0,1108
3793,ドリコム,グロース（内国株式）,情報・通信業,5,1,0,0,0,0,0,5,0,0,0,0,0,0,547
3796,いい生活,スタンダード（内国株式）,情報・通信業,6,1,0,0,0,0,0,6,0,0,0,0,0,0,290
3798,ＵＬＳグループ,スタンダード（内国株式）,情報・通信業,7.3,1,0,0,0,0,0,7.3,0,0,0,0,0,0,519
3799,キーウェアソリューションズ,スタンダード（内国株式）,情報・通信業,34,2,0,0,0,0,0,17,0,0,0,0,0,17,1090
379A,グローバルＸ　Ｓ＆Ｐ５００　ＥＴＦ（ダイナミック・プロテクション）,ETF・ETN,ETF・他,13,4,3,0,0,3,0,0,2,0,0,5,0,0,1376
3800,ユニリタ,スタンダード（内国株式）,情報・通信業,72,2,0,0,0,0,0,36,0,0,0,0,0,36,1963
3802,エコミック,スタンダード（内国株式）,情報・通信業,13,1,0,0,0,0,0,13,0,0,0,0,0,0,478
3803,イメージ情報開発,グロース（内国株式）,情報・通信業,,,0,0,0,0,0,0,0,0,0,0,0,0,595
3804,システム　ディ,スタンダード（内国株式）,情報・通信業,28,1,28,0,0,0,0,0,0,0,0,0,0,0,451
3807,フィスコ,グロース（内国株式）,情報・通信業,3,1,0,0,3,0,0,0,0,0,0,0,0,0,87
380A,グローバルＸ　チャイナテック　ＥＴＦ,ETF・ETN,ETF・他,3,1,0,0,0,0,0,0,3,0,0,0,0,0,882
3810,サイバーステップホールディングス,スタンダード（内国株式）,情報・通信業,10,1,0,0,0,0,0,0,0,10,0,0,0,0,178
3815,メディア工房,グロース（内国株式）,情報・通信業,3,1,0,0,0,0,0,0,0,0,0,0,3,0,430
3816,大和コンピューター,スタンダード（内国株式）,情報・通信業,19,1,0,0,0,0,0,0,0,0,0,19,0,0,1100
3817,ＳＲＡホールディングス,プライム（内国株式）,情報・通信業,200,2,0,0,0,0,0,100,0,0,0,0,0,100,4650
381A,ｉＦｒｅｅＥＴＦ　米国国債３－５年（為替ヘッジなし）,ETF・ETN,ETF・他,82,4,0,19,0,0,20,0,0,40,0,0,3,0,2123
3823,ＴＨＥ　ＷＨＹ　ＨＯＷ　ＤＯ　ＣＯＭＰＡＮＹ,スタンダード（内国株式）,情報・通信業,,,0,0,0,0,0,0,0,0,0,0,0,0,39
3825,リミックスポイント,スタンダード（内国株式）,小売業,5,1,0,0,0,0,0,5,0,0,0,0,0,0,246
3826,システムインテグレータ,スタンダード（内国株式）,情報・通信業,13,1,0,0,0,0,13,0,0,0,0,0,0,0,491
382A,ｉＦｒｅｅＥＴＦ　米国国債３－５年（為替ヘッジあり）,ETF・ETN,ETF・他,90,4,0,18,0,0,43,0,0,16,0,0,13,0,1862
3834,朝日ネット,プライム（内国株式）,情報・通信業,25,2,0,0,0,0,0,12.5,0,0,0,0,0,12.5,589
3835,ｅＢＡＳＥ,プライム（内国株式）,情報・通信業,15.2,1,0,0,0,0,0,15.2,0,0,0,0,0,0,428
3836,アバントグループ,プライム（内国株式）,情報・通信業,25,1,0,0,0,0,0,0,0,0,25,0,0,0,1179
3837,アドソル日進,プライム（内国株式）,情報・通信業,37,2,0,0,0,0,0,18.5,0,0,0,0,0,18.5,1365
3839,ＯＤＫソリューションズ,スタンダード（内国株式）,情報・通信業,10,2,0,0,0,0,0,5,0,0,0,0,0,5,621
383A,ＭＡＸＩＳ　Ｓ＆Ｐ５００均等ウェイト上場投信,ETF・ETN,ETF・他,30,2,0,0,0,0,0,18,0,0,0,0,0,12,2568
3840,ヴィクトン,スタンダード（内国株式）,情報・通信業,,,0,0,0,0,0,0,0,0,0,0,0,0,61
3841,ジーダット,スタンダード（内国株式）,情報・通信業,40,1,0,0,0,0,0,40,0,0,0,0,0,0,1301
3842,ネクストジェン,スタンダード（内国株式）,情報・通信業,30,2,0,0,0,0,0,15,0,0,0,0,0,15,1332
3843,フリービット,プライム（内国株式）,情報・通信業,30,1,0,0,0,0,0,0,30,0,0,0,0,0,1747
3844,コムチュア,プライム（内国株式）,情報・通信業,50,2,0,0,0,0,0,25,0,0,0,0,0,25,1246
3845,アイフリークモバイル,スタンダード（内国株式）,情報・通信業,3,1,0,0,0,0,0,3,0,0,0,0,0,0,336
3848,データ・アプリケーション,スタンダード（内国株式）,情報・通信業,35,1,0,0,0,0,0,35,0,0,0,0,0,0,837
3850,エヌ・ティ・ティ・データ・イントラマート,スタンダード（内国株式）,情報・通信業,66,1,0,0,0,0,0,66,0,0,0,0,0,0,3810
3851,日本一ソフトウェア,スタンダード（内国株式）,情報・通信業,5,1,0,0,0,0,0,5,0,0,0,0,0,0,1405
3853,アステリア,プライム（内国株式）,情報・通信業,9,1,0,0,0,0,0,9,0,0,0,0,0,0,1030
3854,アイル,プライム（内国株式）,情報・通信業,50,2,0,0,0,25,0,0,0,0,0,25,0,0,2072
3858,ユビキタスＡＩ,スタンダード（内国株式）,情報・通信業,,,0,0,0,0,0,0,0,0,0,0,0,0,336
3861,王子ホールディングス,プライム（内国株式）,パルプ・紙,36,2,0,0,0,0,0,18,0,0,0,0,0,18,829.5
3863,日本製紙,プライム（内国株式）,パルプ・紙,15,2,0,0,0,0,0,7.5,0,0,0,0,0,7.5,1268
3864,三菱製紙,プライム（内国株式）,パルプ・紙,15,1,0,0,0,0,0,15,0,0,0,0,0,0,1230
3865,北越コーポレーション,プライム（内国株式）,パルプ・紙,26,2,0,0,0,0,0,13,0,0,0,0,0,13,852
386A,みのや,スタンダード（内国株式）,小売業,10,1,0,0,0,0,0,0,0,0,10,0,0,0,1253
3877,中越パルプ工業,プライム（内国株式）,パルプ・紙,90,2,0,0,0,0,0,45,0,0,0,0,0,45,2128
3878,巴川コーポレーション,スタンダード（内国株式）,化学,15,1,0,0,0,0,0,15,0,0,0,0,0,0,941
387A,フラー,グロース（内国株式）,情報・通信業,,,0,0,0,0,0,0,0,0,0,0,0,0,918
3880,大王製紙,プライム（内国株式）,パルプ・紙,14,2,0,0,0,0,0,7,0,0,0,0,0,7,938
3891,ニッポン高度紙工業,スタンダード（内国株式）,パルプ・紙,90,2,0,0,0,0,0,45,0,0,0,0,0,45,7600
3892,岡山製紙,スタンダード（内国株式）,パルプ・紙,40,2,0,20,0,0,0,0,0,20,0,0,0,0,1620
3895,ハビックス,スタンダード（内国株式）,パルプ・紙,16,1,0,0,0,0,0,16,0,0,0,0,0,0,421
3896,阿波製紙,スタンダード（内国株式）,パルプ・紙,2,2,0,0,0,0,0,1,0,0,0,0,0,1,413
3900,クラウドワークス,グロース（内国株式）,情報・通信業,18,1,0,0,0,0,0,0,0,0,0,0,0,18,673
3901,マークラインズ,プライム（内国株式）,情報・通信業,52,1,0,0,52,0,0,0,0,0,0,0,0,0,1521
3903,ｇｕｍｉ,プライム（内国株式）,情報・通信業,5,1,0,0,0,0,0,0,5,0,0,0,0,0,196
3904,カヤック,グロース（内国株式）,情報・通信業,3.9,1,0,0,3.9,0,0,0,0,0,0,0,0,0,429
3905,データセクション,グロース（内国株式）,情報・通信業,,,0,0,0,0,0,0,0,0,0,0,0,0,1818
3907,シリコンスタジオ,スタンダード（内国株式）,情報・通信業,10,1,0,10,0,0,0,0,0,0,0,0,0,0,1709
3908,コラボス,スタンダード（内国株式）,情報・通信業,6,1,0,0,0,0,0,6,0,0,0,0,0,0,365
3909,ショーケース,スタンダード（内国株式）,情報・通信業,6.5,1,0,0,0,0,0,6.5,0,0,0,0,0,0,248
3910,エムケイシステム,スタンダード（内国株式）,情報・通信業,8,1,0,0,0,0,0,8,0,0,0,0,0,0,303
3911,Ａｉｍｉｎｇ,グロース（内国株式）,情報・通信業,2,1,0,0,2,0,0,0,0,0,0,0,0,0,168
3912,モバイルファクトリー,スタンダード（内国株式）,情報・通信業,44,2,0,0,22,0,0,0,0,0,22,0,0,0,1045
3913,ＧｒｅｅｎＢｅｅ,スタンダード（内国株式）,情報・通信業,,,0,0,0,0,0,0,0,0,0,0,0,0,1075
3914,ＪＩＧ－ＳＡＷ,グロース（内国株式）,情報・通信業,,,0,0,0,0,0,0,0,0,0,0,0,0,2541
3915,テラスカイ,プライム（内国株式）,情報・通信業,16,1,0,0,0,0,16,0,0,0,0,0,0,0,2212
3916,デジタル・インフォメーション・テクノロジー,プライム（内国株式）,情報・通信業,72,2,0,0,36,0,0,0,0,0,36,0,0,0,961
3917,アイリッジ,グロース（内国株式）,情報・通信業,,,0,0,0,0,0,0,0,0,0,0,0,0,489
3918,ＰＣＩホールディングス,スタンダード（内国株式）,情報・通信業,57,2,0,0,0,0,0,28.5,0,0,0,0,0,28.5,1157
3920,アイビーシー,スタンダード（内国株式）,情報・通信業,12,2,0,0,0,0,0,6,0,0,0,0,0,6,996
3921,ネオジャパン,プライム（内国株式）,情報・通信業,52,2,0,0,0,26,0,0,0,0,0,26,0,0,1587
3922,ＰＲ　ＴＩＭＥＳ,プライム（内国株式）,情報・通信業,13.8,1,0,0,0,0,13.8,0,0,0,0,0,0,0,2070
3923,ラクス,プライム（内国株式）,情報・通信業,3.5,1,0,0,0,0,0,3.5,0,0,0,0,0,0,1065.5
3925,ダブルスタンダード,プライム（内国株式）,情報・通信業,70,1,0,0,0,0,0,70,0,0,0,0,0,0,1293
3926,オープンドア,スタンダード（内国株式）,情報・通信業,,,0,0,0,0,0,0,0,0,0,0,0,0,427
3927,フーバーブレイン,スタンダード（内国株式）,情報・通信業,15,1,0,0,0,0,0,15,0,0,0,0,0,0,1017
3928,マイネット,スタンダード（内国株式）,情報・通信業,6,2,0,0,3,0,0,0,0,0,3,0,0,0,228
3929,ソーシャルワイヤー,グロース（内国株式）,情報・通信業,4.5,2,0,0,0,0,0,2.25,0,0,0,0,0,2.25,242
392A,ｉシェアーズ　ＮＡＳＤＡＱ　トップ　３０　ＥＴＦ,ETF・ETN,ETF・他,0.1,1,0,0.1,0,0,0,0,0,0,0,0,0,0,295.799988
3930,はてな,グロース（内国株式）,情報・通信業,,,0,0,0,0,0,0,0,0,0,0,0,0,766
3931,バリューゴルフ,グロース（内国株式）,情報・通信業,25,1,0,0,0,25,0,0,0,0,0,0,0,0,1461
3932,アカツキ,プライム（内国株式）,情報・通信業,38.333333,2,0,0,0,0,0,19.166667,0,0,0,0,0,19.166667,1273
3933,チエル,スタンダード（内国株式）,情報・通信業,18,1,0,0,0,0,0,18,0,0,0,0,0,0,516
3934,ベネフィットジャパン,スタンダード（内国株式）,情報・通信業,85,1,0,0,0,0,0,85,0,0,0,0,0,0,2254
3935,エディア,スタンダード（内国株式）,情報・通信業,13,1,0,0,0,0,13,0,0,0,0,0,0,0,718
3936,グローバルウェイ,グロース（内国株式）,情報・通信業,,,0,0,0,0,0,0,0,0,0,0,0,0,130
3937,Ｕｂｉｃｏｍホールディングス,スタンダード（内国株式）,情報・通信業,40,1,0,0,0,0,0,40,0,0,0,0,0,0,1111
3939,カナミックネットワーク,プライム（内国株式）,情報・通信業,7.5,1,0,0,0,0,0,0,0,0,0,0,0,7.5,494
3940,ノムラシステムコーポレーション,スタンダード（内国株式）,情報・通信業,3.55,1,0,0,3.55,0,0,0,0,0,0,0,0,0,130
3941,レンゴー,プライム（内国株式）,パルプ・紙,40,2,0,0,0,0,0,20,0,0,0,0,0,20,1525.5
3943,大石産業,スタンダード（内国株式）,パルプ・紙,52,2,0,0,0,0,0,26,0,0,0,0,0,26,1300
3944,古林紙工,スタンダード（内国株式）,パルプ・紙,50,2,0,0,25,0,0,0,0,0,25,0,0,0,3100
3945,スーパーバッグ,スタンダード（内国株式）,パルプ・紙,110,1,0,0,0,0,0,110,0,0,0,0,0,0,2205
3946,トーモク,プライム（内国株式）,パルプ・紙,130,2,0,0,0,0,0,65,0,0,0,0,0,65,4340
3947,ダイナパック,スタンダード（内国株式）,パルプ・紙,80,1,0,0,80,0,0,0,0,0,0,0,0,0,2480
3948,光ビジネスフォーム,スタンダード（内国株式）,パルプ・紙,45,2,0,0,22.5,0,0,0,0,0,22.5,0,0,0,1180
394A,業界改革厳選ＥＴＦテレビ業界,ETF・ETN,ETF・他,,,0,0,0,0,0,0,0,0,0,0,0,0,510
3950,ザ・パック,プライム（内国株式）,パルプ・紙,41.33,2,0,0,20.665,0,0,0,0,0,20.665,0,0,0,1429
3951,朝日印刷,スタンダード（内国株式）,パルプ・紙,38,2,0,0,0,0,0,19,0,0,0,0,0,19,887
3953,大村紙業,スタンダード（内国株式）,パルプ・紙,30,1,0,0,0,0,0,30,0,0,0,0,0,0,788
3954,昭和パックス,スタンダード（内国株式）,パルプ・紙,50,2,0,0,0,0,0,25,0,0,0,0,0,25,3115
3955,イムラ,スタンダード（内国株式）,パルプ・紙,30,1,0,0,0,30,0,0,0,0,0,0,0,0,868
3958,笹徳印刷,スタンダード（内国株式）,パルプ・紙,20,2,0,0,10,0,0,0,0,0,10,0,0,0,542
395A,業界改革厳選ＥＴＦ地銀,ETF・ETN,ETF・他,7.74,1,0,0,0,0,0,0,7.74,0,0,0,0,0,1115
3962,チェンジホールディングス,プライム（内国株式）,情報・通信業,23,1,0,0,0,0,0,23,0,0,0,0,0,0,994
3963,シンクロ・フード,プライム（内国株式）,情報・通信業,15,1,0,0,0,0,0,15,0,0,0,0,0,0,304
3964,オークネット,プライム（内国株式）,情報・通信業,47,2,0,0,23.5,0,0,0,0,0,23.5,0,0,0,1359
3965,キャピタル・アセット・プランニング,スタンダード（内国株式）,情報・通信業,18,2,0,0,0,0,0,9,0,0,0,0,0,9,851
3967,エルテス,グロース（内国株式）,情報・通信業,,,0,0,0,0,0,0,0,0,0,0,0,0,698
3968,セグエグループ,プライム（内国株式）,情報・通信業,13,2,0,0,6.5,0,0,0,0,0,6.5,0,0,0,755
3969,エイトレッド,スタンダード（内国株式）,情報・通信業,34,2,0,0,0,0,0,17,0,0,0,0,0,17,1386
396A,業界改革厳選ＥＴＦ　ＲＥＩＴイベント・ドリブン,ETF・ETN,ETF・他,4.94,2,2.63,0,0,2.31,0,0,0,0,0,0,0,0,450.5
3970,イノベーション,スタンダード（内国株式）,情報・通信業,40,1,0,0,0,0,0,40,0,0,0,0,0,0,817
3974,ＳＣＡＴ,スタンダード（内国株式）,情報・通信業,14,2,7,0,0,0,0,0,7,0,0,0,0,0,671
3976,シャノン,グロース（内国株式）,情報・通信業,,,0,0,0,0,0,0,0,0,0,0,0,0,511
3979,うるる,グロース（内国株式）,情報・通信業,4,1,0,0,0,0,0,4,0,0,0,0,0,0,492
3981,ビーグリー,スタンダード（内国株式）,情報・通信業,42,1,0,0,42,0,0,0,0,0,0,0,0,0,1239
3983,オロ,プライム（内国株式）,情報・通信業,50,1,0,0,50,0,0,0,0,0,0,0,0,0,1902
3984,ユーザーローカル,プライム（内国株式）,情報・通信業,14,1,0,0,0,0,0,0,0,0,14,0,0,0,1534
3985,テモナ,スタンダード（内国株式）,情報・通信業,,,0,0,0,0,0,0,0,0,0,0,0,0,185
3986,ビーブレイクシステムズ,スタンダード（内国株式）,情報・通信業,18,1,0,0,0,0,0,0,0,0,18,0,0,0,500
3987,エコモット,グロース（内国株式）,情報・通信業,,,0,0,0,0,0,0,0,0,0,0,0,0,619
3988,ＳＹＳホールディングス,スタンダード（内国株式）,情報・通信業,7,1,0,0,0,0,0,0,0,0,0,7,0,0,559
3989,シェアリングテクノロジー,グロース（内国株式）,情報・通信業,40,1,0,0,0,0,0,0,0,0,0,0,0,40,1547
3991,ウォンテッドリー,グロース（内国株式）,情報・通信業,20,1,0,0,0,0,0,0,0,0,0,0,20,0,950
3992,ニーズウェル,プライム（内国株式）,情報・通信業,12,1,0,0,0,0,0,0,0,0,0,0,0,12,430
3993,ＰＫＳＨＡ　Ｔｅｃｈｎｏｌｏｇｙ,プライム（内国株式）,情報・通信業,,,0,0,0,0,0,0,0,0,0,0,0,0,3385
3994,マネーフォワード,プライム（内国株式）,情報・通信業,,,0,0,0,0,0,0,0,0,0,0,0,0,6344
3996,サインポスト,スタンダード（内国株式）,情報・通信業,2.5,1,0,0,0,0,2.5,0,0,0,0,0,0,0,214
3997,トレードワークス,スタンダード（内国株式）,情報・通信業,20,1,0,0,20,0,0,0,0,0,0,0,0,0,429
3998,すららネット,グロース（内国株式）,情報・通信業,,,0,0,0,0,0,0,0,0,0,0,0,0,271
399A,上場インデックスファンド日経平均高配当株５０,ETF・ETN,ETF・他,70,2,0,0,0,29,0,0,0,0,0,41,0,0,2295
4004,レゾナック・ホールディングス,プライム（内国株式）,化学,65,1,0,0,65,0,0,0,0,0,0,0,0,0,18075
4005,住友化学,プライム（内国株式）,化学,13.5,2,0,0,0,0,0,6.75,0,0,0,0,0,6.75,589.799988
4008,住友精化,プライム（内国株式）,化学,220,2,0,0,0,0,0,110,0,0,0,0,0,110,1492
4011,ヘッドウォータース,グロース（内国株式）,情報・通信業,,,0,0,0,0,0,0,0,0,0,0,0,0,2400
4012,アクシス,スタンダード（内国株式）,情報・通信業,46,1,0,0,46,0,0,0,0,0,0,0,0,0,1728
4013,勤次郎,グロース（内国株式）,情報・通信業,10,1,0,0,10,0,0,0,0,0,0,0,0,0,705
4014,カラダノート,グロース（内国株式）,情報・通信業,,,0,0,0,0,0,0,0,0,0,0,0,0,441
4015,ペイクラウドホールディングス,グロース（内国株式）,情報・通信業,,,0,0,0,0,0,0,0,0,0,0,0,0,530
4016,ＭＩＴホールディングス,スタンダード（内国株式）,情報・通信業,30,1,0,30,0,0,0,0,0,0,0,0,0,0,1095
4017,クリーマ,グロース（内国株式）,情報・通信業,,,0,0,0,0,0,0,0,0,0,0,0,0,206
4019,スタメン,グロース（内国株式）,情報・通信業,6,1,0,0,6,0,0,0,0,0,0,0,0,0,601
401A,霞ヶ関ホテルリート投資法人,REIT・ベンチャーファンド・カントリーファンド・インフラファンド,ETF・他,6124,2,2978,0,0,0,0,0,3146,0,0,0,0,0,93100
4020,ビートレンド,グロース（内国株式）,情報・通信業,,,0,0,0,0,0,0,0,0,0,0,0,0,899
4021,日産化学,プライム（内国株式）,化学,202,2,0,0,0,0,0,101,0,0,0,0,0,101,9045
4022,ラサ工業,プライム（内国株式）,化学,180,2,0,0,0,0,0,90,0,0,0,0,0,90,2128
4023,クレハ,プライム（内国株式）,化学,214,2,0,0,0,0,0,107,0,0,0,0,0,107,3920
4025,多木化学,プライム（内国株式）,化学,75,1,0,0,75,0,0,0,0,0,0,0,0,0,5880
4026,神島化学工業,スタンダード（内国株式）,ガラス・土石製品,49,2,24.5,0,0,0,0,0,24.5,0,0,0,0,0,1610
4027,テイカ,プライム（内国株式）,化学,60,2,0,0,0,0,0,30,0,0,0,0,0,30,2311
4028,石原産業,プライム（内国株式）,化学,120,2,0,0,0,0,0,60,0,0,0,0,0,60,2840
402A,アクセルスペースホールディングス,グロース（内国株式）,輸送用機器,,,0,0,0,0,0,0,0,0,0,0,0,0,302
4031,片倉コープアグリ,スタンダード（内国株式）,化学,20,1,0,0,0,0,0,20,0,0,0,0,0,0,1039
4040,南海化学,スタンダード（内国株式）,化学,60,2,0,0,0,0,0,30,0,0,0,0,0,30,4055
4041,日本曹達,プライム（内国株式）,化学,160,2,0,0,0,0,0,80,0,0,0,0,0,80,3715
4042,東ソー,プライム（内国株式）,化学,100,2,0,0,0,0,0,50,0,0,0,0,0,50,2634
4043,トクヤマ,プライム（内国株式）,化学,120,2,0,0,0,0,0,60,0,0,0,0,0,60,4184
4044,セントラル硝子,プライム（内国株式）,化学,170,2,0,0,0,0,0,85,0,0,0,0,0,85,4675
4045,東亞合成,プライム（内国株式）,化学,65,2,0,0,32.5,0,0,0,0,0,32.5,0,0,0,1815
4046,大阪ソーダ,プライム（内国株式）,化学,28,2,0,0,0,0,0,14,0,0,0,0,0,14,2170
4047,関東電化工業,プライム（内国株式）,化学,20,2,0,0,0,0,0,10,0,0,0,0,0,10,2514
404A,グローバルＸ　チャイナテック・トップ１０　ＥＴＦ,ETF・ETN,ETF・他,,,0,0,0,0,0,0,0,0,0,0,0,0,1170
4051,ＧＭＯフィナンシャルゲート,プライム（内国株式）,情報・通信業,99,1,0,0,0,0,0,0,0,0,0,0,0,99,5970
4052,フィーチャ,グロース（内国株式）,情報・通信業,,,0,0,0,0,0,0,0,0,0,0,0,0,971
4053,Ｓｕｎ　Ａｓｔｅｒｉｓｋ,プライム（内国株式）,情報・通信業,,,0,0,0,0,0,0,0,0,0,0,0,0,513
4054,日本情報クリエイト,グロース（内国株式）,情報・通信業,5,1,0,0,0,0,0,0,0,0,5,0,0,0,518
4055,ティアンドエスグループ,グロース（内国株式）,情報・通信業,10,1,0,0,0,0,0,0,0,0,0,0,0,10,1610
4056,ニューラルグループ,グロース（内国株式）,情報・通信業,,,0,0,0,0,0,0,0,0,0,0,0,0,201
4057,インターファクトリー,グロース（内国株式）,情報・通信業,,,0,0,0,0,0,0,0,0,0,0,0,0,347
4058,トヨクモ,グロース（内国株式）,情報・通信業,20,1,0,0,20,0,0,0,0,0,0,0,0,0,2210
4059,まぐまぐ,スタンダード（内国株式）,情報・通信業,7,1,0,0,0,0,0,0,0,0,0,0,0,7,364
4060,ｒａｋｕｍｏ,グロース（内国株式）,情報・通信業,9,1,0,0,9,0,0,0,0,0,0,0,0,0,1205
4061,デンカ,プライム（内国株式）,化学,100,2,0,0,0,0,0,50,0,0,0,0,0,50,3337
4062,イビデン,プライム（内国株式）,電気機器,11.25,2,0,0,0,0,0,5.625,0,0,0,0,0,5.625,12270
4063,信越化学工業,プライム（内国株式）,化学,106,2,0,0,0,0,0,53,0,0,0,0,0,53,6234
4064,日本カーバイド工業,プライム（内国株式）,化学,92,2,0,0,0,0,0,46,0,0,0,0,0,46,3805
4068,ベイシス,グロース（内国株式）,情報・通信業,,,0,0,0,0,0,0,0,0,0,0,0,0,1829
4069,ＢｌｕｅＭｅｍｅ,グロース（内国株式）,情報・通信業,,,0,0,0,0,0,0,0,0,0,0,0,0,543
4071,プラスアルファ・コンサルティング,プライム（内国株式）,情報・通信業,29,1,0,0,0,0,0,0,0,0,0,0,0,29,2109
4072,電算システムホールディングス,プライム（内国株式）,情報・通信業,90,2,0,0,45,0,0,0,0,0,45,0,0,0,3125
4073,ジィ・シィ企画,グロース（内国株式）,情報・通信業,10,1,0,0,0,0,0,0,0,0,10,0,0,0,901
4074,ラキール,グロース（内国株式）,情報・通信業,,,0,0,0,0,0,0,0,0,0,0,0,0,792
4075,ブレインズテクノロジー,グロース（内国株式）,情報・通信業,,,0,0,0,0,0,0,0,0,0,0,0,0,1409
4076,シイエヌエス,グロース（内国株式）,情報・通信業,75,1,0,0,0,0,0,0,0,75,0,0,0,0,1981
4078,堺化学工業,プライム（内国株式）,化学,145,2,0,0,0,0,0,72.5,0,0,0,0,0,72.5,3730
407A,ＵＮＩＣＯＮホールディングス,スタンダード（内国株式）,建設業,275.64,2,0,0,137.82,0,0,0,0,0,137.82,0,0,0,896
4082,第一稀元素化学工業,プライム（内国株式）,化学,28,2,0,0,0,0,0,14,0,0,0,0,0,14,2150
4088,エア・ウォーター,プライム（内国株式）,化学,75,2,0,0,0,0,0,37.5,0,0,0,0,0,37.5,2851
408A,ｉシェアーズ　ＡＩ　グローバル・イノベーション　アクティブ　ＥＴＦ,ETF・ETN,ETF・他,3.3,1,0,3.3,0,0,0,0,0,0,0,0,0,0,321
4091,日本酸素ホールディングス,プライム（内国株式）,化学,62,2,0,0,0,0,0,31,0,0,0,0,0,31,5558
4092,日本化学工業,プライム（内国株式）,化学,120,2,0,0,0,0,0,60,0,0,0,0,0,60,5660
4093,東邦アセチレン,スタンダード（内国株式）,化学,14,2,0,0,0,0,0,7,0,0,0,0,0,7,425
4094,日本化学産業,スタンダード（内国株式）,化学,90,2,0,0,0,0,0,45,0,0,0,0,0,45,2212
4095,日本パーカライジング,プライム（内国株式）,化学,50,2,0,0,0,0,0,25,0,0,0,0,0,25,1796
4097,高圧ガス工業,プライム（内国株式）,化学,40,2,0,0,0,0,0,20,0,0,0,0,0,20,1192
4098,チタン工業,スタンダード（内国株式）,化学,12,1,0,0,0,0,0,12,0,0,0,0,0,0,1002
4099,四国化成ホールディングス,プライム（内国株式）,化学,55,2,0,0,27.5,0,0,0,0,0,27.5,0,0,0,2649
409A,オリオンビール,プライム（内国株式）,食料品,44,2,0,0,0,0,0,22,0,0,0,0,0,22,1048
4100,戸田工業,スタンダード（内国株式）,化学,40,2,0,0,0,0,0,20,0,0,0,0,0,20,1850
4102,丸尾カルシウム,スタンダード（内国株式）,化学,60,1,0,0,0,0,0,60,0,0,0,0,0,0,1445
4107,伊勢化学工業,スタンダード（内国株式）,化学,390,2,0,0,195,0,0,0,0,0,195,0,0,0,3925
4109,ステラ　ケミファ,プライム（内国株式）,化学,180,2,0,0,0,0,0,90,0,0,0,0,0,90,5560
410A,ＧＭＯコマース,グロース（内国株式）,サービス業,40.3,1,0,0,40.3,0,0,0,0,0,0,0,0,0,1278
4112,保土谷化学工業,プライム（内国株式）,化学,50,2,0,0,0,0,0,25,0,0,0,0,0,25,2106
4113,田岡化学工業,スタンダード（内国株式）,化学,36,2,0,0,0,0,0,18,0,0,0,0,0,18,868
4114,日本触媒,プライム（内国株式）,化学,113,2,0,0,0,0,0,56.5,0,0,0,0,0,56.5,2545.5
4116,大日精化工業,プライム（内国株式）,化学,220,2,0,0,0,0,0,110,0,0,0,0,0,110,1306
4118,カネカ,プライム（内国株式）,化学,160,2,0,0,0,0,0,80,0,0,0,0,0,80,6062
4119,日本ピグメントホールディングス,スタンダード（内国株式）,化学,120,1,0,0,0,0,0,120,0,0,0,0,0,0,6270
4120,スガイ化学工業,スタンダード（内国株式）,化学,90,1,0,0,0,0,0,90,0,0,0,0,0,0,3145
4124,大阪油化工業,スタンダード（内国株式）,化学,36,1,0,0,0,0,0,0,0,0,0,0,0,36,2881
4125,三和油化工業,スタンダード（内国株式）,化学,50,1,0,0,0,0,0,50,0,0,0,0,0,0,3795
412A,ＮＥＸＴ　ＦＵＮＤＳ　ＴＩＰ　ＦａｃｔＳｅｔ　台湾イノベイティブ・テクノロジー５０指数連動型上場投信,ETF・ETN,ETF・他,78,1,0,0,0,78,0,0,0,0,0,0,0,0,4775
413A,ｉＦｒｅｅＥＴＦ　キャセイ台湾テックリーダー指数,ETF・ETN,ETF・他,175,1,0,0,0,175,0,0,0,0,0,0,0,0,3914
414A,オーバーラップホールディングス,グロース（内国株式）,情報・通信業,96.59,1,0,0,0,0,0,0,0,0,0,0,96.59,0,827
4151,協和キリン,プライム（内国株式）,医薬品,62,2,0,0,31,0,0,0,0,0,31,0,0,0,2209
415A,ＧＭＯ　ＴＥＣＨホールディングス,グロース（内国株式）,サービス業,246.6,1,0,0,246.6,0,0,0,0,0,0,0,0,0,5690
4165,プレイド,グロース（内国株式）,情報・通信業,,,0,0,0,0,0,0,0,0,0,0,0,0,714
4166,かっこ,グロース（内国株式）,情報・通信業,,,0,0,0,0,0,0,0,0,0,0,0,0,735
4167,ココペリ,グロース（内国株式）,情報・通信業,,,0,0,0,0,0,0,0,0,0,0,0,0,328
4168,ヤプリ,グロース（内国株式）,情報・通信業,13,2,0,0,6.5,0,0,0,0,0,6.5,0,0,0,788
4169,ＥＮＥＣＨＡＮＧＥ,グロース（内国株式）,情報・通信業,,,0,0,0,0,0,0,0,0,0,0,0,0,261
416A,富士ユナイトホールディングス,スタンダード（内国株式）,卸売業,31,1,0,0,0,0,0,31,0,0,0,0,0,0,1333
4170,Ｋａｉｚｅｎ　Ｐｌａｔｆｏｒｍ,グロース（内国株式）,情報・通信業,,,0,0,0,0,0,0,0,0,0,0,0,0,109
4172,Ｈｉクラテス,スタンダード（内国株式）,情報・通信業,93,2,0,0,0,0,0,46.5,0,0,0,0,0,46.5,2294
4174,アピリッツ,スタンダード（内国株式）,情報・通信業,28,2,0,0,0,14,0,0,0,0,0,14,0,0,1018
4175,ｃｏｌｙ,グロース（内国株式）,情報・通信業,,,0,0,0,0,0,0,0,0,0,0,0,0,2841
4176,ココナラ,グロース（内国株式）,情報・通信業,,,0,0,0,0,0,0,0,0,0,0,0,0,272
4177,ｉ‐ｐｌｕｇ,グロース（内国株式）,情報・通信業,54,1,0,0,0,0,0,54,0,0,0,0,0,0,1375
4178,Ｓｈａｒｉｎｇ　Ｉｎｎｏｖａｔｉｏｎｓ,グロース（内国株式）,情報・通信業,,,0,0,0,0,0,0,0,0,0,0,0,0,931
4179,ジーネクスト,グロース（内国株式）,情報・通信業,,,0,0,0,0,0,0,0,0,0,0,0,0,334
417A,ブルーゾーンホールディングス,プライム（内国株式）,小売業,97.5,1,0,0,0,0,0,97.5,0,0,0,0,0,0,1841
4180,Ａｐｐｉｅｒ　Ｇｒｏｕｐ,プライム（内国株式）,情報・通信業,2.25,1,0,0,2.25,0,0,0,0,0,0,0,0,0,1336
4182,三菱瓦斯化学,プライム（内国株式）,化学,100,2,0,0,0,0,0,50,0,0,0,0,0,50,4089
4183,三井化学,プライム（内国株式）,化学,75,2,0,0,0,0,0,37.5,0,0,0,0,0,37.5,2163.5
4186,東京応化工業,プライム（内国株式）,化学,72,2,0,0,36,0,0,0,0,0,36,0,0,0,9279
4187,大阪有機化学工業,プライム（内国株式）,化学,75,2,0,37.5,0,0,0,0,0,37.5,0,0,0,0,4695
4188,三菱ケミカルグループ,プライム（内国株式）,化学,32,2,0,0,0,0,0,16,0,0,0,0,0,16,1179
4189,ＫＨネオケム,プライム（内国株式）,化学,105,2,0,0,52.5,0,0,0,0,0,52.5,0,0,0,3460
4192,スパイダープラス,グロース（内国株式）,情報・通信業,,,0,0,0,0,0,0,0,0,0,0,0,0,324
4193,ファブリカホールディングス,スタンダード（内国株式）,情報・通信業,38,2,0,0,0,0,0,19,0,0,0,0,0,19,2006
4194,ビジョナル,プライム（内国株式）,情報・通信業,,,0,0,0,0,0,0,0,0,0,0,0,0,9133
4196,ネオマーケティング,スタンダード（内国株式）,情報・通信業,,,0,0,0,0,0,0,0,0,0,0,0,0,1372
4197,アスマーク,スタンダード（内国株式）,情報・通信業,77,2,0,38.5,0,0,0,0,0,38.5,0,0,0,0,2410
4198,テンダ,スタンダード（内国株式）,情報・通信業,27,1,0,0,0,0,0,0,0,27,0,0,0,0,501
4199,ワンダープラネット,グロース（内国株式）,情報・通信業,3.5,1,0,0,0,0,0,0,0,0,0,0,3.5,0,790
4202,ダイセル,プライム（内国株式）,化学,60,2,0,0,0,0,0,30,0,0,0,0,0,30,1460.5
4203,住友ベークライト,プライム（内国株式）,化学,110,2,0,0,0,0,0,55,0,0,0,0,0,55,9433
4204,積水化学工業,プライム（内国株式）,化学,80,2,0,0,0,0,0,40,0,0,0,0,0,40,2535
4205,日本ゼオン,プライム（内国株式）,化学,76,2,0,0,0,0,0,38,0,0,0,0,0,38,2473.5
4206,アイカ工業,プライム（内国株式）,化学,138,2,0,0,0,0,0,69,0,0,0,0,0,69,4292
4208,ＵＢＥ,プライム（内国株式）,化学,110,2,0,0,0,0,0,55,0,0,0,0,0,55,3409
4212,積水樹脂,プライム（内国株式）,化学,72,2,0,0,0,0,0,36,0,0,0,0,0,36,2908
4216,旭有機材,プライム（内国株式）,化学,120,2,0,0,0,0,0,60,0,0,0,0,0,60,7380
4218,ニチバン,プライム（内国株式）,化学,40,1,0,0,0,0,0,40,0,0,0,0,0,0,1877
421A,ムービン・ストラテジック・キャリア,グロース（内国株式）,サービス業,,,0,0,0,0,0,0,0,0,0,0,0,0,4140
4220,リケンテクノス,プライム（内国株式）,化学,54,2,0,0,0,0,0,27,0,0,0,0,0,27,2437
4221,大倉工業,プライム（内国株式）,化学,195,2,0,0,97.5,0,0,0,0,0,97.5,0,0,0,5480
4222,児玉化学工業,スタンダード（内国株式）,化学,10,1,0,0,0,0,0,10,0,0,0,0,0,0,639
4224,ロンシール工業,スタンダード（内国株式）,化学,85,1,0,0,0,0,0,85,0,0,0,0,0,0,2118
4228,積水化成品工業,プライム（内国株式）,化学,15,1,0,0,0,0,0,15,0,0,0,0,0,0,621
4229,群栄化学工業,プライム（内国株式）,化学,100,2,0,0,0,0,0,50,0,0,0,0,0,50,4275
4231,タイガースポリマー,スタンダード（内国株式）,化学,38,2,0,0,0,0,0,19,0,0,0,0,0,19,998
4234,サンエー化研,スタンダード（内国株式）,化学,18,2,0,0,0,0,0,9,0,0,0,0,0,9,1032
4235,ウルトラファブリックス・ホールディングス,スタンダード（内国株式）,化学,35,1,0,0,35,0,0,0,0,0,0,0,0,0,680
4237,フジプレアム,スタンダード（内国株式）,化学,6,1,0,0,0,0,0,6,0,0,0,0,0,0,346
4238,ミライアル,スタンダード（内国株式）,化学,50,2,0,0,0,25,0,0,0,0,0,25,0,0,2066
423A,ライオン事務器,スタンダード（内国株式）,卸売業,5,1,0,0,0,0,0,0,0,0,0,0,0,5,307
4240,クラスターテクノロジー,スタンダード（内国株式）,化学,6,1,0,0,0,0,0,6,0,0,0,0,0,0,304
4241,アテクト,スタンダード（内国株式）,化学,10,1,0,0,0,0,0,10,0,0,0,0,0,0,739
4242,タカギセイコー,スタンダード（内国株式）,化学,50,2,0,0,0,0,0,25,0,0,0,0,0,25,1715
4243,ニックス,スタンダード（内国株式）,化学,20,1,0,0,0,0,0,0,0,0,0,0,0,20,1010
4245,ダイキアクシス,スタンダード（内国株式）,化学,24,2,0,0,12,0,0,0,0,0,12,0,0,0,725
4246,ダイキョーニシカワ,プライム（内国株式）,化学,52,2,0,0,0,0,0,26,0,0,0,0,0,26,1063
4247,ポバール興業,スタンダード（内国株式）,化学,41,2,0,0,0,0,0,20.5,0,0,0,0,0,20.5,1414
4248,竹本容器,スタンダード（内国株式）,化学,36,2,0,0,18,0,0,0,0,0,18,0,0,0,882
4249,森六,プライム（内国株式）,化学,115,2,0,0,0,0,0,57.5,0,0,0,0,0,57.5,2738
424A,グローバルＸ　ゴールド　ＥＴＦ（為替ヘッジあり）,ETF・ETN,ETF・他,,,0,0,0,0,0,0,0,0,0,0,0,0,313.299988
4251,恵和,プライム（内国株式）,化学,40,1,0,0,40,0,0,0,0,0,0,0,0,0,1198
4255,ＴＨＥＣＯＯ,グロース（内国株式）,情報・通信業,,,0,0,0,0,0,0,0,0,0,0,0,0,3225
4256,サインド,グロース（内国株式）,情報・通信業,,,0,0,0,0,0,0,0,0,0,0,0,0,1209
4258,網屋,グロース（内国株式）,情報・通信業,,,0,0,0,0,0,0,0,0,0,0,0,0,6060
4259,エクサウィザーズ,グロース（内国株式）,情報・通信業,,,0,0,0,0,0,0,0,0,0,0,0,0,821
425A,グローバルＸ　ゴールド　ＥＴＦ,ETF・ETN,ETF・他,,,0,0,0,0,0,0,0,0,0,0,0,0,349.700012
4260,ハイブリッドテクノロジーズ,グロース（内国株式）,情報・通信業,,,0,0,0,0,0,0,0,0,0,0,0,0,207
4261,アジアクエスト,グロース（内国株式）,情報・通信業,,,0,0,0,0,0,0,0,0,0,0,0,0,3020
4262,ニフティライフスタイル,グロース（内国株式）,情報・通信業,59,2,0,0,0,0,0,29.5,0,0,0,0,0,29.5,1384
4263,サスメド,グロース（内国株式）,情報・通信業,,,0,0,0,0,0,0,0,0,0,0,0,0,400
4264,セキュア,グロース（内国株式）,情報・通信業,,,0,0,0,0,0,0,0,0,0,0,0,0,1390
4265,Ｉｎｓｔｉｔｕｔｉｏｎ　ｆｏｒ　ａ　Ｇｌｏｂａｌ　Ｓｏｃｉｅｔｙ,グロース（内国株式）,情報・通信業,,,0,0,0,0,0,0,0,0,0,0,0,0,247
426A,ニッセイＥＴＦ　Ｓ＆Ｐ５００イコール・ウェイト（為替ヘッジなし）,ETF・ETN,ETF・他,10,2,3,0,0,0,0,0,7,0,0,0,0,0,1196
4270,ＢｅｅＸ,グロース（内国株式）,情報・通信業,25,1,0,0,0,0,25,0,0,0,0,0,0,0,1890
4272,日本化薬,プライム（内国株式）,化学,66,2,0,0,0,0,0,33,0,0,0,0,0,33,2138.5
4274,細谷火工,スタンダード（内国株式）,化学,15,1,0,0,0,0,0,15,0,0,0,0,0,0,1101
4275,カーリット,プライム（内国株式）,化学,42,1,0,0,0,0,0,42,0,0,0,0,0,0,1864
4284,ソルクシーズ,スタンダード（内国株式）,情報・通信業,14,1,0,0,14,0,0,0,0,0,0,0,0,0,455
4286,ＣＬホールディングス,スタンダード（内国株式）,サービス業,18,1,0,0,18,0,0,0,0,0,0,0,0,0,1296
4287,ジャストプランニング,スタンダード（内国株式）,情報・通信業,11,1,0,0,0,11,0,0,0,0,0,0,0,0,494
4288,アズジェント,スタンダード（内国株式）,情報・通信業,2.5,1,0,0,0,0,0,2.5,0,0,0,0,0,0,553
428A,サイプレス・ホールディングス,スタンダード（内国株式）,小売業,,,0,0,0,0,0,0,0,0,0,0,0,0,1710
4290,プレステージ・インターナショナル,プライム（内国株式）,サービス業,26,2,0,0,0,0,0,13,0,0,0,0,0,13,661
4293,セプテーニ・ホールディングス,スタンダード（内国株式）,サービス業,18,1,0,0,18,0,0,0,0,0,0,0,0,0,486
4299,ハイマックス,スタンダード（内国株式）,情報・通信業,46,2,0,0,0,0,0,23,0,0,0,0,0,23,1195
429A,テクセンドフォトマスク,プライム（内国株式）,その他製品,56,1,0,0,0,0,0,56,0,0,0,0,0,0,3975
4301,アミューズ,プライム（内国株式）,サービス業,40,2,0,0,0,0,0,20,0,0,0,0,0,20,1807
4307,野村総合研究所,プライム（内国株式）,情報・通信業,77,2,0,0,0,0,0,38.5,0,0,0,0,0,38.5,5189
4308,Ｊストリーム,グロース（内国株式）,情報・通信業,14,1,0,0,0,0,0,14,0,0,0,0,0,0,355
4310,ドリームインキュベータ,プライム（内国株式）,サービス業,137,1,0,0,0,0,0,137,0,0,0,0,0,0,2518
4316,ビーマップ,グロース（内国株式）,情報・通信業,,,0,0,0,0,0,0,0,0,0,0,0,0,42
4317,レイ,スタンダード（内国株式）,サービス業,20,1,0,0,0,0,20,0,0,0,0,0,0,0,603
4318,クイック,プライム（内国株式）,サービス業,37.67,2,0,0,0,0,0,18.835,0,0,0,0,0,18.835,831
431A,ユーソナー,グロース（内国株式）,情報・通信業,,,0,0,0,0,0,0,0,0,0,0,0,0,2485
4320,ＣＥホールディングス,スタンダード（内国株式）,情報・通信業,52,1,0,0,0,0,0,0,0,0,0,0,0,52,1629
4323,日本システム技術,プライム（内国株式）,情報・通信業,45,2,0,0,0,0,0,22.5,0,0,0,0,0,22.5,1875
4324,電通グループ,プライム（内国株式）,サービス業,139.5,2,0,0,69.75,0,0,0,0,0,69.75,0,0,0,3526
4326,インテージホールディングス,プライム（内国株式）,情報・通信業,45,2,0,0,22.5,0,0,0,0,0,22.5,0,0,0,1875
4331,テイクアンドギヴ・ニーズ,プライム（内国株式）,サービス業,31,1,0,0,31,0,0,0,0,0,0,0,0,0,846
4334,ユークス,スタンダード（内国株式）,情報・通信業,10,1,0,0,0,10,0,0,0,0,0,0,0,0,378
4335,ＩＰＳホールディングス,スタンダード（内国株式）,情報・通信業,38,1,0,0,0,0,0,0,0,0,38,0,0,0,1056
4337,ぴあ,プライム（内国株式）,サービス業,35,1,0,0,0,0,0,35,0,0,0,0,0,0,2413
4341,西菱電機,スタンダード（内国株式）,サービス業,33,1,0,0,0,0,0,33,0,0,0,0,0,0,912
4343,イオンファンタジー,プライム（内国株式）,サービス業,15,1,0,0,0,0,15,0,0,0,0,0,0,0,2689
4344,ソースネクスト,プライム（内国株式）,情報・通信業,0.21,1,0,0,0.21,0,0,0,0,0,0,0,0,0,101
4345,シーティーエス,プライム（内国株式）,サービス業,29,2,0,0,0,0,0,14.5,0,0,0,0,0,14.5,818
4346,ＮＥＸＹＺ．Ｇｒｏｕｐ,スタンダード（内国株式）,その他金融業,30,1,0,0,0,0,0,0,0,0,0,0,0,30,861
4347,ブロードメディア,スタンダード（内国株式）,サービス業,60,1,0,0,0,0,0,60,0,0,0,0,0,0,1860
4350,メディカルシステムネットワーク,スタンダード（内国株式）,小売業,12,2,0,0,0,0,0,6,0,0,0,0,0,6,524
4351,山田再生系債権回収総合事務所,スタンダード（内国株式）,その他金融業,10,1,0,0,10,0,0,0,0,0,0,0,0,0,844
4356,応用技術,スタンダード（内国株式）,情報・通信業,40,1,0,0,40,0,0,0,0,0,0,0,0,0,1651
435A,ｉＦｒｅｅＥＴＦ　日本株配当ローテーション戦略,ETF・ETN,ETF・他,111,3,27,0,0,52,0,0,32,0,0,0,0,0,2711
4360,マナック・ケミカル・パートナーズ,スタンダード（内国株式）,化学,12.5,2,0,0,0,0,0,6.25,0,0,0,0,0,6.25,1006
4361,川口化学工業,スタンダード（内国株式）,化学,60,1,0,60,0,0,0,0,0,0,0,0,0,0,1680
4362,日本精化,プライム（内国株式）,化学,98,2,0,0,0,0,0,49,0,0,0,0,0,49,2746
4365,松本油脂製薬,スタンダード（内国株式）,化学,450,1,0,0,0,0,0,450,0,0,0,0,0,0,24500
4366,ダイトーケミックス,スタンダード（内国株式）,化学,8,1,0,0,0,0,0,8,0,0,0,0,0,0,551
4368,扶桑化学工業,プライム（内国株式）,化学,82,2,0,0,0,0,0,41,0,0,0,0,0,41,3475
4369,トリケミカル研究所,プライム（内国株式）,化学,35,1,0,0,0,35,0,0,0,0,0,0,0,0,3460
436A,サイバーソリューションズ,グロース（内国株式）,情報・通信業,32,2,16,0,0,0,0,0,16,0,0,0,0,0,1661
4370,モビルス,グロース（内国株式）,情報・通信業,,,0,0,0,0,0,0,0,0,0,0,0,0,366
4371,コアコンセプト・テクノロジー,グロース（内国株式）,情報・通信業,19,1,0,0,19,0,0,0,0,0,0,0,0,0,1525
4372,ユミルリンク,グロース（内国株式）,情報・通信業,19,1,0,0,19,0,0,0,0,0,0,0,0,0,1331
4373,シンプレクス・ホールディングス,プライム（内国株式）,情報・通信業,18,1,0,0,0,0,0,18,0,0,0,0,0,0,1161
4374,ＲＯＢＯＴ　ＰＡＹＭＥＮＴ,グロース（内国株式）,情報・通信業,14,1,0,0,14,0,0,0,0,0,0,0,0,0,1171
4375,セーフィー,グロース（内国株式）,情報・通信業,,,0,0,0,0,0,0,0,0,0,0,0,0,665
4376,くふうカンパニーホールディングス,グロース（内国株式）,情報・通信業,,,0,0,0,0,0,0,0,0,0,0,0,0,175
4377,ワンキャリア,グロース（内国株式）,情報・通信業,8.33,1,0,0,8.33,0,0,0,0,0,0,0,0,0,2472
4378,ＣＩＮＣ,グロース（内国株式）,情報・通信業,,,0,0,0,0,0,0,0,0,0,0,0,0,459
4379,Ｐｈｏｔｏｓｙｎｔｈ,グロース（内国株式）,情報・通信業,,,0,0,0,0,0,0,0,0,0,0,0,0,500
4380,Ｍマート,グロース（内国株式）,情報・通信業,12.5,1,0,0,0,12.5,0,0,0,0,0,0,0,0,665
4381,ビープラッツ,グロース（内国株式）,情報・通信業,,,0,0,0,0,0,0,0,0,0,0,0,0,214
4382,ＨＥＲＯＺ,スタンダード（内国株式）,情報・通信業,,,0,0,0,0,0,0,0,0,0,0,0,0,976
4385,メルカリ,プライム（内国株式）,情報・通信業,,,0,0,0,0,0,0,0,0,0,0,0,0,3600
4386,ＳＩＧグループ,スタンダード（内国株式）,情報・通信業,29,2,0,0,0,0,0,14.5,0,0,0,0,0,14.5,911
4387,ＺＵＵ,グロース（内国株式）,情報・通信業,,,0,0,0,0,0,0,0,0,0,0,0,0,569
4388,エーアイ,スタンダード（内国株式）,情報・通信業,4,1,0,0,0,0,0,4,0,0,0,0,0,0,354
4389,プロパティデータバンク,グロース（内国株式）,情報・通信業,32,1,0,0,0,0,0,32,0,0,0,0,0,0,1047
438A,インフキュリオン,グロース（内国株式）,情報・通信業,,,0,0,0,0,0,0,0,0,0,0,0,0,1079
4390,ＩＰＳ,プライム（内国株式）,情報・通信業,40,2,0,0,0,0,0,20,0,0,0,0,0,20,3435
4391,ロジザード,グロース（内国株式）,情報・通信業,18,1,0,0,0,0,0,0,0,0,18,0,0,0,1142
4392,ＦＩＧ,プライム（内国株式）,情報・通信業,10,1,0,0,10,0,0,0,0,0,0,0,0,0,897
4393,バンク・オブ・イノベーション,グロース（内国株式）,情報・通信業,,,0,0,0,0,0,0,0,0,0,0,0,0,6470
4394,エクスモーション,グロース（内国株式）,情報・通信業,20,1,0,20,0,0,0,0,0,0,0,0,0,0,713
4395,アクリート,グロース（内国株式）,情報・通信業,10,2,0,0,5,0,0,0,0,0,5,0,0,0,708
4396,システムサポートホールディングス,プライム（内国株式）,情報・通信業,50,2,0,0,25,0,0,0,0,0,25,0,0,0,1366
4397,チームスピリット,グロース（内国株式）,情報・通信業,,,0,0,0,0,0,0,0,0,0,0,0,0,367
4398,ブロードバンドセキュリティ,スタンダード（内国株式）,情報・通信業,15,2,0,0,7.5,0,0,0,0,0,7.5,0,0,0,2322
4401,ＡＤＥＫＡ,プライム（内国株式）,化学,112,2,0,0,0,0,0,56,0,0,0,0,0,56,4807
4403,日油,プライム（内国株式）,化学,61,2,0,0,0,0,0,30.5,0,0,0,0,0,30.5,2573.5
4404,ミヨシ油脂,スタンダード（内国株式）,食料品,100,1,0,0,100,0,0,0,0,0,0,0,0,0,2185
4406,新日本理化,スタンダード（内国株式）,化学,4.5,1,0,0,0,0,0,4.5,0,0,0,0,0,0,232
4409,東邦化学工業,スタンダード（内国株式）,化学,22,1,0,0,0,0,0,22,0,0,0,0,0,0,846
4410,ハリマ化成グループ,プライム（内国株式）,化学,42,2,0,0,0,0,0,21,0,0,0,0,0,21,1137
4412,サイエンスアーツ,グロース（内国株式）,情報・通信業,,,0,0,0,0,0,0,0,0,0,0,0,0,1547
4413,ボードルア,プライム（内国株式）,情報・通信業,,,0,0,0,0,0,0,0,0,0,0,0,0,2970
4414,フレクト,グロース（内国株式）,情報・通信業,,,0,0,0,0,0,0,0,0,0,0,0,0,1120
4415,ブロードエンタープライズ,グロース（内国株式）,情報・通信業,,,0,0,0,0,0,0,0,0,0,0,0,0,1474
4416,Ｔｒｕｅ　Ｄａｔａ,グロース（内国株式）,情報・通信業,,,0,0,0,0,0,0,0,0,0,0,0,0,402
4417,グローバルセキュリティエキスパート,グロース（内国株式）,情報・通信業,17.3,2,0,0,0,0,0,8.65,0,0,0,0,0,8.65,5860
4418,ＪＤＳＣ,グロース（内国株式）,情報・通信業,,,0,0,0,0,0,0,0,0,0,0,0,0,1108
4419,Ｆｉｎａｔｅｘｔホールディングス,グロース（内国株式）,情報・通信業,,,0,0,0,0,0,0,0,0,0,0,0,0,1503
441A,ＮＥ,グロース（内国株式）,情報・通信業,17.5,1,0,0,0,0,0,0,17.5,0,0,0,0,0,264
4420,イーソル,スタンダード（内国株式）,情報・通信業,5.5,2,0,0,2.75,0,0,0,0,0,2.75,0,0,0,819
4421,ディ・アイ・システム,スタンダード（内国株式）,情報・通信業,27,1,0,0,0,0,0,0,0,0,0,0,0,27,908
4422,ＶＡＬＵＥＮＥＸ,グロース（内国株式）,情報・通信業,,,0,0,0,0,0,0,0,0,0,0,0,0,492
4424,Ａｍａｚｉａ,グロース（内国株式）,情報・通信業,,,0,0,0,0,0,0,0,0,0,0,0,0,299
4425,Ｋｕｄａｎ,グロース（内国株式）,情報・通信業,,,0,0,0,0,0,0,0,0,0,0,0,0,1416
4427,ＥｄｕＬａｂ,グロース（内国株式）,情報・通信業,30,1,0,0,0,0,0,0,0,0,0,0,0,30,223
4428,シノプス,グロース（内国株式）,情報・通信業,16,2,0,0,8,0,0,0,0,0,8,0,0,0,689
4429,リックソフト,グロース（内国株式）,情報・通信業,,,0,0,0,0,0,0,0,0,0,0,0,0,712
442A,クラシコ,グロース（内国株式）,繊維製品,,,0,0,0,0,0,0,0,0,0,0,0,0,855
4430,東海ソフト,スタンダード（内国株式）,情報・通信業,55,1,0,0,0,0,0,0,0,55,0,0,0,0,1737
4431,スマレジ,グロース（内国株式）,情報・通信業,15,1,0,0,0,0,0,0,15,0,0,0,0,0,3835
4432,ウイングアーク１ｓｔ,プライム（内国株式）,情報・通信業,104,2,0,0,0,0,52,0,0,0,0,0,52,0,3380
4433,ヒト・コミュニケーションズ・ホールディングス,プライム（内国株式）,サービス業,37,2,0,0,0,0,18.5,0,0,0,0,0,18.5,0,834
4434,サーバーワークス,スタンダード（内国株式）,情報・通信業,25,1,0,0,0,0,25,0,0,0,0,0,0,0,2400
4436,ミンカブ・ジ・インフォノイド,グロース（内国株式）,情報・通信業,26,1,0,0,0,0,0,26,0,0,0,0,0,0,611
4437,ｇｏｏｄｄａｙｓホールディングス,グロース（内国株式）,情報・通信業,5,1,0,0,0,0,0,5,0,0,0,0,0,0,724
4438,Ｗｅｌｂｙ,グロース（内国株式）,情報・通信業,,,0,0,0,0,0,0,0,0,0,0,0,0,277
4439,東名,スタンダード（内国株式）,情報・通信業,15.5,2,0,0,0,0,7.75,0,0,0,0,0,7.75,0,835
443A,ｉＦｒｅｅＥＴＦ　東証ＲＥＩＴ指数（２・５・８・１１月決算型）,ETF・ETN,ETF・他,48,3,0,12,0,0,17,0,0,19,0,0,0,0,1726
4440,ヴィッツ,スタンダード（内国株式）,情報・通信業,15,1,0,0,0,0,0,0,0,0,0,0,15,0,2432
4441,トビラシステムズ,スタンダード（内国株式）,情報・通信業,21.3,1,21.3,0,0,0,0,0,0,0,0,0,0,0,1482
4442,バルテス・ホールディングス,グロース（内国株式）,情報・通信業,4,1,0,0,0,0,0,4,0,0,0,0,0,0,412
4443,Ｓａｎｓａｎ,プライム（内国株式）,情報・通信業,,,0,0,0,0,0,0,0,0,0,0,0,0,2134
4444,インフォネット,グロース（内国株式）,情報・通信業,,,0,0,0,0,0,0,0,0,0,0,0,0,930
4445,リビン・テクノロジーズ,グロース（内国株式）,情報・通信業,,,0,0,0,0,0,0,0,0,0,0,0,0,1721
4446,Ｌｉｎｋ－Ｕグループ,スタンダード（内国株式）,情報・通信業,,,0,0,0,0,0,0,0,0,0,0,0,0,708
4447,ピー・ビーシステムズ,グロース（内国株式）,情報・通信業,20,1,0,0,0,0,0,0,0,0,0,0,0,20,494
4448,ｋｕｂｅｌｌ,グロース（内国株式）,情報・通信業,,,0,0,0,0,0,0,0,0,0,0,0,0,356
4450,パワーソリューションズ,グロース（内国株式）,情報・通信業,25,2,0,0,12.5,0,0,0,0,0,12.5,0,0,0,2381
4452,花王,プライム（内国株式）,化学,154,2,0,0,77,0,0,0,0,0,77,0,0,0,3511
4461,第一工業製薬,プライム（内国株式）,化学,150,2,0,0,0,0,0,75,0,0,0,0,0,75,16730
4462,石原ケミカル,プライム（内国株式）,化学,44,2,0,0,0,0,0,22,0,0,0,0,0,22,3185
4463,日華化学,スタンダード（内国株式）,化学,60,2,0,0,30,0,0,0,0,0,30,0,0,0,2000
4464,ソフト９９コーポレーション,スタンダード（内国株式）,化学,47,2,0,0,0,0,0,23.5,0,0,0,0,0,23.5,4050
4465,ニイタカ,スタンダード（内国株式）,化学,92,2,0,46,0,0,0,0,0,46,0,0,0,0,2491
446A,ノースサンド,グロース（内国株式）,サービス業,220,1,0,0,0,220,0,0,0,0,0,0,0,0,2592
4471,三洋化成工業,プライム（内国株式）,化学,42.5,2,0,0,0,0,0,21.25,0,0,0,0,0,21.25,1700
4475,ＨＥＮＮＧＥ,グロース（内国株式）,情報・通信業,5,1,0,0,0,0,0,0,0,0,0,0,0,5,1752
4476,ＡＩ　ＣＲＯＳＳ,グロース（内国株式）,情報・通信業,,,0,0,0,0,0,0,0,0,0,0,0,0,1087
4477,ＢＡＳＥ,グロース（内国株式）,情報・通信業,5,1,0,0,5,0,0,0,0,0,0,0,0,0,382
4478,フリー,グロース（内国株式）,情報・通信業,,,0,0,0,0,0,0,0,0,0,0,0,0,3510
4479,マクアケ,グロース（内国株式）,情報・通信業,,,0,0,0,0,0,0,0,0,0,0,0,0,968
447A,ステート・ストリート・スパイダー　ゴールド　ＥＴＦ（為替ヘッジなし）,ETF・ETN,ETF・他,,,0,0,0,0,0,0,0,0,0,0,0,0,260.299988
4480,メドレー,プライム（内国株式）,情報・通信業,,,0,0,0,0,0,0,0,0,0,0,0,0,2404
4481,ベース,プライム（内国株式）,情報・通信業,117,2,0,0,58.5,0,0,0,0,0,58.5,0,0,0,3160
4482,ウィルズ,グロース（内国株式）,情報・通信業,13,2,0,0,6.5,0,0,0,0,0,6.5,0,0,0,745
4483,ＪＭＤＣ,プライム（内国株式）,情報・通信業,18,1,0,0,0,0,0,18,0,0,0,0,0,0,3690
4484,ランサーズ,グロース（内国株式）,情報・通信業,2,1,0,0,0,0,0,2,0,0,0,0,0,0,291
4486,ユナイトアンドグロウ,グロース（内国株式）,情報・通信業,21.5,2,0,0,10.75,0,0,0,0,0,10.75,0,0,0,682
4487,スペースマーケット,グロース（内国株式）,情報・通信業,,,0,0,0,0,0,0,0,0,0,0,0,0,210
4488,ＡＩ　ｉｎｓｉｄｅ,グロース（内国株式）,情報・通信業,,,0,0,0,0,0,0,0,0,0,0,0,0,2096
448A,ステート・ストリート・スパイダー　ゴールド　ＥＴＦ（為替ヘッジあり）,ETF・ETN,ETF・他,,,0,0,0,0,0,0,0,0,0,0,0,0,247.300003
4490,ビザスク,グロース（内国株式）,情報・通信業,,,0,0,0,0,0,0,0,0,0,0,0,0,689
4491,コンピューターマネージメント,スタンダード（内国株式）,情報・通信業,60,1,0,0,0,0,0,60,0,0,0,0,0,0,2988
4492,ゼネテック,スタンダード（内国株式）,情報・通信業,22,2,0,0,0,0,0,11,0,0,0,0,0,11,395
4493,サイバーセキュリティクラウド,グロース（内国株式）,情報・通信業,5,1,0,0,5,0,0,0,0,0,0,0,0,0,2858
4495,アイキューブドシステムズ,グロース（内国株式）,情報・通信業,34,1,0,0,0,0,0,0,0,0,34,0,0,0,2064
4496,コマースＯｎｅホールディングス,グロース（内国株式）,情報・通信業,21,2,0,0,0,0,0,10.5,0,0,0,0,0,10.5,758
4498,サイバートラスト,グロース（内国株式）,情報・通信業,12,1,0,0,0,0,0,12,0,0,0,0,0,0,1264
4499,Ｓｐｅｅｅ,スタンダード（内国株式）,情報・通信業,,,0,0,0,0,0,0,0,0,0,0,0,0,2268
449A,ステート・ストリート・スパイダー　Ｓ＆Ｐ５００　ＥＴＦ（為替ヘッジなし）,ETF・ETN,ETF・他,0.7,1,0,0,0,0.7,0,0,0,0,0,0,0,0,843.200012
4502,武田薬品工業,プライム（内国株式）,医薬品,200,2,0,0,0,0,0,100,0,0,0,0,0,100,5766
4503,アステラス製薬,プライム（内国株式）,医薬品,78,2,0,0,0,0,0,39,0,0,0,0,0,39,2255.5
4506,住友ファーマ,プライム（内国株式）,医薬品,21,2,0,0,0,0,0,10.5,0,0,0,0,0,10.5,1610
4507,塩野義製薬,プライム（内国株式）,医薬品,71,2,0,0,0,0,0,35.5,0,0,0,0,0,35.5,2762.5
450A,ステート・ストリート・スパイダー　Ｓ＆Ｐ５００　ＥＴＦ（為替ヘッジあり）,ETF・ETN,ETF・他,1,1,0,0,0,1,0,0,0,0,0,0,0,0,803
4512,わかもと製薬,スタンダード（内国株式）,医薬品,3.5,1,0,0,0,0,0,3.5,0,0,0,0,0,0,300
4516,日本新薬,プライム（内国株式）,医薬品,124,2,0,0,0,0,0,62,0,0,0,0,0,62,3367
4519,中外製薬,プライム（内国株式）,医薬品,272,2,0,0,136,0,0,0,0,0,136,0,0,0,6101
451A,ステート・ストリート・スパイダー　Ｓ＆Ｐ５００高配当株　ＥＴＦ,ETF・ETN,ETF・他,10.1,4,2.9,0,0,2.4,0,0,4.8,0,0,0,0,0,276.799988
4521,科研製薬,プライム（内国株式）,医薬品,190,2,0,0,0,0,0,95,0,0,0,0,0,95,3755
4523,エーザイ,プライム（内国株式）,医薬品,160,2,0,0,0,0,0,80,0,0,0,0,0,80,4640
4524,森下仁丹,スタンダード（内国株式）,医薬品,65,1,0,0,0,0,0,65,0,0,0,0,0,0,2221
4526,理研ビタミン,プライム（内国株式）,食料品,110,2,0,0,0,0,0,55,0,0,0,0,0,55,3115
4527,ロート製薬,プライム（内国株式）,医薬品,46,2,0,0,0,0,0,23,0,0,0,0,0,23,2729.5
4528,小野薬品工業,プライム（内国株式）,医薬品,80,2,0,0,0,0,0,40,0,0,0,0,0,40,2257.5
452A,ｉシェアーズ　Ｓ＆Ｐ　５００　プレミアムインカム　ＥＴＦ,ETF・ETN,ETF・他,99.6,10,7.3,8.1,7.9,11.9,9.4,13.7,7.5,7,3.9,0,0,22.9,822
4531,有機合成薬品工業,スタンダード（内国株式）,化学,10,1,0,0,0,0,0,10,0,0,0,0,0,0,369
4534,持田製薬,プライム（内国株式）,医薬品,80,2,0,0,0,0,0,40,0,0,0,0,0,40,3110
4536,参天製薬,プライム（内国株式）,医薬品,38,2,0,0,0,0,0,19,0,0,0,0,0,19,1677
4538,扶桑薬品工業,プライム（内国株式）,医薬品,90,2,0,0,0,0,0,45,0,0,0,0,0,45,2143
4539,日本ケミファ,スタンダード（内国株式）,医薬品,50,1,0,0,0,0,0,50,0,0,0,0,0,0,1550
453A,ｉシェアーズ　米国債２０年超　プレミアムインカム　ＥＴＦ,ETF・ETN,ETF・他,53.5,10,5,6.2,7,5.8,2.5,8.7,4.6,5,4.1,0,0,4.6,712.599976
4540,ツムラ,プライム（内国株式）,医薬品,147,2,0,0,0,0,0,73.5,0,0,0,0,0,73.5,3749
4543,テルモ,プライム（内国株式）,精密機器,30,2,0,0,0,0,0,15,0,0,0,0,0,15,2324.5
4544,Ｈ．Ｕ．グループホールディングス,プライム（内国株式）,サービス業,125,2,0,0,0,0,0,62.5,0,0,0,0,0,62.5,3552
4547,キッセイ薬品工業,プライム（内国株式）,医薬品,160,2,0,0,0,0,0,80,0,0,0,0,0,80,3695
4548,生化学工業,プライム（内国株式）,医薬品,30,2,0,0,0,0,0,15,0,0,0,0,0,15,575
4549,栄研化学,プライム（内国株式）,医薬品,58,2,0,0,0,0,0,29,0,0,0,0,0,29,2367
4552,ＪＣＲファーマ,プライム（内国株式）,医薬品,20,2,0,0,0,0,0,10,0,0,0,0,0,10,481
4553,東和薬品,プライム（内国株式）,医薬品,80,2,0,0,0,0,0,40,0,0,0,0,0,40,3585
4554,富士製薬工業,プライム（内国株式）,医薬品,45.5,2,0,0,0,0,0,22.75,0,0,0,0,0,22.75,1779
4558,中京医薬品,スタンダード（内国株式）,医薬品,5,2,0,0,0,0,0,2.5,0,0,0,0,0,2.5,200
4559,ゼリア新薬工業,プライム（内国株式）,医薬品,49,2,0,0,0,0,0,24.5,0,0,0,0,0,24.5,1923
4563,アンジェス,グロース（内国株式）,医薬品,,,0,0,0,0,0,0,0,0,0,0,0,0,35
4564,オンコセラピー・サイエンス,グロース（内国株式）,医薬品,,,0,0,0,0,0,0,0,0,0,0,0,0,20
4565,ネクセラファーマ,プライム（内国株式）,医薬品,,,0,0,0,0,0,0,0,0,0,0,0,0,1256
4568,第一三共,プライム（内国株式）,医薬品,78,2,0,0,0,0,0,39,0,0,0,0,0,39,2702.5
4569,杏林製薬,プライム（内国株式）,医薬品,57,2,0,0,0,0,0,28.5,0,0,0,0,0,28.5,1052
456A,ＨＵＭＡＮ　ＭＡＤＥ,グロース（内国株式）,小売業,,,0,0,0,0,0,0,0,0,0,0,0,0,2049
4570,免疫生物研究所,グロース（内国株式）,医薬品,6,1,0,0,0,0,0,6,0,0,0,0,0,0,1119
4571,ＮＡＮＯホールディングス,グロース（内国株式）,医薬品,,,0,0,0,0,0,0,0,0,0,0,0,0,93
4572,カルナバイオサイエンス,グロース（内国株式）,医薬品,,,0,0,0,0,0,0,0,0,0,0,0,0,360
4574,大幸薬品,プライム（内国株式）,医薬品,3.3,1,0,0,3.3,0,0,0,0,0,0,0,0,0,258
4575,キャンバス,グロース（内国株式）,医薬品,,,0,0,0,0,0,0,0,0,0,0,0,0,780
4576,デ・ウエスタン・セラピテクス研究所,グロース（内国株式）,医薬品,,,0,0,0,0,0,0,0,0,0,0,0,0,71
4577,ダイト,プライム（内国株式）,医薬品,70,2,0,35,0,0,0,0,0,35,0,0,0,0,1310
4578,大塚ホールディングス,プライム（内国株式）,医薬品,140,2,0,0,70,0,0,0,0,0,70,0,0,0,11475
4579,ラクオリア創薬,グロース（内国株式）,医薬品,,,0,0,0,0,0,0,0,0,0,0,0,0,619
4582,シンバイオ製薬,グロース（内国株式）,医薬品,,,0,0,0,0,0,0,0,0,0,0,0,0,56
4583,カイオム・バイオサイエンス,グロース（内国株式）,医薬品,,,0,0,0,0,0,0,0,0,0,0,0,0,99
4584,キッズウェル・バイオ,グロース（内国株式）,医薬品,,,0,0,0,0,0,0,0,0,0,0,0,0,165
4586,メドレックス,グロース（内国株式）,医薬品,,,0,0,0,0,0,0,0,0,0,0,0,0,60
4587,ペプチドリーム,プライム（内国株式）,医薬品,,,0,0,0,0,0,0,0,0,0,0,0,0,1060.5
4588,オンコリスバイオファーマ,グロース（内国株式）,医薬品,,,0,0,0,0,0,0,0,0,0,0,0,0,6350
4591,リボミック,グロース（内国株式）,医薬品,,,0,0,0,0,0,0,0,0,0,0,0,0,74
4592,サンバイオ,グロース（内国株式）,医薬品,,,0,0,0,0,0,0,0,0,0,0,0,0,920
4593,ヘリオス,グロース（内国株式）,医薬品,,,0,0,0,0,0,0,0,0,0,0,0,0,305
4594,ブライトパス・バイオ,グロース（内国株式）,医薬品,,,0,0,0,0,0,0,0,0,0,0,0,0,45
4595,ミズホメディー,スタンダード（内国株式）,医薬品,100,2,0,0,50,0,0,0,0,0,50,0,0,0,1705
4596,窪田製薬ホールディングス,グロース（内国株式）,医薬品,,,0,0,0,0,0,0,0,0,0,0,0,0,63
4597,ソレイジア・ファーマ,グロース（内国株式）,医薬品,,,0,0,0,0,0,0,0,0,0,0,0,0,33
4598,Ｄｅｌｔａ－Ｆｌｙ　Ｐｈａｒｍａ,グロース（内国株式）,医薬品,,,0,0,0,0,0,0,0,0,0,0,0,0,105
4599,ステムリム,グロース（内国株式）,医薬品,,,0,0,0,0,0,0,0,0,0,0,0,0,165
459A,野村高利回りＪリート指数ＥＴＦ,ETF・ETN,ETF・他,318,3,0,0,120,0,0,110,0,0,88,0,0,0,9489
460A,ＢＲＡＮＵ,グロース（内国株式）,情報・通信業,,,0,0,0,0,0,0,0,0,0,0,0,0,1111
4611,大日本塗料,プライム（内国株式）,化学,58,1,0,0,0,0,0,58,0,0,0,0,0,0,1604
4612,日本ペイントホールディングス,プライム（内国株式）,化学,16,2,0,0,8,0,0,0,0,0,8,0,0,0,1229.5
4613,関西ペイント,プライム（内国株式）,化学,110,2,0,0,0,0,0,55,0,0,0,0,0,55,2830
4615,神東塗料,スタンダード（内国株式）,化学,,,0,0,0,0,0,0,0,0,0,0,0,0,133
4616,川上塗料,スタンダード（内国株式）,化学,44,1,0,44,0,0,0,0,0,0,0,0,0,0,3095
4617,中国塗料,プライム（内国株式）,化学,111,2,0,0,0,0,0,55.5,0,0,0,0,0,55.5,3655
4619,日本特殊塗料,スタンダード（内国株式）,化学,125,2,0,0,0,0,0,62.5,0,0,0,0,0,62.5,2600
461A,ＭＡＸＩＳ日本株高配当ＳＭＡＲＴ５０上場投信,ETF・ETN,ETF・他,35,3,0,2,0,0,29,0,0,4,0,0,0,0,2638
4620,藤倉化成,スタンダード（内国株式）,化学,20,2,0,0,0,0,0,10,0,0,0,0,0,10,1128
4623,アサヒペン,スタンダード（内国株式）,化学,60,2,0,0,0,0,0,30,0,0,0,0,0,30,1865
4624,イサム塗料,スタンダード（内国株式）,化学,50,2,0,0,0,0,0,25,0,0,0,0,0,25,3975
4625,アトミクス,スタンダード（内国株式）,化学,20,1,0,0,0,0,0,20,0,0,0,0,0,0,887
4626,太陽ホールディングス,プライム（内国株式）,化学,165,2,0,0,0,0,0,82.5,0,0,0,0,0,82.5,4803
4627,ナトコ,スタンダード（内国株式）,化学,55,2,27.5,0,0,0,0,0,27.5,0,0,0,0,0,2164
4628,エスケー化研,スタンダード（内国株式）,化学,230,1,0,0,0,0,0,230,0,0,0,0,0,0,10510
4629,大伸化学,スタンダード（内国株式）,化学,45,1,0,0,0,0,0,45,0,0,0,0,0,0,2345
462A,ＦＵＮＤＩＮＮＯ,グロース（内国株式）,証券、商品先物取引業,,,0,0,0,0,0,0,0,0,0,0,0,0,254
4631,ＤＩＣ,プライム（内国株式）,化学,200,2,0,0,100,0,0,0,0,0,100,0,0,0,5102
4633,サカタインクス,プライム（内国株式）,化学,95,2,0,0,47.5,0,0,0,0,0,47.5,0,0,0,2623
4634,ａｒｔｉｅｎｃｅ,プライム（内国株式）,化学,100,2,0,0,50,0,0,0,0,0,50,0,0,0,5110
4635,東京インキ,スタンダード（内国株式）,化学,33.4,2,0,0,0,0,0,16.7,0,0,0,0,0,16.7,1982
463A,インテリックスホールディングス,スタンダード（内国株式）,不動産業,,,0,0,0,0,0,0,0,0,0,0,0,0,966
4641,アルプス技研,プライム（内国株式）,サービス業,108,2,0,0,54,0,0,0,0,0,54,0,0,0,860
4642,オリジナル設計,スタンダード（内国株式）,サービス業,35,1,0,0,35,0,0,0,0,0,0,0,0,0,1398
4644,イマジニア,スタンダード（内国株式）,情報・通信業,60,2,0,0,0,0,0,30,0,0,0,0,0,30,1025
4645,市進ホールディングス,スタンダード（内国株式）,サービス業,10,1,0,0,0,0,10,0,0,0,0,0,0,0,434
464A,ＱＰＳホールディングス,グロース（内国株式）,情報・通信業,,,0,0,0,0,0,0,0,0,0,0,0,0,1606
4650,ＳＤエンターテイメント,スタンダード（内国株式）,サービス業,1,1,0,0,0,0,0,1,0,0,0,0,0,0,272
4651,サニックスホールディングス,スタンダード（内国株式）,サービス業,2,1,0,0,0,0,0,2,0,0,0,0,0,0,233
4657,環境管理センター,スタンダード（内国株式）,サービス業,8,1,0,0,0,0,0,0,0,0,8,0,0,0,452
4658,日本空調サービス,プライム（内国株式）,サービス業,54,2,0,0,0,0,0,27,0,0,0,0,0,27,1567
465A,グローバルＸ　日経平均株主還元４０－日本株式　ＥＴＦ,ETF・ETN,ETF・他,31,3,0,0,0,12,0,0,3,0,0,16,0,0,1319
4661,オリエンタルランド,プライム（内国株式）,サービス業,15,2,0,0,0,0,0,7.5,0,0,0,0,0,7.5,2888.5
4662,フォーカスシステムズ,プライム（内国株式）,情報・通信業,64,2,0,0,0,0,0,32,0,0,0,0,0,32,1623
4664,アール・エス・シー,スタンダード（内国株式）,サービス業,24,2,0,0,0,0,0,12,0,0,0,0,0,12,1131
4665,ダスキン,プライム（内国株式）,サービス業,118,2,0,0,0,0,0,59,0,0,0,0,0,59,4639
4666,パーク２４,プライム（内国株式）,不動産業,30,1,30,0,0,0,0,0,0,0,0,0,0,0,1779.5
4667,アイサンテクノロジー,スタンダード（内国株式）,情報・通信業,12.333333,1,0,0,0,0,0,12.333333,0,0,0,0,0,0,1005
4668,明光ネットワークジャパン,プライム（内国株式）,サービス業,27,2,0,0,0,0,13.5,0,0,0,0,0,13.5,0,729
466A,グローバルＸ　防衛テック　ＥＴＦ,ETF・ETN,ETF・他,1,1,0,0,0,0,0,1,0,0,0,0,0,0,991
4671,ファルコホールディングス,スタンダード（内国株式）,サービス業,125,2,0,0,0,0,0,62.5,0,0,0,0,0,62.5,2696
4673,川崎地質,スタンダード（内国株式）,サービス業,145,2,0,72.5,0,0,0,0,0,72.5,0,0,0,0,4860
4674,クレスコ,プライム（内国株式）,情報・通信業,64,2,0,0,0,0,0,32,0,0,0,0,0,32,1928
4676,フジ・メディア・ホールディングス,プライム（内国株式）,情報・通信業,125,2,0,0,0,0,0,62.5,0,0,0,0,0,62.5,3868
4678,秀英予備校,スタンダード（内国株式）,サービス業,10,1,0,0,0,0,0,10,0,0,0,0,0,0,328
4679,田谷,スタンダード（内国株式）,サービス業,22,1,0,0,0,0,0,22,0,0,0,0,0,0,268
467A,グローバルＸ　米ドル建て投資適格社債　ＥＴＦ（為替ヘッジあり）,ETF・ETN,ETF・他,14.1,4,0,0,6.6,0,2.2,0,3.1,0,2.2,0,0,0,267.5
4680,ラウンドワン,プライム（内国株式）,サービス業,18,1,0,0,0,0,0,18,0,0,0,0,0,0,1288
4681,リゾートトラスト,プライム（内国株式）,サービス業,34,2,0,0,0,0,0,17,0,0,0,0,0,17,1714.5
4684,オービック,プライム（内国株式）,情報・通信業,84,2,0,0,0,0,0,42,0,0,0,0,0,42,5110
4685,菱友システムズ,スタンダード（内国株式）,情報・通信業,97.5,2,0,0,0,0,0,48.75,0,0,0,0,0,48.75,2820
4686,ジャストシステム,プライム（内国株式）,情報・通信業,27,2,0,0,0,0,0,13.5,0,0,0,0,0,13.5,4615
4687,ＴＤＣソフト,プライム（内国株式）,情報・通信業,33,1,0,0,0,0,0,33,0,0,0,0,0,0,1081
4689,ＬＩＮＥヤフー,プライム（内国株式）,情報・通信業,7.3,1,0,0,0,0,0,7.3,0,0,0,0,0,0,498
468A,グローバルＸ　米ドル建て投資適格社債　ＥＴＦ,ETF・ETN,ETF・他,19.7,4,0,0,12.8,0,2.2,0,2.4,0,2.3,0,0,0,272.200012
4691,ワシントンホテル,スタンダード（内国株式）,サービス業,40,1,0,0,0,0,0,40,0,0,0,0,0,0,2000
4694,ビー・エム・エル,プライム（内国株式）,サービス業,125,2,0,0,0,0,0,62.5,0,0,0,0,0,62.5,3575
469A,フィットクルー,グロース（内国株式）,サービス業,,,0,0,0,0,0,0,0,0,0,0,0,0,1636
4704,トレンドマイクロ,プライム（内国株式）,情報・通信業,185,1,0,0,185,0,0,0,0,0,0,0,0,0,6961
4705,クリップコーポレーション,スタンダード（内国株式）,サービス業,45,1,0,0,0,0,0,45,0,0,0,0,0,0,777
4707,キタック,スタンダード（内国株式）,サービス業,7,1,7,0,0,0,0,0,0,0,0,0,0,0,398
4709,ＩＤホールディングス,プライム（内国株式）,情報・通信業,80,2,0,0,0,0,0,40,0,0,0,0,0,40,1064
4712,ＫｅｙＨｏｌｄｅｒ,スタンダード（内国株式）,サービス業,10,1,0,0,10,0,0,0,0,0,0,0,0,0,808
4714,リソー教育グループ,プライム（内国株式）,サービス業,10,1,0,0,0,0,10,0,0,0,0,0,0,0,206
4716,日本オラクル,スタンダード（内国株式）,情報・通信業,190,1,0,0,0,0,0,0,0,190,0,0,0,0,9880
4718,早稲田アカデミー,プライム（内国株式）,サービス業,55,2,0,0,0,0,0,27.5,0,0,0,0,0,27.5,2391
4719,アルファシステムズ,プライム（内国株式）,情報・通信業,135,2,0,0,0,0,0,67.5,0,0,0,0,0,67.5,3230
471A,ＮＳグループ,プライム（内国株式）,その他金融業,265.08,1,0,0,265.08,0,0,0,0,0,0,0,0,0,1512
4720,城南進学研究社,スタンダード（内国株式）,サービス業,7,1,0,0,0,0,0,7,0,0,0,0,0,0,238
4722,フューチャー,プライム（内国株式）,情報・通信業,46,2,0,0,23,0,0,0,0,0,23,0,0,0,2427
4725,ＣＡＣ　Ｈｏｌｄｉｎｇｓ,プライム（内国株式）,情報・通信業,100,2,0,0,50,0,0,0,0,0,50,0,0,0,1912
4728,トーセ,スタンダード（内国株式）,情報・通信業,25,2,0,0,0,0,12.5,0,0,0,0,0,12.5,0,647
472A,ミラティブ,グロース（内国株式）,情報・通信業,,,0,0,0,0,0,0,0,0,0,0,0,0,551
4732,ユー・エス・エス,プライム（内国株式）,サービス業,54.7,2,0,0,0,0,0,27.35,0,0,0,0,0,27.35,1800
4733,オービックビジネスコンサルタント,プライム（内国株式）,情報・通信業,111,2,0,0,0,0,0,55.5,0,0,0,0,0,55.5,8402
4735,京進,スタンダード（内国株式）,サービス業,5,1,0,0,0,0,5,0,0,0,0,0,0,0,286
4736,日本ラッド,スタンダード（内国株式）,情報・通信業,10,1,0,0,0,0,0,10,0,0,0,0,0,0,611
473A,ニッセイＥＴＦ　日経２２５インデックス,ETF・ETN,ETF・他,7,1,0,0,0,7,0,0,0,0,0,0,0,0,1415
4743,アイティフォー,プライム（内国株式）,情報・通信業,80,2,0,0,0,0,0,40,0,0,0,0,0,40,1606
4746,東計電算,スタンダード（内国株式）,情報・通信業,43.25,2,0,0,21.625,0,0,0,0,0,21.625,0,0,0,2004
4750,ダイサン,スタンダード（内国株式）,サービス業,22,2,11,0,0,0,0,0,11,0,0,0,0,0,558
4751,サイバーエージェント,プライム（内国株式）,サービス業,17,1,0,0,0,0,0,0,0,0,0,0,0,17,1239.5
4752,昭和システムエンジニアリング,スタンダード（内国株式）,情報・通信業,66,1,0,0,0,0,0,66,0,0,0,0,0,0,1612
4754,トスネット,スタンダード（内国株式）,サービス業,37,1,0,0,0,0,0,0,0,0,0,0,0,37,1534
4755,楽天グループ,プライム（内国株式）,サービス業,4.5,1,0,0,4.5,0,0,0,0,0,0,0,0,0,639.599976
475A,ギミック,スタンダード（内国株式）,サービス業,,,0,0,0,0,0,0,0,0,0,0,0,0,675
4760,アルファ,スタンダード（内国株式）,サービス業,60,1,0,0,0,0,0,0,0,0,0,0,60,0,1191
4761,さくらケーシーエス,スタンダード（内国株式）,情報・通信業,55,2,0,0,0,0,0,27.5,0,0,0,0,0,27.5,1466
4762,エックスネット,スタンダード（内国株式）,情報・通信業,23.75,2,0,0,0,0,0,11.875,0,0,0,0,0,11.875,1004
4763,クリーク・アンド・リバー社,プライム（内国株式）,サービス業,50,1,0,0,0,0,50,0,0,0,0,0,0,0,1510
4765,ＳＢＩグローバルアセットマネジメント,プライム（内国株式）,サービス業,22.75,2,0,0,0,0,0,11.375,0,0,0,0,0,11.375,601
4766,ピーエイ,スタンダード（内国株式）,サービス業,8.2,1,0,0,8.2,0,0,0,0,0,0,0,0,0,222
4767,テー・オー・ダブリュー,スタンダード（内国株式）,サービス業,15,2,0,0,7.5,0,0,0,0,0,7.5,0,0,0,394
4768,大塚商会,プライム（内国株式）,情報・通信業,90,2,0,0,45,0,0,0,0,0,45,0,0,0,3743
4769,ＩＣ,スタンダード（内国株式）,情報・通信業,40,1,0,0,0,0,0,0,0,0,0,0,0,40,1150
476A,辻・本郷ＩＴコンサルティング,スタンダード（内国株式）,情報・通信業,,,0,0,0,0,0,0,0,0,0,0,0,0,2980
4771,エフアンドエム,スタンダード（内国株式）,サービス業,51,2,0,0,0,0,0,25.5,0,0,0,0,0,25.5,2620
4772,ＳＭ　ＥＮＴＥＲＴＡＩＮＭＥＮＴ　ＪＡＰＡＮ,グロース（内国株式）,情報・通信業,2,1,0,0,2,0,0,0,0,0,0,0,0,0,74
4776,サイボウズ,プライム（内国株式）,情報・通信業,40,1,0,0,40,0,0,0,0,0,0,0,0,0,2996
4777,ガーラ,スタンダード（内国株式）,情報・通信業,,,0,0,0,0,0,0,0,0,0,0,0,0,200
477A,スタートライン,グロース（内国株式）,サービス業,,,0,0,0,0,0,0,0,0,0,0,0,0,795
4783,ＮＣＤ,スタンダード（内国株式）,情報・通信業,120,2,0,0,0,0,0,60,0,0,0,0,0,60,2415
4784,ＧＭＯインターネット,プライム（内国株式）,サービス業,20.26,2,0,0,10.13,0,0,0,0,0,10.13,0,0,0,508
478A,フツパー,グロース（内国株式）,情報・通信業,,,0,0,0,0,0,0,0,0,0,0,0,0,720
4792,山田コンサルティンググループ,プライム（内国株式）,サービス業,77,2,0,0,0,0,0,38.5,0,0,0,0,0,38.5,1705
479A,ＰＲＯＮＩ,グロース（内国株式）,情報・通信業,,,0,0,0,0,0,0,0,0,0,0,0,0,1942
4801,セントラルスポーツ,プライム（内国株式）,サービス業,40,2,0,0,0,0,0,20,0,0,0,0,0,20,2313
4809,パラカ,プライム（内国株式）,不動産業,67,1,0,0,0,0,0,0,0,0,0,0,0,67,1971
480A,リブ・コンサルティング,グロース（内国株式）,サービス業,,,0,0,0,0,0,0,0,0,0,0,0,0,1021
4811,ドリーム・アーツ,グロース（内国株式）,情報・通信業,60,1,0,0,60,0,0,0,0,0,0,0,0,0,967
4812,電通総研,プライム（内国株式）,情報・通信業,120,2,0,0,60,0,0,0,0,0,60,0,0,0,2867
4813,ＡＣＣＥＳＳ,プライム（内国株式）,情報・通信業,3,1,0,0,0,3,0,0,0,0,0,0,0,0,367
4814,ネクストウェア,スタンダード（内国株式）,情報・通信業,2,1,0,0,0,0,0,2,0,0,0,0,0,0,168
4816,東映アニメーション,スタンダード（内国株式）,情報・通信業,44,1,0,0,0,0,0,44,0,0,0,0,0,0,2923
4819,デジタルガレージ,プライム（内国株式）,情報・通信業,47,1,0,0,0,0,0,47,0,0,0,0,0,0,2365
4820,イーエムシステムズ,プライム（内国株式）,情報・通信業,39,2,0,0,19.5,0,0,0,0,0,19.5,0,0,0,559
4825,ウェザーニューズ,プライム（内国株式）,情報・通信業,52.5,2,0,26.25,0,0,0,0,0,26.25,0,0,0,0,1960
4826,ＣＩＪ,プライム（内国株式）,情報・通信業,15,2,0,0,7.5,0,0,0,0,0,7.5,0,0,0,529
4828,ビジネスエンジニアリング,プライム（内国株式）,情報・通信業,20.8,2,0,0,0,0,0,10.4,0,0,0,0,0,10.4,1326
4829,日本エンタープライズ,スタンダード（内国株式）,情報・通信業,3,1,0,0,0,0,0,0,0,3,0,0,0,0,105
4832,ＪＦＥシステムズ,スタンダード（内国株式）,情報・通信業,68,2,0,0,0,0,0,34,0,0,0,0,0,34,1800
4833,Ｄｅｆ　ｃｏｎｓｕｌｔｉｎｇ,グロース（内国株式）,サービス業,,,0,0,0,0,0,0,0,0,0,0,0,0,53
4838,スペースシャワーＳＫＩＹＡＫＩホールディングス,スタンダード（内国株式）,情報・通信業,25,1,0,0,0,0,0,25,0,0,0,0,0,0,697
4839,ＷＯＷＯＷ,プライム（内国株式）,情報・通信業,30,1,0,0,0,0,0,30,0,0,0,0,0,0,923
483A,テラテクノロジー,スタンダード（内国株式）,情報・通信業,89,1,0,0,0,0,0,89,0,0,0,0,0,0,2128
4840,トライアイズ,スタンダード（内国株式）,サービス業,12,1,0,0,12,0,0,0,0,0,0,0,0,0,891
4845,スカラ,スタンダード（内国株式）,情報・通信業,16.5,2,0,0,8.25,0,0,0,0,0,8.25,0,0,0,327
4847,インテリジェント　ウェイブ,プライム（内国株式）,情報・通信業,35,2,0,0,17.5,0,0,0,0,0,17.5,0,0,0,1501
4848,フルキャストホールディングス,プライム（内国株式）,サービス業,63,2,0,0,31.5,0,0,0,0,0,31.5,0,0,0,1772
4849,エン,プライム（内国株式）,サービス業,32.7,1,0,0,0,0,0,32.7,0,0,0,0,0,0,1723
485A,パワーエックス,グロース（内国株式）,電気機器,,,0,0,0,0,0,0,0,0,0,0,0,0,2168
486A,ＮＥＸＴ　ＦＵＮＤＳ　ユーロ・ストックス５０指数（為替ヘッジなし）連動型上場投信,ETF・ETN,ETF・他,27,1,0,0,0,0,0,27,0,0,0,0,0,0,2110
487A,ＮＥＸＴ　ＦＵＮＤＳ　ドイツ株式・ＤＡＸ（為替ヘッジなし）連動型上場投信,ETF・ETN,ETF・他,30,1,0,0,0,0,0,30,0,0,0,0,0,0,1972
4880,セルソース,スタンダード（内国株式）,医薬品,5,1,5,0,0,0,0,0,0,0,0,0,0,0,311
4881,ファンペップ,グロース（内国株式）,医薬品,,,0,0,0,0,0,0,0,0,0,0,0,0,46
4882,ペルセウスプロテオミクス,グロース（内国株式）,医薬品,,,0,0,0,0,0,0,0,0,0,0,0,0,157
4883,モダリス,グロース（内国株式）,医薬品,,,0,0,0,0,0,0,0,0,0,0,0,0,31
4884,クリングルファーマ,グロース（内国株式）,医薬品,,,0,0,0,0,0,0,0,0,0,0,0,0,600
4885,室町ケミカル,スタンダード（内国株式）,医薬品,25,1,0,0,0,0,0,0,0,25,0,0,0,0,905
4886,あすか製薬ホールディングス,プライム（内国株式）,医薬品,60,2,0,0,0,0,0,30,0,0,0,0,0,30,2014
4887,サワイグループホールディングス,プライム（内国株式）,医薬品,55,2,0,0,0,0,0,27.5,0,0,0,0,0,27.5,1619.5
4888,ステラファーマ,グロース（内国株式）,医薬品,,,0,0,0,0,0,0,0,0,0,0,0,0,452
4889,レナサイエンス,グロース（内国株式）,医薬品,,,0,0,0,0,0,0,0,0,0,0,0,0,1051
488A,ｉシェアーズ　円高フォーカス　ＥＴＦ,ETF・ETN,ETF・他,,,0,0,0,0,0,0,0,0,0,0,0,0,768.599976
4890,坪田ラボ,グロース（内国株式）,医薬品,,,0,0,0,0,0,0,0,0,0,0,0,0,259
4891,ティムス,グロース（内国株式）,医薬品,,,0,0,0,0,0,0,0,0,0,0,0,0,130
4892,サイフューズ,グロース（内国株式）,医薬品,,,0,0,0,0,0,0,0,0,0,0,0,0,630
4893,ノイルイミューン・バイオテック,グロース（内国株式）,医薬品,,,0,0,0,0,0,0,0,0,0,0,0,0,105
4894,クオリプス,グロース（内国株式）,医薬品,,,0,0,0,0,0,0,0,0,0,0,0,0,6300
4896,ケイファーマ,グロース（内国株式）,医薬品,,,0,0,0,0,0,0,0,0,0,0,0,0,760
489A,東証ＲＥＩＴ物流フォーカスＥＴＦ,ETF・ETN,ETF・他,26,3,0,0,0,0,11,0,3,0,12,0,0,0,849
4901,富士フイルムホールディングス,プライム（内国株式）,化学,70,2,0,0,0,0,0,35,0,0,0,0,0,35,3429
4902,コニカミノルタ,プライム（内国株式）,電気機器,12,2,0,0,0,0,0,6,0,0,0,0,0,6,638.900024
4911,資生堂,プライム（内国株式）,化学,40,2,0,0,20,0,0,0,0,0,20,0,0,0,3263
4912,ライオン,プライム（内国株式）,化学,30,2,0,0,15,0,0,0,0,0,15,0,0,0,1754.5
4914,高砂香料工業,プライム（内国株式）,化学,52,2,0,0,0,0,0,26,0,0,0,0,0,26,1275
4918,アイビー化粧品,スタンダード（内国株式）,化学,15,1,0,0,0,0,0,15,0,0,0,0,0,0,302
4919,ミルボン,プライム（内国株式）,化学,88,2,0,0,44,0,0,0,0,0,44,0,0,0,3320
491A,ｉシェアーズ　Ｓ＆Ｐ　５００　除く金融　ＥＴＦ（為替ヘッジあり）,ETF・ETN,ETF・他,1.6,1,0,0,0,0,0,0,0,1.6,0,0,0,0,560.099976
4920,日本色材工業研究所,スタンダード（内国株式）,化学,30,1,0,0,0,0,30,0,0,0,0,0,0,0,1197
4922,コーセーホールディングス,プライム（内国株式）,化学,140,2,0,0,70,0,0,0,0,0,70,0,0,0,5433
4923,コタ,プライム（内国株式）,化学,20,1,0,0,0,0,0,20,0,0,0,0,0,0,1125
4925,ハーバー研究所,スタンダード（内国株式）,化学,40,1,0,0,0,0,0,40,0,0,0,0,0,0,1690
4926,シーボン,スタンダード（内国株式）,化学,20,2,0,0,0,0,0,10,0,0,0,0,0,10,1228
4927,ポーラ・オルビスホールディングス,プライム（内国株式）,化学,52,2,0,0,26,0,0,0,0,0,26,0,0,0,1370.5
4928,ノエビアホールディングス,プライム（内国株式）,化学,230,1,0,0,0,0,0,0,0,0,0,0,0,230,4460
4929,アジュバンホールディングス,スタンダード（内国株式）,化学,12,1,0,0,0,0,0,12,0,0,0,0,0,0,739
492A,Ｏｎｅ　ＥＴＦ　日本国債　高クーポン（平均残存１０年未満）,ETF・ETN,ETF・他,14.2,3,0,0,2,0,0,6,0,0,6.2,0,0,0,952.599976
4931,新日本製薬,プライム（内国株式）,化学,52,1,0,0,0,0,0,0,0,0,0,0,0,52,1967
4932,アルマード,スタンダード（内国株式）,化学,42,1,0,0,0,0,0,42,0,0,0,0,0,0,779
4933,Ｉ－ｎｅ,プライム（内国株式）,化学,15,1,0,0,15,0,0,0,0,0,0,0,0,0,2202
4934,プレミアアンチエイジング,グロース（内国株式）,化学,,,0,0,0,0,0,0,0,0,0,0,0,0,579
4935,リベルタ,スタンダード（内国株式）,化学,10,1,0,0,10,0,0,0,0,0,0,0,0,0,206
4936,アクシージア,スタンダード（内国株式）,化学,10,2,0,0,0,5,0,0,0,0,0,5,0,0,286
4937,Ｗａｑｏｏ,グロース（内国株式）,化学,,,0,0,0,0,0,0,0,0,0,0,0,0,2369
493A,Ｏｎｅ　ＥＴＦ　日本国債　１－３年,ETF・ETN,ETF・他,,,0,0,0,0,0,0,0,0,0,0,0,0,994.200012
494A,Ｏｎｅ　ＥＴＦ　日本国債　３－７年,ETF・ETN,ETF・他,,,0,0,0,0,0,0,0,0,0,0,0,0,979
4951,エステー,プライム（内国株式）,化学,44,2,0,0,0,0,0,22,0,0,0,0,0,22,1500
4956,コニシ,プライム（内国株式）,化学,38,2,0,0,0,0,0,19,0,0,0,0,0,19,1458
4958,長谷川香料,プライム（内国株式）,化学,74,2,0,0,0,0,0,37,0,0,0,0,0,37,3325
495A,Ｏｎｅ　ＥＴＦ　日本国債　７－１０年,ETF・ETN,ETF・他,4.8,1,0,0,0,0,0,0,0,0,4.8,0,0,0,951.700012
4960,ケミプロ化成,スタンダード（内国株式）,化学,5,1,0,0,0,0,0,5,0,0,0,0,0,0,537
4966,上村工業,スタンダード（内国株式）,化学,290,1,0,0,0,0,0,290,0,0,0,0,0,0,22140
4967,小林製薬,プライム（内国株式）,化学,104,2,0,0,52,0,0,0,0,0,52,0,0,0,7153
4968,荒川化学工業,プライム（内国株式）,化学,50,2,0,0,0,0,0,25,0,0,0,0,0,25,2505
496A,Ｏｎｅ　ＥＴＦ　日本国債　１７－２０年,ETF・ETN,ETF・他,12.9,2,0,0,2.7,0,0,0,0,0,10.2,0,0,0,908
4970,東洋合成工業,スタンダード（内国株式）,化学,40,2,0,0,0,0,0,20,0,0,0,0,0,20,11030
4971,メック,プライム（内国株式）,化学,96,2,0,0,48,0,0,0,0,0,48,0,0,0,7510
4972,綜研化学,スタンダード（内国株式）,化学,75,1,0,0,0,0,0,75,0,0,0,0,0,0,4430
4973,日本高純度化学,プライム（内国株式）,化学,200,2,0,0,0,0,0,100,0,0,0,0,0,100,5050
4975,ＪＣＵ,プライム（内国株式）,化学,95,2,0,0,0,0,0,47.5,0,0,0,0,0,47.5,6230
4976,東洋ドライルーブ,スタンダード（内国株式）,化学,96,2,0,0,48,0,0,0,0,0,48,0,0,0,1528
4977,新田ゼラチン,スタンダード（内国株式）,化学,30,2,0,0,0,0,0,15,0,0,0,0,0,15,1162
4978,リプロセル,グロース（内国株式）,化学,,,0,0,0,0,0,0,0,0,0,0,0,0,134
4979,ＯＡＴアグリオ,スタンダード（内国株式）,化学,60,2,0,0,30,0,0,0,0,0,30,0,0,0,2808
497A,インバウンド消費関連　日本株（ネットリターン）ＥＴＮ,ETF・ETN,ETF・他,,,0,0,0,0,0,0,0,0,0,0,0,0,10210
4980,デクセリアルズ,プライム（内国株式）,化学,58,2,0,0,0,0,0,29,0,0,0,0,0,29,3614
4985,アース製薬,プライム（内国株式）,化学,125,1,0,0,125,0,0,0,0,0,0,0,0,0,4680
498A,防衛・航空宇宙　欧州株（ネットリターン）ＥＴＮ,ETF・ETN,ETF・他,,,0,0,0,0,0,0,0,0,0,0,0,0,8432
4990,昭和化学工業,スタンダード（内国株式）,化学,10,2,0,0,0,0,0,5,0,0,0,0,0,5,521
4992,北興化学工業,スタンダード（内国株式）,化学,46,2,0,23,0,0,0,0,0,23,0,0,0,0,1974
4994,大成ラミックグループ,スタンダード（内国株式）,化学,70,2,0,0,0,0,0,35,0,0,0,0,0,35,2534
4996,クミアイ化学工業,プライム（内国株式）,化学,24,2,12,0,0,0,0,0,12,0,0,0,0,0,657
4997,日本農薬,プライム（内国株式）,化学,36,2,0,0,0,0,0,18,0,0,0,0,0,18,1081
4998,フマキラー,スタンダード（内国株式）,化学,24,1,0,0,0,0,0,24,0,0,0,0,0,0,1157
499A,ラグジュアリー厳選１０　欧州株（ネットリターン）ＥＴＮ,ETF・ETN,ETF・他,,,0,0,0,0,0,0,0,0,0,0,0,0,7600
500A,ＴＯブックス,スタンダード（内国株式）,情報・通信業,,,0,0,0,0,0,0,0,0,0,0,0,0,3425
5010,日本精蝋,スタンダード（内国株式）,石油・石炭製品,2.5,2,0,0,1.25,0,0,0,0,0,1.25,0,0,0,316
5011,ニチレキグループ,プライム（内国株式）,石油・石炭製品,80,2,0,0,0,0,0,40,0,0,0,0,0,40,2185
5013,ユシロ,スタンダード（内国株式）,石油・石炭製品,112,2,0,0,0,0,0,56,0,0,0,0,0,56,3135
5015,ビーピー・カストロール,スタンダード（内国株式）,石油・石炭製品,46,2,0,0,23,0,0,0,0,0,23,0,0,0,998
5016,ＪＸ金属,プライム（内国株式）,非鉄金属,31,2,0,0,0,0,0,15.5,0,0,0,0,0,15.5,3797
5018,ＭＯＲＥＳＣＯ,スタンダード（内国株式）,石油・石炭製品,55,2,0,0,0,0,27.5,0,0,0,0,0,27.5,0,2435
5019,出光興産,プライム（内国株式）,石油・石炭製品,36,2,0,0,0,0,0,18,0,0,0,0,0,18,1538
5020,ＥＮＥＯＳホールディングス,プライム（内国株式）,石油・石炭製品,34,2,0,0,0,0,0,17,0,0,0,0,0,17,1371.5
5021,コスモエネルギーホールディングス,プライム（内国株式）,石油・石炭製品,165,2,0,0,0,0,0,82.5,0,0,0,0,0,82.5,4132
5025,マーキュリー,グロース（内国株式）,情報・通信業,,,0,0,0,0,0,0,0,0,0,0,0,0,585
5026,トリプルアイズ,グロース（内国株式）,情報・通信業,,,0,0,0,0,0,0,0,0,0,0,0,0,610
5027,ＡｎｙＭｉｎｄ　Ｇｒｏｕｐ,グロース（内国株式）,情報・通信業,2,1,0,0,2,0,0,0,0,0,0,0,0,0,780
5028,セカンドサイトアナリティカ,グロース（内国株式）,情報・通信業,,,0,0,0,0,0,0,0,0,0,0,0,0,350
5029,サークレイス,グロース（内国株式）,情報・通信業,,,0,0,0,0,0,0,0,0,0,0,0,0,928
502A,グローバルＸ　超短期円建て債券　ＥＴＦ,ETF・ETN,ETF・他,2.5,1,0,0,0,0,0,0,2.5,0,0,0,0,0,902.200012
5031,モイ,グロース（内国株式）,情報・通信業,,,0,0,0,0,0,0,0,0,0,0,0,0,388
5032,ＡＮＹＣＯＬＯＲ,プライム（内国株式）,情報・通信業,65,2,32.5,0,0,0,0,0,32.5,0,0,0,0,0,3040
5033,ヌーラボ,グロース（内国株式）,情報・通信業,,,0,0,0,0,0,0,0,0,0,0,0,0,1241
5034,ｕｎｅｒｒｙ,グロース（内国株式）,情報・通信業,,,0,0,0,0,0,0,0,0,0,0,0,0,2453
5035,ＨＯＵＳＥＩ,グロース（内国株式）,情報・通信業,3,1,0,0,3,0,0,0,0,0,0,0,0,0,356
5036,日本ビジネスシステムズ,プライム（内国株式）,情報・通信業,40,2,0,0,0,0,0,20,0,0,0,0,0,20,1591
5038,ｅＷｅＬＬ,グロース（内国株式）,情報・通信業,16,1,0,0,16,0,0,0,0,0,0,0,0,0,2323
504A,イノバセル,グロース（内国株式）,医薬品,,,0,0,0,0,0,0,0,0,0,0,0,0,579
505A,ギークリー,スタンダード（内国株式）,サービス業,,,0,0,0,0,0,0,0,0,0,0,0,0,1333
5071,ヴィス,スタンダード（内国株式）,サービス業,49,1,0,0,0,0,0,49,0,0,0,0,0,0,1390
5074,テスホールディングス,プライム（内国株式）,建設業,5.12,1,0,0,0,0,0,0,0,0,5.12,0,0,0,527
5076,インフロニア・ホールディングス,プライム（内国株式）,建設業,120,2,0,0,0,0,0,60,0,0,0,0,0,60,2333.5
50765,インフロニア・ホールディングス第１回社債型種類株式,プライム（内国株式）,建設業,,,0,0,0,0,0,0,0,0,0,0,0,0,4623
5078,セレコーポレーション,スタンダード（内国株式）,建設業,135,1,0,0,0,0,135,0,0,0,0,0,0,0,4660
5079,ノバック,スタンダード（内国株式）,建設業,120,2,60,0,0,0,0,0,60,0,0,0,0,0,2575
509A,グリーンライト・再エネインフラ投資法人,REIT・ベンチャーファンド・カントリーファンド・インフラファンド,ETF・他,695,1,0,0,0,0,695,0,0,0,0,0,0,0,71300
5101,横浜ゴム,プライム（内国株式）,ゴム製品,134,2,0,0,67,0,0,0,0,0,67,0,0,0,7348
5105,ＴＯＹＯ　ＴＩＲＥ,プライム（内国株式）,ゴム製品,130,2,0,0,65,0,0,0,0,0,65,0,0,0,4027
5108,ブリヂストン,プライム（内国株式）,ゴム製品,230,2,0,0,115,0,0,0,0,0,115,0,0,0,3831
5110,住友ゴム工業,プライム（内国株式）,ゴム製品,77,2,0,0,38.5,0,0,0,0,0,38.5,0,0,0,2043.5
5121,藤倉コンポジット,プライム（内国株式）,ゴム製品,76,2,0,0,0,0,0,38,0,0,0,0,0,38,3050
5122,オカモト,プライム（内国株式）,ゴム製品,120,2,0,0,0,0,0,60,0,0,0,0,0,60,6130
5125,ファインズ,グロース（内国株式）,情報・通信業,,,0,0,0,0,0,0,0,0,0,0,0,0,582
5126,ポーターズ,グロース（内国株式）,情報・通信業,,,0,0,0,0,0,0,0,0,0,0,0,0,1372
5129,ＦＩＸＥＲ,グロース（内国株式）,情報・通信業,,,0,0,0,0,0,0,0,0,0,0,0,0,239
512A,グローバルＸ　ステーブルコイン＆トークンビジネス　ＥＴＦ（除く日本）,ETF・ETN,ETF・他,,,0,0,0,0,0,0,0,0,0,0,0,0,1171
5131,リンカーズ,グロース（内国株式）,情報・通信業,,,0,0,0,0,0,0,0,0,0,0,0,0,140
5132,ｐｌｕｓｚｅｒｏ,グロース（内国株式）,情報・通信業,,,0,0,0,0,0,0,0,0,0,0,0,0,1922
5133,テリロジーホールディングス,スタンダード（内国株式）,情報・通信業,5.2,1,0,0,0,0,0,5.2,0,0,0,0,0,0,360
5134,ＰＯＰＥＲ,グロース（内国株式）,情報・通信業,,,0,0,0,0,0,0,0,0,0,0,0,0,452
5136,ｔｒｉｐｌａ,グロース（内国株式）,情報・通信業,,,0,0,0,0,0,0,0,0,0,0,0,0,2577
5137,スマートドライブ,グロース（内国株式）,情報・通信業,,,0,0,0,0,0,0,0,0,0,0,0,0,296
5138,Ｒｅｂａｓｅ,グロース（内国株式）,情報・通信業,35,1,0,0,0,0,0,35,0,0,0,0,0,0,455
5139,オープンワーク,グロース（内国株式）,情報・通信業,,,0,0,0,0,0,0,0,0,0,0,0,0,919
513A,グローバルＸ　防衛テック－日本株式　ＥＴＦ,ETF・ETN,ETF・他,,,0,0,0,0,0,0,0,0,0,0,0,0,845
5142,アキレス,プライム（内国株式）,化学,40,1,0,0,0,0,0,40,0,0,0,0,0,0,1925
515A,ｉシェアーズ　高格付け日本円社債　ＥＴＦ,ETF・ETN,ETF・他,1.2,1,0,0,0,0,0,0,1.2,0,0,0,0,0,497.200012
5161,西川ゴム工業,スタンダード（内国株式）,ゴム製品,91.5,2,0,0,0,0,0,45.75,0,0,0,0,0,45.75,3440
5162,朝日ラバー,スタンダード（内国株式）,ゴム製品,20,2,0,0,0,0,0,10,0,0,0,0,0,10,806
516A,ｉＦｒｅｅＥＴＦ　米ドル・ブル（１倍）,ETF・ETN,ETF・他,2,1,0,0,0,0,0,0,0,2,0,0,0,0,2072
517A,ｉＦｒｅｅＥＴＦ　米ドル・ベア（１倍）,ETF・ETN,ETF・他,1,1,0,0,0,0,0,0,0,1,0,0,0,0,1947
5184,ニチリン,スタンダード（内国株式）,ゴム製品,176,2,0,0,88,0,0,0,0,0,88,0,0,0,4190
5185,フコク,プライム（内国株式）,ゴム製品,85,2,0,0,0,0,0,42.5,0,0,0,0,0,42.5,1931
5186,ニッタ,プライム（内国株式）,ゴム製品,160,2,0,0,0,0,0,80,0,0,0,0,0,80,7070
5187,クリエートメディック,スタンダード（内国株式）,精密機器,45,2,0,0,22.5,0,0,0,0,0,22.5,0,0,0,1133
5189,櫻護謨,スタンダード（内国株式）,ゴム製品,100,1,0,0,0,0,0,100,0,0,0,0,0,0,3420
518A,ＮＥＸＴ　ＦＵＮＤＳ　ＦＴＳＥ日本株高配当キャッシュフロー５０指数連動型上場投信,ETF・ETN,ETF・他,10,2,0,0,0,0,5,0,0,5,0,0,0,0,2058
5192,三ツ星ベルト,プライム（内国株式）,ゴム製品,191,2,0,0,0,0,0,95.5,0,0,0,0,0,95.5,4155
5194,相模ゴム工業,スタンダード（内国株式）,ゴム製品,10,1,0,0,0,0,0,10,0,0,0,0,0,0,623
5195,バンドー化学,プライム（内国株式）,ゴム製品,120,2,0,0,0,0,0,60,0,0,0,0,0,60,2474
5199,不二ラテックス,スタンダード（内国株式）,ゴム製品,81,1,0,0,0,0,0,81,0,0,0,0,0,0,1985
519A,ベーシック,グロース（内国株式）,情報・通信業,,,0,0,0,0,0,0,0,0,0,0,0,0,416
5201,ＡＧＣ,プライム（内国株式）,ガラス・土石製品,210,2,0,0,105,0,0,0,0,0,105,0,0,0,5946
5204,石塚硝子,スタンダード（内国株式）,ガラス・土石製品,70,1,0,0,0,0,0,70,0,0,0,0,0,0,3050
5208,有沢製作所,プライム（内国株式）,化学,122,2,0,0,0,0,0,61,0,0,0,0,0,61,2938
520A,ジェイファーマ,グロース（内国株式）,医薬品,,,0,0,0,0,0,0,0,0,0,0,0,0,425
5210,日本山村硝子,スタンダード（内国株式）,ガラス・土石製品,150,2,0,0,0,0,0,75,0,0,0,0,0,75,2778
5214,日本電気硝子,プライム（内国株式）,ガラス・土石製品,150,2,0,0,75,0,0,0,0,0,75,0,0,0,5328
5216,倉元製作所,スタンダード（内国株式）,ガラス・土石製品,,,0,0,0,0,0,0,0,0,0,0,0,0,133
5218,オハラ,スタンダード（内国株式）,ガラス・土石製品,25,1,25,0,0,0,0,0,0,0,0,0,0,0,1747
521A,ｉＦｒｅｅＥＴＦ　ＦＡＮＧ＋ゴールド,ETF・ETN,ETF・他,,,0,0,0,0,0,0,0,0,0,0,0,0,2000
5232,住友大阪セメント,プライム（内国株式）,ガラス・土石製品,40,2,0,0,0,0,0,20,0,0,0,0,0,20,1913.5
5233,太平洋セメント,プライム（内国株式）,ガラス・土石製品,100,2,0,0,0,0,0,50,0,0,0,0,0,50,4205
5237,ノザワ,スタンダード（内国株式）,ガラス・土石製品,43,1,0,0,0,0,0,43,0,0,0,0,0,0,1126
523A,セイワホールディングス,グロース（内国株式）,金属製品,,,0,0,0,0,0,0,0,0,0,0,0,0,1898
5240,ｍｏｎｏＡＩ　ｔｅｃｈｎｏｌｏｇｙ,グロース（内国株式）,情報・通信業,,,0,0,0,0,0,0,0,0,0,0,0,0,169
5242,アイズ,グロース（内国株式）,情報・通信業,,,0,0,0,0,0,0,0,0,0,0,0,0,1929
5243,ｎｏｔｅ,グロース（内国株式）,情報・通信業,,,0,0,0,0,0,0,0,0,0,0,0,0,3150
5244,ｊｉｇ．ｊｐ,グロース（内国株式）,情報・通信業,2.93,1,0,0,0,0,0,2.93,0,0,0,0,0,0,181
5246,ＥＬＥＭＥＮＴＳ,グロース（内国株式）,情報・通信業,,,0,0,0,0,0,0,0,0,0,0,0,0,923
5247,ＢＴＭ,グロース（内国株式）,情報・通信業,,,0,0,0,0,0,0,0,0,0,0,0,0,562
5248,テクノロジーズ,グロース（内国株式）,情報・通信業,,,0,0,0,0,0,0,0,0,0,0,0,0,510
5250,ＧＭＯプライム・ストラテジー,スタンダード（内国株式）,情報・通信業,22,1,0,22,0,0,0,0,0,0,0,0,0,0,1052
5252,日本ナレッジ,グロース（内国株式）,情報・通信業,10,1,0,0,0,0,0,10,0,0,0,0,0,0,1004
5253,カバー,グロース（内国株式）,情報・通信業,,,0,0,0,0,0,0,0,0,0,0,0,0,1552
5254,Ａｒｅｎｔ,グロース（内国株式）,情報・通信業,,,0,0,0,0,0,0,0,0,0,0,0,0,4120
5255,モンスターラボ,グロース（内国株式）,情報・通信業,,,0,0,0,0,0,0,0,0,0,0,0,0,81
5256,Ｆｕｓｉｃ,グロース（内国株式）,情報・通信業,,,0,0,0,0,0,0,0,0,0,0,0,0,3775
5257,ノバシステム,スタンダード（内国株式）,情報・通信業,105,1,0,0,105,0,0,0,0,0,0,0,0,0,2824
5258,トランザクション・メディア・ネットワークス,グロース（内国株式）,情報・通信業,,,0,0,0,0,0,0,0,0,0,0,0,0,421
5261,リソルホールディングス,プライム（内国株式）,サービス業,110,1,0,0,0,0,0,110,0,0,0,0,0,0,7550
5262,日本ヒューム,プライム（内国株式）,ガラス・土石製品,18.5,2,0,0,0,0,0,9.25,0,0,0,0,0,9.25,1048
5268,旭コンクリート工業,スタンダード（内国株式）,ガラス・土石製品,17,1,0,0,0,0,0,17,0,0,0,0,0,0,836
5269,日本コンクリート工業,プライム（内国株式）,ガラス・土石製品,8,2,0,0,0,0,0,4,0,0,0,0,0,4,355
526A,ＪＰＸスタートアップ急成長１００ＥＴＦ,ETF・ETN,ETF・他,,,0,0,0,0,0,0,0,0,0,0,0,0,2307
5271,トーヨーアサノ,スタンダード（内国株式）,ガラス・土石製品,85,2,0,0,0,0,42.5,0,0,0,0,0,42.5,0,2274
5273,三谷セキサン,スタンダード（内国株式）,ガラス・土石製品,201,2,0,0,0,0,0,100.5,0,0,0,0,0,100.5,1980
5279,日本興業,スタンダード（内国株式）,ガラス・土石製品,55,1,0,0,0,0,0,55,0,0,0,0,0,0,1199
5280,ヨシコン,スタンダード（内国株式）,不動産業,85,1,0,0,0,0,0,85,0,0,0,0,0,0,2165
5282,ジオスター,スタンダード（内国株式）,ガラス・土石製品,13,2,0,0,0,0,0,6.5,0,0,0,0,0,6.5,383
5283,高見澤,スタンダード（内国株式）,卸売業,50,1,0,0,0,0,0,0,0,0,50,0,0,0,3210
5284,ヤマウホールディングス,スタンダード（内国株式）,ガラス・土石製品,110,1,0,0,0,0,0,110,0,0,0,0,0,0,2212
5285,ヤマックス,スタンダード（内国株式）,ガラス・土石製品,66,1,0,0,0,0,0,66,0,0,0,0,0,0,1289
5287,イトーヨーギョー,スタンダード（内国株式）,ガラス・土石製品,22,1,0,0,0,0,0,22,0,0,0,0,0,0,857
5288,アジアパイルホールディングス,プライム（内国株式）,ガラス・土石製品,55,2,0,0,0,0,0,27.5,0,0,0,0,0,27.5,1414
5290,ベルテクスコーポレーション,スタンダード（内国株式）,ガラス・土石製品,35,1,0,0,0,0,0,35,0,0,0,0,0,0,1250
5301,東海カーボン,プライム（内国株式）,ガラス・土石製品,30,2,0,0,15,0,0,0,0,0,15,0,0,0,2376
5302,日本カーボン,プライム（内国株式）,ガラス・土石製品,200,2,0,0,100,0,0,0,0,0,100,0,0,0,5370
5304,ＳＥＣカーボン,スタンダード（内国株式）,ガラス・土石製品,100,2,0,0,0,0,0,50,0,0,0,0,0,50,2376
530A,ＮＺＡＭ　上場投信　東証ＲＥＩＴ指数（２・５・８・１１月決算型）,ETF・ETN,ETF・他,28,1,0,0,0,0,0,0,0,28,0,0,0,0,1733
5310,東洋炭素,プライム（内国株式）,ガラス・土石製品,145,1,0,0,145,0,0,0,0,0,0,0,0,0,8050
531A,ＮＺＡＭ　上場投信　日経平均高配当株５０,ETF・ETN,ETF・他,,,0,0,0,0,0,0,0,0,0,0,0,0,2299
532A,ＮＺＡＭ　上場投信　ＴＯＰＩＸ高配当４０,ETF・ETN,ETF・他,,,0,0,0,0,0,0,0,0,0,0,0,0,2284
5331,ノリタケ,プライム（内国株式）,ガラス・土石製品,180,2,0,0,0,0,0,90,0,0,0,0,0,90,3770
5332,ＴＯＴＯ,プライム（内国株式）,ガラス・土石製品,110,2,0,0,0,0,0,55,0,0,0,0,0,55,6251
5333,ＮＧＫ,プライム（内国株式）,ガラス・土石製品,80,2,0,0,0,0,0,40,0,0,0,0,0,40,5901
5334,日本特殊陶業,プライム（内国株式）,ガラス・土石製品,102.5,2,0,0,0,0,0,51.25,0,0,0,0,0,51.25,4008
5337,ダントーホールディングス,スタンダード（内国株式）,ガラス・土石製品,,,0,0,0,0,0,0,0,0,0,0,0,0,860
533A,ＮＺＡＭ　上場投信　Ｓ＆Ｐ５００（為替ヘッジなし）,ETF・ETN,ETF・他,,,0,0,0,0,0,0,0,0,0,0,0,0,2327
5341,ＡＳＡＨＩ　ＥＩＴＯホールディングス,スタンダード（内国株式）,ガラス・土石製品,,,0,0,0,0,0,0,0,0,0,0,0,0,127
5344,ＭＡＲＵＷＡ,プライム（内国株式）,ガラス・土石製品,102,2,0,0,0,0,0,51,0,0,0,0,0,51,59560
534A,ＮＺＡＭ　上場投信　ＮＡＳＤＡＱ１００（為替ヘッジなし）,ETF・ETN,ETF・他,,,0,0,0,0,0,0,0,0,0,0,0,0,2509
5351,品川リフラ,プライム（内国株式）,ガラス・土石製品,90,2,0,0,0,0,0,45,0,0,0,0,0,45,1950
5355,日本坩堝,スタンダード（内国株式）,ガラス・土石製品,18,1,0,0,0,0,0,18,0,0,0,0,0,0,660
5356,美濃窯業,スタンダード（内国株式）,ガラス・土石製品,42,2,0,0,0,0,0,21,0,0,0,0,0,21,1207
5357,ヨータイ,プライム（内国株式）,ガラス・土石製品,90,2,0,0,0,0,0,45,0,0,0,0,0,45,1696
535A,ＮＺＡＭ　上場投信　ＤＡＸ（為替ヘッジなし）,ETF・ETN,ETF・他,,,0,0,0,0,0,0,0,0,0,0,0,0,2051
5363,東京窯業,スタンダード（内国株式）,ガラス・土石製品,25.3,2,0,0,0,0,0,12.65,0,0,0,0,0,12.65,723
5367,ニッカトー,スタンダード（内国株式）,ガラス・土石製品,21,2,0,0,0,0,0,10.5,0,0,0,0,0,10.5,1474
5368,日本インシュレーション,スタンダード（内国株式）,ガラス・土石製品,40,1,0,0,0,0,0,40,0,0,0,0,0,0,996
536A,ＮＺＡＭ　上場投信　先進国株式（ＭＳＣＩ－ＫＯＫＵＳＡＩ）（為替ヘッジなし）,ETF・ETN,ETF・他,,,0,0,0,0,0,0,0,0,0,0,0,0,2266
537A,ＮＺＡＭ　上場投信　全世界株式（ＭＳＣＩ　ＡＣＷＩ）（為替ヘッジなし）,ETF・ETN,ETF・他,,,0,0,0,0,0,0,0,0,0,0,0,0,1140
5380,新東,スタンダード（内国株式）,ガラス・土石製品,37.5,1,0,0,0,0,0,0,0,0,37.5,0,0,0,1169
5381,マイポックス,スタンダード（内国株式）,ガラス・土石製品,10,1,0,0,0,0,0,10,0,0,0,0,0,0,1208
5384,フジミインコーポレーテッド,プライム（内国株式）,ガラス・土石製品,75,2,0,0,0,0,0,37.5,0,0,0,0,0,37.5,3705
5388,クニミネ工業,スタンダード（内国株式）,ガラス・土石製品,40,2,0,0,0,0,0,20,0,0,0,0,0,20,1356
538A,ＮＺＡＭ　上場投信　米国国債７－１０年（為替ヘッジなし）,ETF・ETN,ETF・他,,,0,0,0,0,0,0,0,0,0,0,0,0,4688
5391,エーアンドエーマテリアル,スタンダード（内国株式）,ガラス・土石製品,60,2,0,0,0,0,0,30,0,0,0,0,0,30,1475
5393,ニチアス,プライム（内国株式）,ガラス・土石製品,164,2,0,0,0,0,0,82,0,0,0,0,0,82,3718
539A,ＮＺＡＭ　上場投信　海外債券（ＦＴＳＥ　ＷＧＢＩ除く日本）（為替ヘッジなし）,ETF・ETN,ETF・他,40.8,1,0,0,0,0,0,0,40.8,0,0,0,0,0,4786
5401,日本製鉄,プライム（内国株式）,鉄鋼,32,2,0,0,0,0,0,16,0,0,0,0,0,16,641.200012
5406,神戸製鋼所,プライム（内国株式）,鉄鋼,80,2,0,0,0,0,0,40,0,0,0,0,0,40,2007
5408,中山製鋼所,プライム（内国株式）,鉄鋼,14,2,0,0,0,0,0,7,0,0,0,0,0,7,606
540A,上場インデックスファンド日経銀行株トップ１０,ETF・ETN,ETF・他,,,0,0,0,0,0,0,0,0,0,0,0,0,2092
5410,合同製鐵,プライム（内国株式）,鉄鋼,180,2,0,0,0,0,0,90,0,0,0,0,0,90,2818
5411,ＪＦＥホールディングス,プライム（内国株式）,鉄鋼,80,2,0,0,0,0,0,40,0,0,0,0,0,40,1705
541A,Ｏｎｅ　ＥＴＦ　ＴＯＰＩＸ高配当株グロース指数,ETF・ETN,ETF・他,12.5,1,0,0,0,0,0,0,12.5,0,0,0,0,0,1133
5423,東京製鐵,プライム（内国株式）,鉄鋼,50,2,0,0,0,0,0,25,0,0,0,0,0,25,1673
542A,ビタブリッドジャパン,グロース（内国株式）,化学,,,0,0,0,0,0,0,0,0,0,0,0,0,1115
543A,ＡＲＣＨＩＯＮ,プライム（内国株式）,輸送用機器,,,0,0,0,0,0,0,0,0,0,0,0,0,292
5440,共英製鋼,プライム（内国株式）,鉄鋼,90,2,0,0,0,0,0,45,0,0,0,0,0,45,1849
5444,大和工業,プライム（内国株式）,鉄鋼,400,2,0,0,0,0,0,200,0,0,0,0,0,200,12590
5445,東京鐵鋼,プライム（内国株式）,鉄鋼,300,2,0,0,0,0,0,150,0,0,0,0,0,150,1956
5446,北越メタル,スタンダード（内国株式）,鉄鋼,4,2,0,0,0,0,0,2,0,0,0,0,0,2,1069
5449,大阪製鐵,スタンダード（内国株式）,鉄鋼,34,2,0,0,0,0,0,17,0,0,0,0,0,17,2351
544A,ＧＭＳグループ,プライム（内国株式）,機械,,,0,0,0,0,0,0,0,0,0,0,0,0,316
5451,ヨドコウ,プライム（内国株式）,鉄鋼,75,2,0,0,0,0,0,37.5,0,0,0,0,0,37.5,1376
5458,高砂鐵工,スタンダード（内国株式）,鉄鋼,40,1,0,0,0,0,0,40,0,0,0,0,0,0,1312
545A,トランヴィア,プライム（内国株式）,情報・通信業,,,0,0,0,0,0,0,0,0,0,0,0,0,871
5461,中部鋼鈑,プライム（内国株式）,鉄鋼,104,2,0,0,0,0,0,52,0,0,0,0,0,52,2130
5463,丸一鋼管,プライム（内国株式）,鉄鋼,44.83,2,0,0,0,0,0,22.415,0,0,0,0,0,22.415,1678
5464,モリ工業,スタンダード（内国株式）,鉄鋼,36,2,0,0,0,0,0,18,0,0,0,0,0,18,874
546A,ＭＩＲＡＩＮＩホールディングス,プライム（内国株式）,卸売業,,,0,0,0,0,0,0,0,0,0,0,0,0,2654
5471,大同特殊鋼,プライム（内国株式）,鉄鋼,49,2,0,0,0,0,0,24.5,0,0,0,0,0,24.5,2560.5
547A,ムニノバホールディングス,プライム（内国株式）,その他金融業,,,0,0,0,0,0,0,0,0,0,0,0,0,420
5480,日本冶金工業,プライム（内国株式）,鉄鋼,220,2,0,0,0,0,0,110,0,0,0,0,0,110,5260
5482,愛知製鋼,プライム（内国株式）,鉄鋼,145,2,0,0,0,0,0,72.5,0,0,0,0,0,72.5,2944
5484,東北特殊鋼,スタンダード（内国株式）,鉄鋼,15,2,0,0,0,0,0,7.5,0,0,0,0,0,7.5,4455
548A,システムエグゼ,スタンダード（内国株式）,情報・通信業,37.6,1,0,0,0,0,0,37.6,0,0,0,0,0,0,942
5491,日本金属,スタンダード（内国株式）,鉄鋼,5,1,0,0,0,0,0,5,0,0,0,0,0,0,887
549A,ヒトトヒトホールディングス,スタンダード（内国株式）,サービス業,,,0,0,0,0,0,0,0,0,0,0,0,0,452
550A,ソフトテックス,スタンダード（内国株式）,情報・通信業,0.7,1,0,0,0,0,0,0.7,0,0,0,0,0,0,2300
5527,ｐｒｏｐｅｒｔｙ　ｔｅｃｈｎｏｌｏｇｉｅｓ,グロース（内国株式）,不動産業,25,1,0,25,0,0,0,0,0,0,0,0,0,0,775
552A,ＭＡＸＩＳ米国ＡＩインフラ株上場投信,ETF・ETN,ETF・他,1,1,0,0,0,0,0,0,1,0,0,0,0,0,2558
5532,リアルゲイト,グロース（内国株式）,不動産業,,,0,0,0,0,0,0,0,0,0,0,0,0,3410
5533,エリッツホールディングス,スタンダード（内国株式）,不動産業,68,1,0,0,0,0,0,0,0,0,0,0,0,68,2053
5535,ミガロホールディングス,プライム（内国株式）,不動産業,8.5,2,0,0,0,0,0,4.25,0,0,0,0,0,4.25,283
5537,ＡｌｂａＬｉｎｋ,グロース（内国株式）,不動産業,,,0,0,0,0,0,0,0,0,0,0,0,0,4010
5541,大平洋金属,プライム（内国株式）,鉄鋼,135,2,0,0,0,0,0,67.5,0,0,0,0,0,67.5,2482
5542,新報国マテリアル,スタンダード（内国株式）,鉄鋼,25,2,0,0,12.5,0,0,0,0,0,12.5,0,0,0,1290
554A,バトンズ,グロース（内国株式）,情報・通信業,,,0,0,0,0,0,0,0,0,0,0,0,0,1377
5563,新日本電工,プライム（内国株式）,鉄鋼,12,2,0,0,6,0,0,0,0,0,6,0,0,0,431
556A,犬猫生活,グロース（内国株式）,小売業,,,0,0,0,0,0,0,0,0,0,0,0,0,2909
5570,ジェノバ,グロース（内国株式）,情報・通信業,6,1,0,0,0,0,0,0,0,0,0,0,0,6,599
5571,エキサイトホールディングス,スタンダード（内国株式）,情報・通信業,31.5,1,0,0,0,0,0,31.5,0,0,0,0,0,0,1051
5572,Ｒｉｄｇｅ－ｉ,グロース（内国株式）,情報・通信業,0.48,1,0,0,0,0,0,0,0,0,0,0.48,0,0,3130
5574,ＡＢＥＪＡ,グロース（内国株式）,情報・通信業,,,0,0,0,0,0,0,0,0,0,0,0,0,2900
5575,Ｇｌｏｂｅｅ,グロース（内国株式）,情報・通信業,,,0,0,0,0,0,0,0,0,0,0,0,0,1317
5576,オービーシステム,スタンダード（内国株式）,情報・通信業,105,2,0,0,0,0,0,52.5,0,0,0,0,0,52.5,3050
5578,ＡＲアドバンストテクノロジ,グロース（内国株式）,情報・通信業,20,1,0,0,0,0,0,0,0,0,0,0,20,0,919
5580,プロディライト,グロース（内国株式）,情報・通信業,,,0,0,0,0,0,0,0,0,0,0,0,0,1635
5582,グリッド,グロース（内国株式）,情報・通信業,,,0,0,0,0,0,0,0,0,0,0,0,0,2046
5586,Ｌａｂｏｒｏ．ＡＩ,グロース（内国株式）,情報・通信業,,,0,0,0,0,0,0,0,0,0,0,0,0,916
5587,インバウンドプラットフォーム,グロース（内国株式）,情報・通信業,,,0,0,0,0,0,0,0,0,0,0,0,0,840
5588,ファーストアカウンティング,グロース（内国株式）,情報・通信業,3.7,1,0,0,3.7,0,0,0,0,0,0,0,0,0,716
5589,オートサーバー,スタンダード（内国株式）,情報・通信業,66,1,0,0,66,0,0,0,0,0,0,0,0,0,2966
558A,ＳＱＵＥＥＺＥ,グロース（内国株式）,サービス業,,,0,0,0,0,0,0,0,0,0,0,0,0,5940
5590,ネットスターズ,グロース（内国株式）,情報・通信業,,,0,0,0,0,0,0,0,0,0,0,0,0,711
5591,ＡＶＩＬＥＮ,グロース（内国株式）,情報・通信業,,,0,0,0,0,0,0,0,0,0,0,0,0,824
5592,くすりの窓口,グロース（内国株式）,情報・通信業,38,1,0,0,0,0,0,38,0,0,0,0,0,0,2542
5597,ブルーイノベーション,グロース（内国株式）,情報・通信業,,,0,0,0,0,0,0,0,0,0,0,0,0,1277
5599,Ｓ＆Ｊ,グロース（内国株式）,情報・通信業,15,1,0,0,0,0,0,15,0,0,0,0,0,0,1375
559A,梅乃宿酒造,スタンダード（内国株式）,食料品,,,0,0,0,0,0,0,0,0,0,0,0,0,1135
5602,栗本鐵工所,プライム（内国株式）,鉄鋼,57.6,2,0,0,0,0,0,28.8,0,0,0,0,0,28.8,1593
5603,虹技,スタンダード（内国株式）,鉄鋼,50,1,0,0,0,0,0,50,0,0,0,0,0,0,1285
5609,日本鋳造,スタンダード（内国株式）,鉄鋼,20,1,0,0,0,0,0,20,0,0,0,0,0,0,945
5612,日本鋳鉄管,スタンダード（内国株式）,鉄鋼,25,1,0,0,0,0,0,25,0,0,0,0,0,0,1581
5616,雨風太陽,グロース（内国株式）,情報・通信業,,,0,0,0,0,0,0,0,0,0,0,0,0,628
5618,ナイル,グロース（内国株式）,情報・通信業,,,0,0,0,0,0,0,0,0,0,0,0,0,294
5619,マーソ,グロース（内国株式）,情報・通信業,,,0,0,0,0,0,0,0,0,0,0,0,0,840
5621,ヒューマンテクノロジーズ,グロース（内国株式）,情報・通信業,32,1,0,0,0,0,0,32,0,0,0,0,0,0,1623
5631,日本製鋼所,プライム（内国株式）,機械,92,2,0,0,0,0,0,46,0,0,0,0,0,46,7274
5632,三菱製鋼,プライム（内国株式）,鉄鋼,81,2,0,0,0,0,0,40.5,0,0,0,0,0,40.5,2426
563A,グローバルＸ　ＮＡＳＤＡＱ１００・デイリー・カバード・コール　ＥＴＦ,ETF・ETN,ETF・他,33,3,0,0,0,0,0,0,14,9,10,0,0,0,1090
5644,メタルアート,スタンダード（内国株式）,鉄鋼,150,2,0,0,0,0,0,75,0,0,0,0,0,75,7280
564A,グローバルＸ　Ｓ＆Ｐ先進国キャッシュフロー・トップ１００　ＥＴＦ,ETF・ETN,ETF・他,,,0,0,0,0,0,0,0,0,0,0,0,0,1125
5658,日亜鋼業,スタンダード（内国株式）,鉄鋼,10,2,0,0,0,0,0,5,0,0,0,0,0,5,403
5659,日本精線,プライム（内国株式）,鉄鋼,42,2,0,0,0,0,0,21,0,0,0,0,0,21,1382
566A,ｉＦｒｅｅＥＴＦ　ブルームバーグ日本株（除く金融）高配当５０指数,ETF・ETN,ETF・他,8,1,0,0,0,0,0,0,8,0,0,0,0,0,2248
568A,ｉシェアーズ　シルバー　ＥＴＦ,ETF・ETN,ETF・他,,,0,0,0,0,0,0,0,0,0,0,0,0,157.100006
5695,パウダーテック,スタンダード（内国株式）,鉄鋼,120,2,0,0,0,0,0,60,0,0,0,0,0,60,2765
5697,サンユウ,スタンダード（内国株式）,鉄鋼,30,1,0,0,0,0,0,30,0,0,0,0,0,0,808
5698,エンビプロ・ホールディングス,スタンダード（内国株式）,鉄鋼,15,1,0,0,0,0,0,0,0,0,15,0,0,0,706
5699,イボキン,スタンダード（内国株式）,鉄鋼,32,1,0,0,32,0,0,0,0,0,0,0,0,0,1551
569A,ｉシェアーズ　プラチナ　ＥＴＦ,ETF・ETN,ETF・他,,,0,0,0,0,0,0,0,0,0,0,0,0,166.800003
5702,大紀アルミニウム工業所,プライム（内国株式）,非鉄金属,55,2,0,0,0,0,0,27.5,0,0,0,0,0,27.5,1714
5703,日本軽金属ホールディングス,プライム（内国株式）,非鉄金属,80,2,0,0,0,0,0,40,0,0,0,0,0,40,2808
5704,ＪＭＣ,スタンダード（内国株式）,非鉄金属,,,0,0,0,0,0,0,0,0,0,0,0,0,375
5706,三井金属,プライム（内国株式）,非鉄金属,24.5,2,0,0,0,0,0,12.25,0,0,0,0,0,12.25,2777.5
5707,東邦亜鉛,プライム（内国株式）,非鉄金属,75,1,0,0,0,0,0,75,0,0,0,0,0,0,888
570A,ｉシェアーズ　日本国債０－１年　ＥＴＦ,ETF・ETN,ETF・他,,,0,0,0,0,0,0,0,0,0,0,0,0,901.900024
5711,三菱マテリアル,プライム（内国株式）,非鉄金属,100,2,0,0,0,0,0,50,0,0,0,0,0,50,5028
5713,住友金属鉱山,プライム（内国株式）,非鉄金属,228,2,0,0,0,0,0,114,0,0,0,0,0,114,9643
5714,ＤＯＷＡホールディングス,プライム（内国株式）,非鉄金属,368,1,0,0,0,0,0,368,0,0,0,0,0,0,8673
5715,古河機械金属,プライム（内国株式）,非鉄金属,80,2,0,0,0,0,0,40,0,0,0,0,0,40,4005
571A,ｉシェアーズ　日本国債１－３年　ＥＴＦ,ETF・ETN,ETF・他,,,0,0,0,0,0,0,0,0,0,0,0,0,498.200012
5721,エスクリプトエナジー,スタンダード（内国株式）,非鉄金属,0.5,1,0,0,0,0,0,0.5,0,0,0,0,0,0,51
5724,アサカ理研,スタンダード（内国株式）,非鉄金属,12,1,0,0,0,0,0,0,0,0,0,0,0,12,2825
5726,大阪チタニウムテクノロジーズ,プライム（内国株式）,非鉄金属,18,2,0,0,0,0,0,9,0,0,0,0,0,9,2390
5729,日本精鉱,スタンダード（内国株式）,非鉄金属,400,2,0,0,0,0,0,200,0,0,0,0,0,200,1705
572A,ｉシェアーズ　日本国債３－７年　ＥＴＦ,ETF・ETN,ETF・他,,,0,0,0,0,0,0,0,0,0,0,0,0,495.899994
573A,ｉシェアーズ　日本国債２０年超　ＥＴＦ,ETF・ETN,ETF・他,,,0,0,0,0,0,0,0,0,0,0,0,0,482
5741,ＵＡＣＪ,プライム（内国株式）,非鉄金属,28.75,2,0,0,0,0,0,14.375,0,0,0,0,0,14.375,2231
5742,エヌアイシ・オートテック,スタンダード（内国株式）,非鉄金属,41,2,0,0,0,0,0,20.5,0,0,0,0,0,20.5,711
5753,日本伸銅,スタンダード（内国株式）,非鉄金属,15,2,0,0,0,0,0,7.5,0,0,0,0,0,7.5,2539
5757,ＣＫサンエツ,プライム（内国株式）,非鉄金属,90,2,0,0,0,0,0,45,0,0,0,0,0,45,4940
575A,前澤ホールディングス,プライム（内国株式）,機械,,,0,0,0,0,0,0,0,0,0,0,0,0,1865
576A,グローバルＸ　チャイナテック・カバード・コール　ＥＴＦ,ETF・ETN,ETF・他,61,1,0,0,0,0,0,0,0,0,61,0,0,0,861
577A,グローバルＸ　シルバー　ＥＴＦ,ETF・ETN,ETF・他,,,0,0,0,0,0,0,0,0,0,0,0,0,235.699997
578A,グローバルＸ　シルバー　ＥＴＦ（為替ヘッジあり）,ETF・ETN,ETF・他,,,0,0,0,0,0,0,0,0,0,0,0,0,232.699997
579A,グローバルＸ　銀ビジネス　ＥＴＦ,ETF・ETN,ETF・他,,,0,0,0,0,0,0,0,0,0,0,0,0,923
5801,古河電気工業,プライム（内国株式）,非鉄金属,210,1,0,0,0,0,0,210,0,0,0,0,0,0,4444
5802,住友電気工業,プライム（内国株式）,非鉄金属,154,2,0,0,0,0,0,77,0,0,0,0,0,77,2482
5803,フジクラ,プライム（内国株式）,非鉄金属,225,2,0,0,0,0,0,112.5,0,0,0,0,0,112.5,5700
5805,ＳＷＣＣ,プライム（内国株式）,非鉄金属,44.6,2,0,0,0,0,0,22.3,0,0,0,0,0,22.3,2946
580A,グローバルＸ　銅ビジネス　ＥＴＦ,ETF・ETN,ETF・他,,,0,0,0,0,0,0,0,0,0,0,0,0,978
5816,オーナンバ,スタンダード（内国株式）,非鉄金属,41,2,0,0,20.5,0,0,0,0,0,20.5,0,0,0,1481
5817,ＪＭＡＣＳ,スタンダード（内国株式）,非鉄金属,15,1,0,0,0,0,15,0,0,0,0,0,0,0,1174
5819,カナレ電気,スタンダード（内国株式）,非鉄金属,66,2,0,0,33,0,0,0,0,0,33,0,0,0,1727
581A,ＧＯ,グロース（内国株式）,情報・通信業,,,0,0,0,0,0,0,0,0,0,0,0,0,3730
5820,三ッ星,スタンダード（内国株式）,非鉄金属,17,1,0,0,0,0,0,17,0,0,0,0,0,0,877
5821,平河ヒューテック,プライム（内国株式）,非鉄金属,47,2,0,0,0,0,0,23.5,0,0,0,0,0,23.5,3385
5830,いよぎんホールディングス,プライム（内国株式）,銀行業,60,2,0,0,0,0,0,30,0,0,0,0,0,30,3821
5831,しずおかフィナンシャルグループ,プライム（内国株式）,銀行業,80,2,0,0,0,0,0,40,0,0,0,0,0,40,3540
5832,ちゅうぎんフィナンシャルグループ,プライム（内国株式）,銀行業,90,2,0,0,0,0,0,45,0,0,0,0,0,45,3803
5834,ＳＢＩリーシングサービス,グロース（内国株式）,証券、商品先物取引業,230,2,0,0,0,0,0,115,0,0,0,0,0,115,2724
5838,楽天銀行,プライム（内国株式）,銀行業,,,0,0,0,0,0,0,0,0,0,0,0,0,6450
5842,インテグラル,グロース（内国株式）,証券、商品先物取引業,37,2,0,0,18.5,0,0,0,0,0,18.5,0,0,0,2800
5843,ニッポンインシュア,スタンダード（内国株式）,その他金融業,19,1,0,0,0,0,0,0,0,0,0,0,0,19,2294
5844,京都フィナンシャルグループ,プライム（内国株式）,銀行業,180,2,0,0,0,0,0,90,0,0,0,0,0,90,4678
5845,全保連,スタンダード（内国株式）,その他金融業,40,1,0,0,0,0,0,40,0,0,0,0,0,0,1194
584A,ＬｉＮＫＸ,グロース（内国株式）,情報・通信業,,,0,0,0,0,0,0,0,0,0,0,0,0,2442
5851,リョービ,プライム（内国株式）,非鉄金属,100,2,0,0,50,0,0,0,0,0,50,0,0,0,2709
5852,アーレスティ,プライム（内国株式）,非鉄金属,42,2,0,0,0,0,0,21,0,0,0,0,0,21,632
5857,ＡＲＥホールディングス,プライム（内国株式）,非鉄金属,125,2,0,0,0,0,0,62.5,0,0,0,0,0,62.5,3525
5858,ＳＴＧ,グロース（内国株式）,非鉄金属,20,1,0,0,0,0,0,20,0,0,0,0,0,0,1158
585A,日本バリュー・ボトムアップ株式投資戦略アクティブＥＴＦ,ETF・ETN,ETF・他,,,0,0,0,0,0,0,0,0,0,0,0,0,1109
5867,エスネットワークス,グロース（内国株式）,サービス業,50,1,0,0,50,0,0,0,0,0,0,0,0,0,1340
5868,ロココ,スタンダード（内国株式）,サービス業,35,1,0,0,35,0,0,0,0,0,0,0,0,0,1022
5869,早稲田学習研究会,スタンダード（内国株式）,サービス業,55,2,0,0,0,0,0,27.5,0,0,0,0,0,27.5,1270
586A,ＮＥＸＴ　ＦＵＮＤＳ　日経エンタメ・コンテンツ株指数連動型上場投信,ETF・ETN,ETF・他,,,0,0,0,0,0,0,0,0,0,0,0,0,244.199997
5870,ナルネットコミュニケーションズ,グロース（内国株式）,サービス業,29,1,0,0,0,0,0,29,0,0,0,0,0,0,879
5871,ＳＯＬＩＺＥ　Ｈｏｌｄｉｎｇｓ,スタンダード（内国株式）,サービス業,55,1,0,0,55,0,0,0,0,0,0,0,0,0,1330
587A,インベスコＱＱＱトラスト　シリーズ１,ETF・ETN,ETF・他,249.559566,2,0,0,0,0,0,131.22813,0,0,118.331436,0,0,0,120200
5884,クラダシ,グロース（内国株式）,小売業,,,0,0,0,0,0,0,0,0,0,0,0,0,617
5885,ジーデップ・アドバンス,スタンダード（内国株式）,卸売業,23,1,0,0,0,0,0,0,0,23,0,0,0,0,3150
5888,ＤＡＩＷＡ　ＣＹＣＬＥ,グロース（内国株式）,小売業,70,1,0,0,0,70,0,0,0,0,0,0,0,0,2591
5889,Ｊａｐａｎ　Ｅｙｅｗｅａｒ　Ｈｏｌｄｉｎｇｓ,プライム（内国株式）,小売業,84,2,0,0,0,42,0,0,0,0,0,42,0,0,2163
5891,ＳＡＫＩＧＡＫＥホールディングス,スタンダード（内国株式）,小売業,23,1,0,0,23,0,0,0,0,0,0,0,0,0,1710
5892,ｙｕｔｏｒｉ,グロース（内国株式）,小売業,,,0,0,0,0,0,0,0,0,0,0,0,0,3000
589A,ネイス,グロース（内国株式）,サービス業,,,0,0,0,0,0,0,0,0,0,0,0,0,1355
5900,ダイケン,スタンダード（内国株式）,金属製品,20,1,0,0,0,0,20,0,0,0,0,0,0,0,878
5901,東洋製罐グループホールディングス,プライム（内国株式）,金属製品,132,2,0,0,0,0,0,66,0,0,0,0,0,66,4437
5902,ホッカンホールディングス,プライム（内国株式）,金属製品,94,2,0,0,0,0,0,47,0,0,0,0,0,47,2551
5905,日本製罐,スタンダード（内国株式）,金属製品,20,1,0,0,0,0,0,20,0,0,0,0,0,0,1360
5906,エムケー精工,スタンダード（内国株式）,金属製品,15,1,0,0,0,0,0,15,0,0,0,0,0,0,777
5909,コロナ,スタンダード（内国株式）,金属製品,28,2,0,0,0,0,0,14,0,0,0,0,0,14,928
590A,ギフティグループ,プライム（内国株式）,情報・通信業,,,0,0,0,0,0,0,0,0,0,0,0,0,1087
5911,横河ブリッジホールディングス,プライム（内国株式）,金属製品,120,2,0,0,0,0,0,60,0,0,0,0,0,60,2860
5915,駒井ハルテック,スタンダード（内国株式）,金属製品,70,2,0,0,0,0,0,35,0,0,0,0,0,35,2285
5918,瀧上工業,スタンダード（内国株式）,金属製品,120,2,0,0,0,0,0,60,0,0,0,0,0,60,7730
5921,川岸工業,スタンダード（内国株式）,金属製品,160,1,0,0,0,0,0,0,0,0,0,0,0,160,4385
5922,那須電機鉄工,スタンダード（内国株式）,金属製品,640,1,0,0,0,0,0,640,0,0,0,0,0,0,20000
5923,高田機工,スタンダード（内国株式）,金属製品,50,2,0,0,0,0,0,25,0,0,0,0,0,25,1170
5928,アルメタックス,スタンダード（内国株式）,金属製品,8,2,0,0,0,0,0,4,0,0,0,0,0,4,283
5929,三和ホールディングス,プライム（内国株式）,金属製品,130,2,0,0,0,0,0,65,0,0,0,0,0,65,3464
5930,文化シヤッター,プライム（内国株式）,金属製品,74,2,0,0,0,0,0,37,0,0,0,0,0,37,1808
5932,三協立山,プライム（内国株式）,金属製品,25,2,0,12.5,0,0,0,0,0,12.5,0,0,0,0,629
5933,アルインコ,プライム（内国株式）,金属製品,44,2,0,0,0,0,0,22,0,0,0,0,0,22,1074
5936,東洋シヤッター,スタンダード（内国株式）,金属製品,42,1,0,0,0,0,0,42,0,0,0,0,0,0,884
5938,ＬＩＸＩＬ,プライム（内国株式）,金属製品,90,2,0,0,0,0,0,45,0,0,0,0,0,45,1678
5939,大谷工業,スタンダード（内国株式）,金属製品,30,1,0,0,0,0,0,30,0,0,0,0,0,0,4630
593A,ティアフォー,グロース（内国株式）,情報・通信業,,,0,0,0,0,0,0,0,0,0,0,0,0,2135
5940,不二サッシ,スタンダード（内国株式）,金属製品,30,1,0,0,0,0,0,30,0,0,0,0,0,0,733
5941,中西製作所,スタンダード（内国株式）,金属製品,110,1,0,0,0,0,0,110,0,0,0,0,0,0,2696
5942,日本フイルコン,スタンダード（内国株式）,金属製品,28,2,0,14,0,0,0,0,0,14,0,0,0,0,707
5943,ノーリツ,プライム（内国株式）,金属製品,74,2,0,0,37,0,0,0,0,0,37,0,0,0,2160
5945,天龍製鋸,スタンダード（内国株式）,金属製品,85,1,0,0,0,0,0,85,0,0,0,0,0,0,2297
5946,長府製作所,プライム（内国株式）,金属製品,46,2,0,0,23,0,0,0,0,0,23,0,0,0,1974
5947,リンナイ,プライム（内国株式）,金属製品,100,2,0,0,0,0,0,50,0,0,0,0,0,50,3371
5949,ユニプレス,プライム（内国株式）,輸送用機器,60,2,0,0,0,0,0,30,0,0,0,0,0,30,1286
5950,日本パワーファスニング,スタンダード（内国株式）,金属製品,2.5,1,0,0,2.5,0,0,0,0,0,0,0,0,0,142
5951,ダイニチ工業,スタンダード（内国株式）,金属製品,28,1,0,0,0,0,0,28,0,0,0,0,0,0,1120
5952,アマテイ,スタンダード（内国株式）,金属製品,5,1,0,0,0,0,0,5,0,0,0,0,0,0,187
5955,ワイズホールディングス,スタンダード（内国株式）,金属製品,1,1,0,0,0,0,0,1,0,0,0,0,0,0,81
5956,トーソー,スタンダード（内国株式）,金属製品,15.5,2,0,0,0,0,0,7.75,0,0,0,0,0,7.75,581
5957,日東精工,プライム（内国株式）,金属製品,23,2,0,0,11.5,0,0,0,0,0,11.5,0,0,0,759
5958,三洋工業,スタンダード（内国株式）,金属製品,220,2,0,0,0,0,0,110,0,0,0,0,0,110,4350
5959,岡部,プライム（内国株式）,金属製品,41,2,0,0,20.5,0,0,0,0,0,20.5,0,0,0,913
5962,浅香工業,スタンダード（内国株式）,その他製品,90,1,0,0,0,0,0,90,0,0,0,0,0,0,2175
5965,フジマック,スタンダード（内国株式）,金属製品,40,2,0,0,20,0,0,0,0,0,20,0,0,0,1190
5966,京都機械工具,スタンダード（内国株式）,金属製品,85,2,0,0,0,0,0,42.5,0,0,0,0,0,42.5,2751
5967,ＴＯＮＥ,スタンダード（内国株式）,金属製品,9,1,0,0,0,0,0,0,0,9,0,0,0,0,441
5969,ロブテックス,スタンダード（内国株式）,金属製品,30,1,0,0,0,0,0,30,0,0,0,0,0,0,1195
5970,ジーテクト,プライム（内国株式）,金属製品,96,2,0,0,0,0,0,48,0,0,0,0,0,48,2186
5971,共和工業所,スタンダード（内国株式）,金属製品,80,1,0,0,0,0,0,0,80,0,0,0,0,0,8810
5973,トーアミ,スタンダード（内国株式）,金属製品,17,2,0,0,0,0,0,8.5,0,0,0,0,0,8.5,605
5974,中国工業,スタンダード（内国株式）,金属製品,23,1,0,0,0,0,0,23,0,0,0,0,0,0,841
5975,東プレ,プライム（内国株式）,金属製品,100,2,0,0,0,0,0,50,0,0,0,0,0,50,3380
5976,高周波熱錬,プライム（内国株式）,金属製品,71,2,0,0,0,0,0,35.5,0,0,0,0,0,35.5,1441
5981,東京製綱,プライム（内国株式）,金属製品,,,0,0,0,0,0,0,0,0,0,0,0,0,1838
5982,マルゼン,スタンダード（内国株式）,金属製品,125,2,0,0,0,0,62.5,0,0,0,0,0,62.5,0,4000
5983,イワブチ,スタンダード（内国株式）,金属製品,300,2,0,0,0,0,0,150,0,0,0,0,0,150,15000
5984,兼房,スタンダード（内国株式）,金属製品,26,2,0,0,0,0,0,13,0,0,0,0,0,13,778
5985,サンコール,スタンダード（内国株式）,金属製品,20,2,0,0,0,0,0,10,0,0,0,0,0,10,2877
5986,モリテック　スチール,スタンダード（内国株式）,金属製品,12,1,0,0,0,0,0,12,0,0,0,0,0,0,284
5987,オーネックス,スタンダード（内国株式）,金属製品,20,1,0,0,0,0,0,0,0,0,20,0,0,0,1645
5988,パイオラックス,プライム（内国株式）,金属製品,92,2,0,0,0,0,0,46,0,0,0,0,0,46,1627
5989,エイチワン,プライム（内国株式）,金属製品,64,2,0,0,0,0,0,32,0,0,0,0,0,32,1399
598A,チャットプラス,グロース（内国株式）,情報・通信業,,,0,0,0,0,0,0,0,0,0,0,0,0,1395
5990,スーパーツール,スタンダード（内国株式）,金属製品,70,2,0,0,0,0,0,35,0,0,0,0,0,35,1926
5991,日本発條,プライム（内国株式）,金属製品,66,2,0,0,0,0,0,33,0,0,0,0,0,33,3942
5992,中央発條,スタンダード（内国株式）,金属製品,60,2,0,0,0,0,0,30,0,0,0,0,0,30,3595
5994,ファインシンター,スタンダード（内国株式）,金属製品,25,2,0,0,0,0,0,12.5,0,0,0,0,0,12.5,973
5997,協立エアテック,スタンダード（内国株式）,金属製品,20,1,0,0,20,0,0,0,0,0,0,0,0,0,905
5998,アドバネクス,スタンダード（内国株式）,金属製品,35,1,0,0,0,0,0,35,0,0,0,0,0,0,3005
6005,三浦工業,プライム（内国株式）,機械,72,2,0,0,0,0,0,36,0,0,0,0,0,36,3031
600A,ニッセイＥＴＦ　ラッセル２０００,ETF・ETN,ETF・他,,,0,0,0,0,0,0,0,0,0,0,0,0,1850
6013,タクマ,プライム（内国株式）,機械,93,2,0,0,0,0,0,46.5,0,0,0,0,0,46.5,3005
6016,ジャパンエンジンコーポレーション,スタンダード（内国株式）,輸送用機器,88,2,0,0,0,0,0,44,0,0,0,0,0,44,12500
6018,阪神内燃機工業,スタンダード（内国株式）,輸送用機器,91,2,0,0,0,0,0,45.5,0,0,0,0,0,45.5,5950
6022,赤阪鐵工所,スタンダード（内国株式）,機械,30,1,0,0,0,0,0,30,0,0,0,0,0,0,2832
6023,ダイハツインフィニアース,スタンダード（内国株式）,輸送用機器,69,1,0,0,0,0,0,69,0,0,0,0,0,0,3400
6027,弁護士ドットコム,プライム（内国株式）,サービス業,,,0,0,0,0,0,0,0,0,0,0,0,0,5100
6029,アトラグループ,スタンダード（内国株式）,サービス業,3.5,1,0,0,3.5,0,0,0,0,0,0,0,0,0,188
6030,アドベンチャー,グロース（内国株式）,サービス業,20,1,0,0,0,0,0,0,0,0,20,0,0,0,1516
6031,ＺＥＴＡ,スタンダード（内国株式）,サービス業,4.4,1,0,0,4.4,0,0,0,0,0,0,0,0,0,275
6033,エクストリーム,グロース（内国株式）,サービス業,62,1,0,0,0,0,0,62,0,0,0,0,0,0,1626
6034,ＭＲＴ,グロース（内国株式）,サービス業,30,1,0,0,30,0,0,0,0,0,0,0,0,0,562
6035,アイ・アールジャパンホールディングス,スタンダード（内国株式）,サービス業,28,2,0,0,0,0,0,14,0,0,0,0,0,14,737
6036,ＫｅｅＰｅｒ技研,プライム（内国株式）,サービス業,60,1,0,0,0,0,0,0,0,0,60,0,0,0,3735
6037,楽待,スタンダード（内国株式）,サービス業,10,2,0,0,0,5,0,0,0,0,0,5,0,0,1071
6038,イード,グロース（内国株式）,サービス業,22,1,0,0,0,0,0,0,0,0,22,0,0,0,832
6039,日本動物高度医療センター,グロース（内国株式）,サービス業,12,1,0,0,0,0,0,12,0,0,0,0,0,0,1008
603A,アイ・グリッド・ソリューションズ,グロース（内国株式）,電気・ガス業,,,0,0,0,0,0,0,0,0,0,0,0,0,1046
6040,日本スキー場開発,グロース（内国株式）,サービス業,3.5,1,0,0,0,0,0,0,0,0,0,3.5,0,0,467
6042,ニッキ,スタンダード（内国株式）,輸送用機器,120,1,0,0,0,0,0,120,0,0,0,0,0,0,3845
6044,三機サービス,スタンダード（内国株式）,サービス業,25,1,0,0,0,0,0,0,0,25,0,0,0,0,1850
6045,レントラックス,グロース（内国株式）,サービス業,24,2,0,0,0,0,0,12,0,0,0,0,0,12,2055
6046,リンクバル,スタンダード（内国株式）,サービス業,,,0,0,0,0,0,0,0,0,0,0,0,0,142
6047,Ｇｕｎｏｓｙ,スタンダード（内国株式）,サービス業,18.3,1,0,0,0,0,0,0,0,18.3,0,0,0,0,358
6049,イトクロ,グロース（内国株式）,サービス業,,,0,0,0,0,0,0,0,0,0,0,0,0,249
604A,ビーエイブル,スタンダード（内国株式）,建設業,,,0,0,0,0,0,0,0,0,0,0,0,0,1766
6050,イー・ガーディアン,プライム（内国株式）,サービス業,35,1,0,0,0,0,0,0,0,0,0,0,0,35,1625
6054,リブセンス,スタンダード（内国株式）,サービス業,,,0,0,0,0,0,0,0,0,0,0,0,0,113
6055,ジャパンマテリアル,プライム（内国株式）,サービス業,32,1,0,0,0,0,0,32,0,0,0,0,0,0,2402
6058,ベクトル,プライム（内国株式）,サービス業,33,1,0,0,0,0,33,0,0,0,0,0,0,0,1982
6059,ウチヤマホールディングス,スタンダード（内国株式）,サービス業,10,2,0,0,0,0,0,5,0,0,0,0,0,5,370
605A,ＮＥＸＴ　ＦＵＮＤＳ　日本株政策フォーカス上場投信,ETF・ETN,ETF・他,,,0,0,0,0,0,0,0,0,0,0,0,0,208
6061,ユニバーサル園芸社,スタンダード（内国株式）,サービス業,26,1,0,0,0,0,0,0,0,0,26,0,0,0,3160
6062,チャーム・ケア・コーポレーション,プライム（内国株式）,サービス業,34,1,0,0,0,0,0,0,0,0,34,0,0,0,1405
6063,日本エマージェンシーアシスタンス,スタンダード（内国株式）,サービス業,9,1,0,0,9,0,0,0,0,0,0,0,0,0,999
6069,トレンダーズ,グロース（内国株式）,サービス業,35,1,0,0,0,0,0,35,0,0,0,0,0,0,637
606A,金２倍ブルＥＴＦ,ETF・ETN,ETF・他,,,0,0,0,0,0,0,0,0,0,0,0,0,19500
6070,キャリアリンク,プライム（内国株式）,サービス業,120,1,0,0,0,0,0,120,0,0,0,0,0,0,2490
6071,ＩＢＪ,プライム（内国株式）,サービス業,10,1,0,0,10,0,0,0,0,0,0,0,0,0,908
6072,地盤ネットホールディングス,スタンダード（内国株式）,サービス業,2,1,0,0,0,0,0,2,0,0,0,0,0,0,1140
6073,アサンテ,プライム（内国株式）,サービス業,62,2,0,0,0,0,0,31,0,0,0,0,0,31,1303
6074,ジェイエスエス,スタンダード（内国株式）,サービス業,20,2,0,0,0,0,0,10,0,0,0,0,0,10,505
6078,バリューＨＲ,プライム（内国株式）,サービス業,26,2,0,0,13,0,0,0,0,0,13,0,0,0,1510
607A,エブリー,グロース（内国株式）,サービス業,,,0,0,0,0,0,0,0,0,0,0,0,0,250
6080,Ｍ＆Ａキャピタルパートナーズ,プライム（内国株式）,サービス業,52.1,1,0,0,0,0,0,0,0,0,0,0,0,52.1,4410
6081,アライドアーキテクツ,グロース（内国株式）,サービス業,,,0,0,0,0,0,0,0,0,0,0,0,0,147
6082,ライドオンエクスプレスホールディングス,スタンダード（内国株式）,サービス業,15,1,0,0,0,0,0,15,0,0,0,0,0,0,988
6083,ＥＲＩホールディングス,スタンダード（内国株式）,サービス業,60,2,0,30,0,0,0,0,0,30,0,0,0,0,1400
6085,アーキテクツ・スタジオ・ジャパン,グロース（内国株式）,サービス業,,,0,0,0,0,0,0,0,0,0,0,0,0,104
6086,シンメンテホールディングス,グロース（内国株式）,サービス業,20,1,0,0,0,0,20,0,0,0,0,0,0,0,998
6087,アビスト,スタンダード（内国株式）,サービス業,102,1,0,0,0,0,0,0,0,0,0,0,0,102,3330
6088,シグマクシス・ホールディングス,プライム（内国株式）,サービス業,26,1,0,0,0,0,0,26,0,0,0,0,0,0,586
6089,ウィルグループ,プライム（内国株式）,サービス業,44,1,0,0,0,0,0,44,0,0,0,0,0,0,1122
608A,上場インデックスファンド東証ＲＥＩＴ高利回り３０,ETF・ETN,ETF・他,,,0,0,0,0,0,0,0,0,0,0,0,0,1398
6090,ヒューマン・メタボローム・テクノロジーズ,スタンダード（内国株式）,サービス業,15,1,0,0,0,0,0,0,0,0,15,0,0,0,603
6091,ウエスコホールディングス,スタンダード（内国株式）,サービス業,24,1,0,0,0,0,0,0,0,0,0,24,0,0,929
6092,エンバイオ・ホールディングス,スタンダード（内国株式）,サービス業,9,1,0,0,0,0,0,9,0,0,0,0,0,0,776
6093,ミトラグループ,スタンダード（内国株式）,サービス業,6,1,0,0,0,0,6,0,0,0,0,0,0,0,158
6094,フリークアウト・ホールディングス,グロース（内国株式）,サービス業,,,0,0,0,0,0,0,0,0,0,0,0,0,499
6098,リクルートホールディングス,プライム（内国株式）,サービス業,25,2,0,0,0,0,0,12.5,0,0,0,0,0,12.5,17000
6099,エラン,プライム（内国株式）,サービス業,15,1,0,0,15,0,0,0,0,0,0,0,0,0,701
609A,グローバルＸ　総合商社＆資源ビジネス－日本株式　ＥＴＦ,ETF・ETN,ETF・他,,,0,0,0,0,0,0,0,0,0,0,0,0,1054
6101,ツガミ,プライム（内国株式）,機械,85,2,0,0,0,0,0,42.5,0,0,0,0,0,42.5,5800
6103,オークマ,プライム（内国株式）,機械,100,2,0,0,0,0,0,50,0,0,0,0,0,50,4925
6104,芝浦機械,プライム（内国株式）,機械,140,2,0,0,0,0,0,70,0,0,0,0,0,70,5010
610A,グローバルＸ　宇宙テック・トップ１０　ＥＴＦ（除く日本）,ETF・ETN,ETF・他,,,0,0,0,0,0,0,0,0,0,0,0,0,1125
6113,アマダ,プライム（内国株式）,機械,62,2,0,0,0,0,0,31,0,0,0,0,0,31,2648.5
6118,アイダエンジニアリング,プライム（内国株式）,機械,39,1,0,0,0,0,0,39,0,0,0,0,0,0,1228
611A,Ｏｎｅ　ＥＴＦ　日本国債　２７－３０年,ETF・ETN,ETF・他,,,0,0,0,0,0,0,0,0,0,0,0,0,966
6125,岡本工作機械製作所,スタンダード（内国株式）,機械,160,2,0,0,0,0,0,80,0,0,0,0,0,80,5130
612A,Ｏｎｅ　ＥＴＦ　日本国債先物逆連動指数,ETF・ETN,ETF・他,,,0,0,0,0,0,0,0,0,0,0,0,0,10215
6134,ＦＵＪＩ,プライム（内国株式）,機械,90,2,0,0,0,0,0,45,0,0,0,0,0,45,8525
6135,牧野フライス製作所,プライム（内国株式）,機械,54,1,0,0,0,0,0,54,0,0,0,0,0,0,3385
6136,オーエスジー,プライム（内国株式）,機械,88,2,0,44,0,0,0,0,0,44,0,0,0,0,3773
6137,小池酸素工業,スタンダード（内国株式）,機械,50,1,0,0,0,0,0,50,0,0,0,0,0,0,1535
6138,ダイジェット工業,スタンダード（内国株式）,機械,55,1,0,0,0,0,0,55,0,0,0,0,0,0,1970
613A,ｉＦｒｅｅＥＴＦ　ドイツ０－３カ月短期国債,ETF・ETN,ETF・他,,,0,0,0,0,0,0,0,0,0,0,0,0,1909
6140,旭ダイヤモンド工業,プライム（内国株式）,機械,30,2,0,0,0,0,0,15,0,0,0,0,0,15,1155
6141,ＤＭＧ森精機,プライム（内国株式）,機械,105,2,0,0,52.5,0,0,0,0,0,52.5,0,0,0,2886.5
6143,ソディック,プライム（内国株式）,機械,29,2,0,0,14.5,0,0,0,0,0,14.5,0,0,0,1788
6144,西部電機,スタンダード（内国株式）,機械,84,2,0,0,0,0,0,42,0,0,0,0,0,42,2710
6145,ＮＩＴＴＯＫＵ,スタンダード（内国株式）,機械,82,2,0,0,0,0,0,41,0,0,0,0,0,41,2857
6146,ディスコ,プライム（内国株式）,機械,505,2,0,0,0,0,0,252.5,0,0,0,0,0,252.5,61380
6147,ヤマザキ,スタンダード（内国株式）,機械,10,1,0,0,0,0,0,10,0,0,0,0,0,0,166
6149,小田原エンジニアリング,スタンダード（内国株式）,機械,70,1,0,0,70,0,0,0,0,0,0,0,0,0,2112
6150,タケダ機械,スタンダード（内国株式）,機械,80,1,0,0,0,0,0,0,0,80,0,0,0,0,2781
6151,日東工器,プライム（内国株式）,機械,40,2,0,0,0,0,0,20,0,0,0,0,0,20,1716
6155,高松機械工業,スタンダード（内国株式）,機械,10,2,0,0,0,0,0,5,0,0,0,0,0,5,550
6156,エーワン精密,スタンダード（内国株式）,機械,100,1,0,0,0,0,0,0,0,0,100,0,0,0,1888
6157,日進工具,スタンダード（内国株式）,機械,30,2,0,0,0,0,0,15,0,0,0,0,0,15,807
6158,和井田製作所,スタンダード（内国株式）,機械,34,2,0,0,0,0,0,17,0,0,0,0,0,17,1023
6159,ミクロン精密,スタンダード（内国株式）,機械,20,1,0,0,0,0,0,0,0,0,0,0,20,0,1934
6161,エスティック,スタンダード（内国株式）,機械,29,1,0,0,0,0,0,29,0,0,0,0,0,0,1038
6165,パンチ工業,スタンダード（内国株式）,機械,19.56,2,0,0,0,0,0,9.78,0,0,0,0,0,9.78,562
6166,中村超硬,グロース（内国株式）,機械,5,1,0,0,0,0,0,5,0,0,0,0,0,0,597
6167,冨士ダイス,プライム（内国株式）,機械,40,1,0,0,0,0,0,40,0,0,0,0,0,0,1009
6171,土木管理総合試験所,スタンダード（内国株式）,サービス業,12,2,0,0,6,0,0,0,0,0,6,0,0,0,372
6176,ブランジスタ,スタンダード（内国株式）,サービス業,10,1,0,0,0,0,0,0,0,0,0,0,0,10,988
6177,ＡｐｐＢａｎｋ,グロース（内国株式）,サービス業,,,0,0,0,0,0,0,0,0,0,0,0,0,84
6178,日本郵政,プライム（内国株式）,サービス業,50,2,0,0,0,0,0,25,0,0,0,0,0,25,2429.5
6180,ＧＭＯメディア,グロース（内国株式）,サービス業,241,1,0,0,241,0,0,0,0,0,0,0,0,0,3760
6181,タメニー,グロース（内国株式）,サービス業,,,0,0,0,0,0,0,0,0,0,0,0,0,84
6182,メタリアル,グロース（内国株式）,サービス業,6,1,0,0,0,0,6,0,0,0,0,0,0,0,501
6183,ベルシステム２４ホールディングス,プライム（内国株式）,サービス業,60,2,0,0,0,0,30,0,0,0,0,0,30,0,1271
6184,鎌倉新書,プライム（内国株式）,サービス業,20,1,0,0,0,20,0,0,0,0,0,0,0,0,603
6185,ＳＭＮ,スタンダード（内国株式）,サービス業,,,0,0,0,0,0,0,0,0,0,0,0,0,364
6186,一蔵,スタンダード（内国株式）,サービス業,14,1,0,0,0,0,0,14,0,0,0,0,0,0,372
6189,グローバルキッズＣＯＭＰＡＮＹ,スタンダード（内国株式）,サービス業,40,2,0,0,0,0,0,20,0,0,0,0,0,20,984
618A,ＫＯＭＰＥＩＴＯ,グロース（内国株式）,サービス業,,,0,0,0,0,0,0,0,0,0,0,0,0,2050
6190,フェニックスバイオ,グロース（内国株式）,サービス業,,,0,0,0,0,0,0,0,0,0,0,0,0,309
6191,エアトリ,プライム（内国株式）,サービス業,10,1,0,0,0,0,0,0,0,0,0,0,0,10,1416
6193,バーチャレクス・ホールディングス,グロース（内国株式）,サービス業,15,1,0,0,0,0,0,15,0,0,0,0,0,0,1225
6194,アトラエ,プライム（内国株式）,サービス業,31,1,0,0,0,0,0,0,0,0,0,0,0,31,940
6195,ホープ,グロース（内国株式）,サービス業,15,1,0,0,0,0,0,15,0,0,0,0,0,0,202
6196,ストライクグループ,プライム（内国株式）,サービス業,180,1,0,0,0,0,0,0,0,0,0,0,0,180,1403
6198,キャリア,グロース（内国株式）,サービス業,6.25,1,0,0,0,0,0,0,0,0,0,0,0,6.25,193
6199,セラク,スタンダード（内国株式）,情報・通信業,13.2,1,0,0,0,0,0,0,0,0,0,0,13.2,0,1330
619A,オリバー,スタンダード（内国株式）,その他製品,,,0,0,0,0,0,0,0,0,0,0,0,0,319
6200,インソース,プライム（内国株式）,サービス業,25,1,0,0,0,0,0,0,0,0,0,0,0,25,673
6203,豊和工業,スタンダード（内国株式）,機械,20,1,0,0,0,0,0,20,0,0,0,0,0,0,2322
6208,石川製作所,スタンダード（内国株式）,機械,20,1,0,0,0,0,0,20,0,0,0,0,0,0,1700
6209,リケンＮＰＲ,プライム（内国株式）,機械,210,2,0,0,0,0,0,105,0,0,0,0,0,105,3880
6217,津田駒工業,スタンダード（内国株式）,機械,,,0,0,0,0,0,0,0,0,0,0,0,0,787
6218,エンシュウ,スタンダード（内国株式）,機械,10,1,0,0,0,0,0,10,0,0,0,0,0,0,660
621A,オーディオストック,グロース（内国株式）,サービス業,,,0,0,0,0,0,0,0,0,0,0,0,0,1331
6222,島精機製作所,プライム（内国株式）,機械,20,2,0,0,0,0,0,10,0,0,0,0,0,10,885
6223,西部技研,スタンダード（内国株式）,機械,70,1,0,0,70,0,0,0,0,0,0,0,0,0,1935
6224,ＪＲＣ,グロース（内国株式）,機械,33,2,0,0,0,0,16.5,0,0,0,0,0,16.5,0,1141
6226,守谷輸送機工業,スタンダード（内国株式）,機械,59,2,0,0,0,0,0,29.5,0,0,0,0,0,29.5,2269
6227,ＡＩメカテック,スタンダード（内国株式）,機械,45,1,0,0,0,0,0,0,0,0,45,0,0,0,8590
6228,ジェイ・イー・ティ,スタンダード（内国株式）,機械,13.6,1,0,0,13.6,0,0,0,0,0,0,0,0,0,691
6229,オーケーエム,スタンダード（内国株式）,機械,55,1,0,0,0,0,0,55,0,0,0,0,0,0,1496
622A,テクノクラフト,スタンダード（内国株式）,情報・通信業,,,0,0,0,0,0,0,0,0,0,0,0,0,515
6230,ＳＡＮＥＩ,スタンダード（内国株式）,機械,69,2,0,0,0,0,0,34.5,0,0,0,0,0,34.5,2140
6231,木村工機,スタンダード（内国株式）,機械,200,1,0,0,0,0,0,200,0,0,0,0,0,0,12250
6232,ＡＣＳＬ,グロース（内国株式）,機械,,,0,0,0,0,0,0,0,0,0,0,0,0,1250
6233,ＫＬＡＳＳ,スタンダード（内国株式）,機械,10,1,0,0,0,0,0,0,0,0,0,0,0,10,395
6235,オプトラン,プライム（内国株式）,機械,54,2,0,0,27,0,0,0,0,0,27,0,0,0,2852
6237,イワキポンプ,プライム（内国株式）,機械,77,2,0,0,0,0,0,38.5,0,0,0,0,0,38.5,4120
6238,フリュー,プライム（内国株式）,機械,40,1,0,0,0,0,0,40,0,0,0,0,0,0,1418
6239,ナガオカ,スタンダード（内国株式）,機械,35,1,0,0,0,0,0,0,0,0,35,0,0,0,1409
623A,ベルテックス,スタンダード（内国株式）,不動産業,,,0,0,0,0,0,0,0,0,0,0,0,0,626
6240,ヤマシンフィルタ,プライム（内国株式）,機械,18,2,0,0,0,0,0,9,0,0,0,0,0,9,506
6245,ヒラノテクシード,スタンダード（内国株式）,機械,84,2,0,0,0,0,0,42,0,0,0,0,0,42,1815
6246,テクノスマート,スタンダード（内国株式）,機械,90,2,0,0,0,0,0,45,0,0,0,0,0,45,1791
6247,日阪製作所,プライム（内国株式）,機械,55,2,0,0,0,0,0,27.5,0,0,0,0,0,27.5,1619
6248,横田製作所,スタンダード（内国株式）,機械,60,2,0,0,0,0,0,30,0,0,0,0,0,30,1765
6249,ゲームカードホールディングス,スタンダード（内国株式）,機械,100,2,0,0,0,0,0,50,0,0,0,0,0,50,2689
6250,やまびこ,プライム（内国株式）,機械,90,2,0,0,45,0,0,0,0,0,45,0,0,0,4445
6254,野村マイクロ・サイエンス,プライム（内国株式）,機械,81,2,0,0,0,0,0,40.5,0,0,0,0,0,40.5,3800
6255,エヌ・ピー・シー,グロース（内国株式）,機械,10,1,0,0,0,0,0,0,0,0,0,0,10,0,756
6257,藤商事,スタンダード（内国株式）,機械,50,2,0,0,0,0,0,25,0,0,0,0,0,25,1003
6258,平田機工,プライム（内国株式）,機械,23.33,1,0,0,0,0,0,23.33,0,0,0,0,0,0,4070
625A,Ｓｋｙｆａｌｌ,グロース（内国株式）,サービス業,,,0,0,0,0,0,0,0,0,0,0,0,0,1640
6262,ＰＥＧＡＳＵＳ,スタンダード（内国株式）,機械,30,2,0,0,0,0,0,15,0,0,0,0,0,15,516
6264,マルマエ,プライム（内国株式）,機械,40,2,0,0,0,0,20,0,0,0,0,0,20,0,2178
6265,コンバム,スタンダード（内国株式）,機械,50,2,0,0,25,0,0,0,0,0,25,0,0,0,3225
6266,タツモ,プライム（内国株式）,機械,34,1,0,0,34,0,0,0,0,0,0,0,0,0,4470
6267,ゼネラルパッカー,スタンダード（内国株式）,機械,110,2,0,0,0,55,0,0,0,0,0,55,0,0,4210
6268,ナブテスコ,プライム（内国株式）,機械,80,2,0,0,40,0,0,0,0,0,40,0,0,0,5010
6269,三井海洋開発,プライム（内国株式）,機械,140,2,0,0,70,0,0,0,0,0,70,0,0,0,8794
626A,ｉＦｒｅｅＥＴＦ　ゴールドプラスインカム,ETF・ETN,ETF・他,,,0,0,0,0,0,0,0,0,0,0,0,0,1827
6272,レオン自動機,プライム（内国株式）,機械,58,2,0,0,0,0,0,29,0,0,0,0,0,29,1463
6273,ＳＭＣ,プライム（内国株式）,機械,1000,2,0,0,0,0,0,500,0,0,0,0,0,500,73860
6276,シリウスビジョン,スタンダード（内国株式）,電気機器,10,1,0,0,10,0,0,0,0,0,0,0,0,0,343
6277,ホソカワミクロン,プライム（内国株式）,機械,120,2,0,0,0,0,0,60,0,0,0,0,0,60,6480
6278,ユニオンツール,プライム（内国株式）,機械,130,2,0,0,65,0,0,0,0,0,65,0,0,0,16820
6279,瑞光,プライム（内国株式）,機械,12,2,0,0,0,0,6,0,0,0,0,0,6,0,902
627A,ａｋｉｐｐａ,スタンダード（内国株式）,情報・通信業,,,0,0,0,0,0,0,0,0,0,0,0,0,1480
6282,オイレス工業,プライム（内国株式）,機械,85,2,0,0,0,0,0,42.5,0,0,0,0,0,42.5,2790
6284,日精エー・エス・ビー機械,プライム（内国株式）,機械,200,1,0,0,0,0,0,0,0,0,0,0,0,200,8480
6286,靜甲,スタンダード（内国株式）,機械,26,2,0,0,0,0,0,13,0,0,0,0,0,13,1499
6287,サトー,プライム（内国株式）,機械,76,2,0,0,0,0,0,38,0,0,0,0,0,38,2631
6289,技研製作所,プライム（内国株式）,機械,54,2,0,0,0,0,27,0,0,0,0,0,27,0,1968
6291,日本エアーテック,スタンダード（内国株式）,機械,55,1,0,0,55,0,0,0,0,0,0,0,0,0,1335
6292,カワタ,スタンダード（内国株式）,機械,38,2,0,0,0,0,0,19,0,0,0,0,0,19,816
6294,オカダアイヨン,プライム（内国株式）,機械,75,1,0,0,0,0,0,75,0,0,0,0,0,0,1917
6298,ワイエイシイホールディングス,プライム（内国株式）,機械,40,2,0,0,0,0,0,20,0,0,0,0,0,20,1260
6301,小松製作所,プライム（内国株式）,機械,190,2,0,0,0,0,0,95,0,0,0,0,0,95,7829
6302,住友重機械工業,プライム（内国株式）,機械,125,2,0,0,62.5,0,0,0,0,0,62.5,0,0,0,6224
6305,日立建機,プライム（内国株式）,機械,175,2,0,0,0,0,0,87.5,0,0,0,0,0,87.5,5793
6306,日工,プライム（内国株式）,機械,40,2,0,0,0,0,0,20,0,0,0,0,0,20,998
6307,サンセイ,スタンダード（内国株式）,機械,30,1,0,0,0,0,0,30,0,0,0,0,0,0,455
6309,巴工業,プライム（内国株式）,機械,60.33,2,30.165,0,0,0,0,0,30.165,0,0,0,0,0,1947
630A,ニッセイＥＴＦ　ＴＯＰＩＸ（年４回決算型）,ETF・ETN,ETF・他,,,0,0,0,0,0,0,0,0,0,0,0,0,1535
6310,井関農機,プライム（内国株式）,機械,40,1,0,0,40,0,0,0,0,0,0,0,0,0,1904
6315,ＴＯＷＡ,プライム（内国株式）,機械,20,1,0,0,0,0,0,20,0,0,0,0,0,0,2585
6316,丸山製作所,スタンダード（内国株式）,機械,80,1,0,0,0,0,0,0,0,0,0,0,0,80,2849
6317,北川鉄工所,スタンダード（内国株式）,機械,102,2,0,0,0,0,0,51,0,0,0,0,0,51,2484
6322,タクミナ,スタンダード（内国株式）,機械,54,2,0,0,0,0,0,27,0,0,0,0,0,27,1587
6323,ローツェ,プライム（内国株式）,機械,17,1,0,0,0,0,17,0,0,0,0,0,0,0,4480
6324,ハーモニック・ドライブ・システムズ,プライム（内国株式）,機械,20,2,0,0,0,0,0,10,0,0,0,0,0,10,6630
6325,タカキタ,スタンダード（内国株式）,機械,10,2,0,0,0,0,0,5,0,0,0,0,0,5,420
6326,クボタ,プライム（内国株式）,機械,50,2,0,0,25,0,0,0,0,0,25,0,0,0,2775
6327,北川精機,スタンダード（内国株式）,機械,12,1,0,0,0,0,0,0,0,0,12,0,0,0,3460
6328,荏原実業,プライム（内国株式）,機械,120,2,0,0,60,0,0,0,0,0,60,0,0,0,2505
632A,グローバルＸ　日経２２５　ＥＴＦ,ETF・ETN,ETF・他,,,0,0,0,0,0,0,0,0,0,0,0,0,70570
6330,東洋エンジニアリング,プライム（内国株式）,建設業,25,1,0,0,0,0,0,25,0,0,0,0,0,0,2561
6331,三菱化工機,プライム（内国株式）,機械,88.33,2,0,0,0,0,0,44.165,0,0,0,0,0,44.165,3015
6332,月島ホールディングス,プライム（内国株式）,機械,85,2,0,0,0,0,0,42.5,0,0,0,0,0,42.5,2581
6333,ＴＥＩＫＯＫＵ,プライム（内国株式）,機械,133,2,0,0,0,0,0,66.5,0,0,0,0,0,66.5,3550
6334,明治機械,スタンダード（内国株式）,機械,6,1,0,0,0,0,0,6,0,0,0,0,0,0,485
6335,東京機械製作所,スタンダード（内国株式）,機械,11,1,0,0,0,0,0,11,0,0,0,0,0,0,575
6336,石井表記,スタンダード（内国株式）,機械,28,1,0,0,0,28,0,0,0,0,0,0,0,0,1694
6337,テセック,スタンダード（内国株式）,機械,100,1,0,0,0,0,0,100,0,0,0,0,0,0,4065
6338,タカトリ,スタンダード（内国株式）,機械,40,1,0,0,0,0,0,0,0,0,0,0,0,40,1739
6339,新東工業,プライム（内国株式）,機械,44,2,0,0,0,0,0,22,0,0,0,0,0,22,1131
633A,グローバルＸ　韓国半導体・トップ１０　ＥＴＦ,ETF・ETN,ETF・他,,,0,0,0,0,0,0,0,0,0,0,0,0,1076
6340,澁谷工業,プライム（内国株式）,機械,95,2,0,0,47.5,0,0,0,0,0,47.5,0,0,0,5860
6342,太平製作所,スタンダード（内国株式）,機械,80,2,0,0,0,0,0,40,0,0,0,0,0,40,2832
6343,フリージア・マクロス,スタンダード（内国株式）,機械,0.6,1,0,0,0,0,0,0.6,0,0,0,0,0,0,149
6345,アイチ　コーポレーション,プライム（内国株式）,機械,60,2,0,0,0,0,0,30,0,0,0,0,0,30,1438
6346,キクカワエンタープライズ,スタンダード（内国株式）,機械,100,2,0,0,0,0,0,50,0,0,0,0,0,50,5590
6347,プラコー,スタンダード（内国株式）,機械,6,1,0,0,0,0,0,6,0,0,0,0,0,0,246
6349,小森コーポレーション,プライム（内国株式）,機械,70,2,0,0,0,0,0,35,0,0,0,0,0,35,1981
634A,レイヤード,スタンダード（内国株式）,情報・通信業,,,0,0,0,0,0,0,0,0,0,0,0,0,2608
6351,鶴見製作所,プライム（内国株式）,機械,29,2,0,0,0,0,0,14.5,0,0,0,0,0,14.5,2636
6356,日本ギア工業,スタンダード（内国株式）,機械,10,2,0,0,0,0,0,5,0,0,0,0,0,5,1396
6357,三精テクノロジーズ,スタンダード（内国株式）,機械,90,2,0,0,0,0,0,45,0,0,0,0,0,45,2602
6358,酒井重工業,プライム（内国株式）,機械,107,2,0,0,0,0,0,53.5,0,0,0,0,0,53.5,2054
635A,ＳＭＢＣ　Ｐｒｉｍｅ　日本短期債券ＥＴＦ（毎月決算型）,ETF・ETN,ETF・他,,,0,0,0,0,0,0,0,0,0,0,0,0,901.400024
6360,東京自働機械製作所,スタンダード（内国株式）,機械,160,1,0,0,0,0,0,160,0,0,0,0,0,0,4810
6361,荏原製作所,プライム（内国株式）,機械,59,2,0,0,29.5,0,0,0,0,0,29.5,0,0,0,4834
6363,酉島製作所,プライム（内国株式）,機械,63,2,0,0,0,0,0,31.5,0,0,0,0,0,31.5,3040
6364,ＡＩＲＭＡＮ,プライム（内国株式）,機械,72,2,0,0,0,0,0,36,0,0,0,0,0,36,2474
6365,電業社機械製作所,スタンダード（内国株式）,機械,210,2,0,0,0,0,0,105,0,0,0,0,0,105,5630
6366,千代田化工建設,スタンダード（内国株式）,建設業,7.5,1,0,0,0,0,0,7.5,0,0,0,0,0,0,673
6367,ダイキン工業,プライム（内国株式）,機械,340,2,0,0,0,0,0,170,0,0,0,0,0,170,21070
6368,オルガノ,プライム（内国株式）,機械,40,2,0,0,0,0,0,20,0,0,0,0,0,20,2766.5
6369,トーヨーカネツ,プライム（内国株式）,機械,103,2,0,0,0,0,0,51.5,0,0,0,0,0,51.5,2310
636A,ＳＭＢＣ　Ｐｒｉｍｅ　日本短期債券ＥＴＦ（年１回決算型）,ETF・ETN,ETF・他,,,0,0,0,0,0,0,0,0,0,0,0,0,900
6370,栗田工業,プライム（内国株式）,機械,112,2,0,0,0,0,0,56,0,0,0,0,0,56,8004
6371,椿本チエイン,プライム（内国株式）,機械,80,2,0,0,0,0,0,40,0,0,0,0,0,40,2648
6376,日機装,プライム（内国株式）,精密機器,40,2,0,0,20,0,0,0,0,0,20,0,0,0,3875
6378,木村化工機,スタンダード（内国株式）,機械,41,1,0,0,0,0,0,41,0,0,0,0,0,0,1166
6379,レイズネクスト,プライム（内国株式）,建設業,39,2,0,0,0,0,0,19.5,0,0,0,0,0,19.5,974
6380,オリエンタルチエン工業,スタンダード（内国株式）,機械,30,2,0,0,0,0,0,15,0,0,0,0,0,15,3555
6381,アネスト岩田,プライム（内国株式）,機械,87,2,0,0,0,0,0,43.5,0,0,0,0,0,43.5,1868
6382,トリニティ工業,スタンダード（内国株式）,機械,67,2,0,0,0,0,0,33.5,0,0,0,0,0,33.5,1212
6383,ダイフク,プライム（内国株式）,機械,78,2,0,0,39,0,0,0,0,0,39,0,0,0,5875
6384,昭和真空,スタンダード（内国株式）,機械,70,1,0,0,0,0,0,70,0,0,0,0,0,0,1765
6387,サムコ,プライム（内国株式）,機械,60,1,0,0,0,0,0,0,0,0,0,60,0,0,9500
6390,加藤製作所,プライム（内国株式）,機械,70,2,0,0,0,0,0,35,0,0,0,0,0,35,1284
6391,加地テック,スタンダード（内国株式）,機械,60,1,0,0,0,0,0,60,0,0,0,0,0,0,5100
6392,ヤマダコーポレーション,スタンダード（内国株式）,機械,220,2,0,0,0,0,0,110,0,0,0,0,0,110,7440
6393,油研工業,スタンダード（内国株式）,機械,150,2,0,0,0,0,0,75,0,0,0,0,0,75,3005
6395,タダノ,プライム（内国株式）,機械,44,2,0,0,22,0,0,0,0,0,22,0,0,0,1374
6396,宇野澤組鐵工所,スタンダード（内国株式）,機械,50,1,0,0,0,0,0,50,0,0,0,0,0,0,4670
639A,ＮＥＸＴ　ＦＵＮＤＳ　Ｓｏｌａｃｔｉｖｅグローバル・メモリ指数連動型上場投信,ETF・ETN,ETF・他,,,0,0,0,0,0,0,0,0,0,0,0,0,202.699997
6400,不二精機,スタンダード（内国株式）,機械,7,1,0,0,7,0,0,0,0,0,0,0,0,0,316
6402,兼松エンジニアリング,スタンダード（内国株式）,機械,74,1,0,0,0,0,0,74,0,0,0,0,0,0,1579
6405,鈴茂器工,スタンダード（内国株式）,機械,35,2,0,0,0,0,0,17.5,0,0,0,0,0,17.5,1300
6407,ＣＫＤ,プライム（内国株式）,機械,81,2,0,0,0,0,0,40.5,0,0,0,0,0,40.5,5930
6408,小倉クラッチ,スタンダード（内国株式）,機械,100,1,0,0,0,0,0,100,0,0,0,0,0,0,4245
6412,平和,プライム（内国株式）,機械,80,2,0,0,0,0,0,40,0,0,0,0,0,40,2022
6413,理想科学工業,プライム（内国株式）,機械,50,1,0,0,0,0,0,50,0,0,0,0,0,0,1025
6417,ＳＡＮＫＹＯ,プライム（内国株式）,機械,90,2,0,0,0,0,0,45,0,0,0,0,0,45,2049.5
6418,日本金銭機械,プライム（内国株式）,機械,40,2,0,0,0,0,0,20,0,0,0,0,0,20,1258
6419,マースグループホールディングス,プライム（内国株式）,機械,150,2,0,0,0,0,0,75,0,0,0,0,0,75,3015
6420,ガリレイホールディングス,プライム（内国株式）,機械,82,1,0,0,0,0,0,82,0,0,0,0,0,0,3375
6424,高見沢サイバネティックス,スタンダード（内国株式）,機械,23,1,0,0,0,0,0,23,0,0,0,0,0,0,882
6425,ユニバーサルエンターテインメント,スタンダード（内国株式）,機械,30,2,0,0,15,0,0,0,0,0,15,0,0,0,642
6428,オーイズミ,スタンダード（内国株式）,機械,12,1,0,0,0,0,0,12,0,0,0,0,0,0,328
6430,ダイコク電機,プライム（内国株式）,機械,100,2,0,0,0,0,0,50,0,0,0,0,0,50,2271
6432,竹内製作所,プライム（内国株式）,機械,210,1,0,0,0,0,210,0,0,0,0,0,0,0,7530
6433,ヒーハイスト,スタンダード（内国株式）,機械,1,1,0,0,0,0,0,1,0,0,0,0,0,0,1172
6436,アマノ,プライム（内国株式）,機械,180,2,0,0,0,0,0,90,0,0,0,0,0,90,3766
643A,データセンターインフラ　日本株（ネットリターン）ＥＴＮ,ETF・ETN,ETF・他,,,0,0,0,0,0,0,0,0,0,0,0,0,11560
6440,ＪＵＫＩ,プライム（内国株式）,機械,10,1,0,0,10,0,0,0,0,0,0,0,0,0,807
6444,サンデン,スタンダード（内国株式）,機械,,,0,0,0,0,0,0,0,0,0,0,0,0,185
6445,ジャノメ,プライム（内国株式）,機械,55,2,0,0,0,0,0,27.5,0,0,0,0,0,27.5,1320
6448,ブラザー工業,プライム（内国株式）,電気機器,100,2,0,0,0,0,0,50,0,0,0,0,0,50,4703
644A,防衛フォーカス　日本株（ネットリターン）ＥＴＮ,ETF・ETN,ETF・他,,,0,0,0,0,0,0,0,0,0,0,0,0,10320
6454,マックス,プライム（内国株式）,機械,148,1,0,0,0,0,0,148,0,0,0,0,0,0,1907
6455,モリタホールディングス,プライム（内国株式）,輸送用機器,64,2,0,0,0,0,0,32,0,0,0,0,0,32,2441
6457,グローリー,プライム（内国株式）,機械,112,2,0,0,0,0,0,56,0,0,0,0,0,56,4556
6458,新晃工業,プライム（内国株式）,機械,50,2,0,0,0,0,0,25,0,0,0,0,0,25,1215
6459,だいわ,プライム（内国株式）,機械,50,2,0,0,25,0,0,0,0,0,25,0,0,0,1648
6460,セガサミーホールディングス,プライム（内国株式）,機械,55,2,0,0,0,0,0,27.5,0,0,0,0,0,27.5,3168
6463,ＴＰＲ,プライム（内国株式）,機械,56,2,0,0,0,0,0,28,0,0,0,0,0,28,1506
6464,ツバキ・ナカシマ,プライム（内国株式）,機械,25,2,0,0,12.5,0,0,0,0,0,12.5,0,0,0,321
6465,ホシザキ,プライム（内国株式）,機械,115,2,0,0,57.5,0,0,0,0,0,57.5,0,0,0,5272
6466,ＴＶＥ,スタンダード（内国株式）,機械,40,2,0,0,0,0,0,20,0,0,0,0,0,20,4330
6467,ニチダイ,スタンダード（内国株式）,機械,4,2,0,0,0,0,0,2,0,0,0,0,0,2,346
6469,放電精密加工研究所,スタンダード（内国株式）,機械,18,1,0,0,0,0,18,0,0,0,0,0,0,0,2973
646A,クラサスケミカル,スタンダード（内国株式）,化学,,,0,0,0,0,0,0,0,0,0,0,0,0,219
6470,大豊工業,スタンダード（内国株式）,機械,28,2,0,0,0,0,0,14,0,0,0,0,0,14,1169
6471,日本精工,プライム（内国株式）,機械,34,2,0,0,0,0,0,17,0,0,0,0,0,17,1117
6472,ＮＴＮ,プライム（内国株式）,機械,11,2,0,0,0,0,0,5.5,0,0,0,0,0,5.5,389.799988
6473,ジェイテクト,プライム（内国株式）,機械,60,2,0,0,0,0,0,30,0,0,0,0,0,30,2206
6474,不二越,プライム（内国株式）,機械,100,1,0,100,0,0,0,0,0,0,0,0,0,0,5910
6479,ミネベアミツミ,プライム（内国株式）,電気機器,50,2,0,0,0,0,0,25,0,0,0,0,0,25,3847
6480,日本トムソン,プライム（内国株式）,機械,29.5,2,0,0,0,0,0,14.75,0,0,0,0,0,14.75,1947
6481,ＴＨＫ,プライム（内国株式）,機械,246,2,0,0,123,0,0,0,0,0,123,0,0,0,6797
6482,ＹＵＳＨＩＮ,スタンダード（内国株式）,機械,20,2,0,0,0,0,0,10,0,0,0,0,0,10,700
6484,ＫＶＫ,スタンダード（内国株式）,機械,80,2,0,0,0,0,0,40,0,0,0,0,0,40,2210
6485,前澤給装工業,スタンダード（内国株式）,機械,63,2,0,0,0,0,0,31.5,0,0,0,0,0,31.5,1618
6488,ヨシタケ,スタンダード（内国株式）,機械,35,1,0,0,0,0,0,35,0,0,0,0,0,0,1011
6490,ＰＩＬＬＡＲ,プライム（内国株式）,機械,130,2,0,0,0,0,0,65,0,0,0,0,0,65,12470
6492,岡野バルブ製造,スタンダード（内国株式）,機械,60,2,0,0,0,0,0,30,0,0,0,0,0,30,15390
6493,ＮＩＴＴＡＮ,スタンダード（内国株式）,輸送用機器,20,1,0,0,0,0,0,20,0,0,0,0,0,0,495
6494,ＮＦＫホールディングス,スタンダード（内国株式）,機械,1,1,0,0,0,0,0,1,0,0,0,0,0,0,100
6495,宮入バルブ製作所,スタンダード（内国株式）,機械,2,1,0,0,0,0,0,2,0,0,0,0,0,0,104
6496,中北製作所,スタンダード（内国株式）,機械,100,2,0,50,0,0,0,0,0,50,0,0,0,0,5370
6497,ハマイ,スタンダード（内国株式）,機械,40,2,0,0,20,0,0,0,0,0,20,0,0,0,1496
6498,キッツ,プライム（内国株式）,機械,53,2,0,0,26.5,0,0,0,0,0,26.5,0,0,0,2071
6501,日立製作所,プライム（内国株式）,電気機器,50,2,0,0,0,0,0,25,0,0,0,0,0,25,5649
6503,三菱電機,プライム（内国株式）,電気機器,55,2,0,0,0,0,0,27.5,0,0,0,0,0,27.5,5285
6504,富士電機,プライム（内国株式）,電気機器,200,2,0,0,0,0,0,100,0,0,0,0,0,100,15180
6505,東洋電機製造,スタンダード（内国株式）,電気機器,70,1,0,0,0,0,0,0,0,70,0,0,0,0,2359
6506,安川電機,プライム（内国株式）,電気機器,68,2,0,0,0,0,34,0,0,0,0,0,34,0,4946
6507,シンフォニアテクノロジー,プライム（内国株式）,電気機器,155,1,0,0,0,0,0,155,0,0,0,0,0,0,14540
6508,明電舎,プライム（内国株式）,電気機器,157,2,0,0,0,0,0,78.5,0,0,0,0,0,78.5,12320
6513,オリジン,スタンダード（内国株式）,電気機器,35,2,0,0,0,0,0,17.5,0,0,0,0,0,17.5,1291
6516,山洋電気,プライム（内国株式）,電気機器,56.67,2,0,0,0,0,0,28.335,0,0,0,0,0,28.335,5760
6517,デンヨー,プライム（内国株式）,電気機器,100,2,0,0,0,0,0,50,0,0,0,0,0,50,3995
6518,三相電機,スタンダード（内国株式）,電気機器,25,1,0,0,0,0,0,25,0,0,0,0,0,0,1752
6521,オキサイド,グロース（内国株式）,電気機器,,,0,0,0,0,0,0,0,0,0,0,0,0,3450
6522,アスタリスク,グロース（内国株式）,電気機器,,,0,0,0,0,0,0,0,0,0,0,0,0,1168
6523,ＰＨＣホールディングス,プライム（内国株式）,電気機器,42,2,0,0,0,0,0,21,0,0,0,0,0,21,1595
6524,湖北工業,スタンダード（内国株式）,電気機器,33,1,0,0,33,0,0,0,0,0,0,0,0,0,5920
6525,ＫＯＫＵＳＡＩ　ＥＬＥＣＴＲＩＣ,プライム（内国株式）,電気機器,37,2,0,0,0,0,0,18.5,0,0,0,0,0,18.5,9830
6526,ソシオネクスト,プライム（内国株式）,電気機器,50,2,0,0,0,0,0,25,0,0,0,0,0,25,2240
6532,ベイカレント,プライム（内国株式）,サービス業,100,2,0,0,0,0,50,0,0,0,0,0,50,0,8210
6533,Ｏｒｃｈｅｓｔｒａ　Ｈｏｌｄｉｎｇｓ,プライム（内国株式）,サービス業,12,1,0,0,12,0,0,0,0,0,0,0,0,0,2100
6535,アイモバイル,プライム（内国株式）,サービス業,26,1,0,0,0,0,0,0,0,0,0,26,0,0,482
6537,ＷＡＳＨハウス,グロース（内国株式）,サービス業,8,1,0,0,8,0,0,0,0,0,0,0,0,0,300
6538,ディスラプターズ,スタンダード（内国株式）,サービス業,7,2,0,0,0,0,0,3.5,0,0,0,0,0,3.5,236
6539,ＭＳ－Ｊａｐａｎ,プライム（内国株式）,サービス業,56,1,0,0,0,0,0,56,0,0,0,0,0,0,965
6540,船場,スタンダード（内国株式）,サービス業,76,1,0,0,76,0,0,0,0,0,0,0,0,0,1487
6543,日宣,スタンダード（内国株式）,サービス業,32,2,0,0,0,0,16,0,0,0,0,0,16,0,1193
6544,ジャパンエレベーターサービスホールディングス,プライム（内国株式）,サービス業,21,1,0,0,0,0,0,21,0,0,0,0,0,0,1475.5
6545,インターネットインフィニティー,グロース（内国株式）,サービス業,18,1,0,0,0,0,0,18,0,0,0,0,0,0,764
6546,フルテック,スタンダード（内国株式）,サービス業,32,2,0,0,16,0,0,0,0,0,16,0,0,0,1176
6547,グリーンズ,スタンダード（内国株式）,サービス業,35,1,0,0,0,0,0,0,0,0,35,0,0,0,2044
6548,旅工房,グロース（内国株式）,サービス業,,,0,0,0,0,0,0,0,0,0,0,0,0,121
6549,ディーエムソリューションズ,スタンダード（内国株式）,サービス業,36,2,0,0,0,0,0,18,0,0,0,0,0,18,1107
6551,ツナググループ・ホールディングス,スタンダード（内国株式）,サービス業,14,1,0,0,0,0,0,0,0,0,0,0,0,14,611
6552,ＧａｍｅＷｉｔｈ,スタンダード（内国株式）,サービス業,,,0,0,0,0,0,0,0,0,0,0,0,0,169
6554,エスユーエス,グロース（内国株式）,サービス業,45,1,0,0,0,0,0,0,0,0,0,0,0,45,1067
6555,ＭＳ＆Ｃｏｎｓｕｌｔｉｎｇ,スタンダード（内国株式）,サービス業,9,2,0,0,0,0,4.5,0,0,0,0,0,4.5,0,422
6557,ＡＩＡＩグループ,グロース（内国株式）,サービス業,,,0,0,0,0,0,0,0,0,0,0,0,0,651
6558,クックビズ,グロース（内国株式）,サービス業,,,0,0,0,0,0,0,0,0,0,0,0,0,669
6560,エル・ティー・エス,プライム（内国株式）,サービス業,35,1,0,0,35,0,0,0,0,0,0,0,0,0,1816
6561,ＨＡＮＡＴＯＵＲ　ＪＡＰＡＮ,グロース（内国株式）,サービス業,40,1,0,0,40,0,0,0,0,0,0,0,0,0,819
6562,ジーニー,グロース（内国株式）,サービス業,,,0,0,0,0,0,0,0,0,0,0,0,0,1012
6563,みらいワークス,グロース（内国株式）,サービス業,,,0,0,0,0,0,0,0,0,0,0,0,0,454
6564,ミダックホールディングス,プライム（内国株式）,サービス業,18,1,0,0,0,0,0,18,0,0,0,0,0,0,1980
6566,要興業,スタンダード（内国株式）,サービス業,29,1,0,0,0,0,0,29,0,0,0,0,0,0,1230
6568,神戸天然物化学,グロース（内国株式）,サービス業,33,2,0,0,0,0,0,16.5,0,0,0,0,0,16.5,1223
6570,共和コーポレーション,スタンダード（内国株式）,サービス業,25,2,0,0,0,0,0,12.5,0,0,0,0,0,12.5,4550
6571,キュービーネットホールディングス,プライム（内国株式）,サービス業,35,1,0,0,0,0,0,0,0,0,35,0,0,0,1250
6572,オープングループ,プライム（内国株式）,サービス業,4.9,1,0,0,0,0,4.9,0,0,0,0,0,0,0,261
6573,ＣＲＡＶＩＡ,グロース（内国株式）,サービス業,,,0,0,0,0,0,0,0,0,0,0,0,0,23
6574,コンヴァノ,グロース（内国株式）,サービス業,1,1,0,0,0,0,0,1,0,0,0,0,0,0,131
6577,ベストワンドットコム,グロース（内国株式）,サービス業,18,1,0,0,0,0,0,0,0,0,0,18,0,0,1277
6578,コレックホールディングス,スタンダード（内国株式）,サービス業,9,1,0,0,0,0,9,0,0,0,0,0,0,0,485
6579,ログリー,グロース（内国株式）,サービス業,,,0,0,0,0,0,0,0,0,0,0,0,0,340
6580,ライトアップ,グロース（内国株式）,サービス業,14,1,0,0,0,0,0,14,0,0,0,0,0,0,812
6584,三櫻工業,プライム（内国株式）,輸送用機器,28,2,0,0,0,0,0,14,0,0,0,0,0,14,760
6586,マキタ,プライム（内国株式）,機械,150,2,0,0,0,0,0,75,0,0,0,0,0,75,5297
6588,東芝テック,プライム（内国株式）,電気機器,20,1,0,0,0,0,0,20,0,0,0,0,0,0,2896
6590,芝浦メカトロニクス,プライム（内国株式）,電気機器,60,1,0,0,0,0,0,60,0,0,0,0,0,0,4270
6592,マブチモーター,プライム（内国株式）,電気機器,106,2,0,0,53,0,0,0,0,0,53,0,0,0,1785.5
6594,ニデック,プライム（内国株式）,電気機器,40,2,0,0,0,0,0,20,0,0,0,0,0,20,2165
6597,ＨＰＣシステムズ,グロース（内国株式）,電気機器,28,1,0,0,0,0,0,0,0,0,28,0,0,0,3875
6599,エブレン,スタンダード（内国株式）,電気機器,48,1,0,0,0,0,0,48,0,0,0,0,0,0,4415
6612,バルミューダ,グロース（内国株式）,電気機器,,,0,0,0,0,0,0,0,0,0,0,0,0,567
6613,ＱＤレーザ,グロース（内国株式）,電気機器,,,0,0,0,0,0,0,0,0,0,0,0,0,2254
6614,シキノハイテック,スタンダード（内国株式）,電気機器,15,1,0,0,0,0,0,15,0,0,0,0,0,0,889
6615,ユー・エム・シー・エレクトロニクス,スタンダード（内国株式）,電気機器,,,0,0,0,0,0,0,0,0,0,0,0,0,226
6616,トレックス・セミコンダクター,プライム（内国株式）,電気機器,56,2,0,0,0,0,0,28,0,0,0,0,0,28,1978
6617,東光高岳,プライム（内国株式）,電気機器,120,2,0,0,0,0,0,60,0,0,0,0,0,60,7790
6619,ダブル・スコープ,プライム（内国株式）,電気機器,,,0,0,0,0,0,0,0,0,0,0,0,0,148
6620,宮越ホールディングス,プライム（内国株式）,不動産業,5,1,0,0,0,0,0,5,0,0,0,0,0,0,628
6622,ダイヘン,プライム（内国株式）,電気機器,36,2,0,0,0,0,0,18,0,0,0,0,0,18,2958
6625,ＪＡＬＣＯホールディングス,スタンダード（内国株式）,不動産業,18,1,0,0,0,0,0,18,0,0,0,0,0,0,333
6626,ＳＥＭＩＴＥＣ,スタンダード（内国株式）,電気機器,47,1,0,0,0,0,0,47,0,0,0,0,0,0,2750
6627,テラプローブ,スタンダード（内国株式）,電気機器,22,1,0,0,22,0,0,0,0,0,0,0,0,0,2705
6629,テクノホライゾン,スタンダード（内国株式）,電気機器,30,1,0,0,0,0,0,30,0,0,0,0,0,0,1039
6630,ヤーマン,プライム（内国株式）,電気機器,9,2,0,0,4.5,0,0,0,0,0,4.5,0,0,0,774
6632,ＪＶＣケンウッド,プライム（内国株式）,電気機器,18,2,0,0,0,0,0,9,0,0,0,0,0,9,995.900024
6633,ＣＧＳホールディングス,スタンダード（内国株式）,電気機器,10,1,0,0,10,0,0,0,0,0,0,0,0,0,309
6634,ＪＮグループ,スタンダード（内国株式）,電気機器,,,0,0,0,0,0,0,0,0,0,0,0,0,68
6635,大日光・エンジニアリング,スタンダード（内国株式）,電気機器,16,2,0,0,8,0,0,0,0,0,8,0,0,0,662
6637,寺崎電気産業,スタンダード（内国株式）,電気機器,53,2,0,0,0,0,0,26.5,0,0,0,0,0,26.5,4300
6638,ミマキエンジニアリング,プライム（内国株式）,電気機器,55,2,0,0,0,0,0,27.5,0,0,0,0,0,27.5,2260
6643,戸上電機製作所,スタンダード（内国株式）,電気機器,140,2,0,0,0,0,0,70,0,0,0,0,0,70,5710
6644,大崎電気工業,プライム（内国株式）,電気機器,49,2,0,0,0,0,0,24.5,0,0,0,0,0,24.5,1442
6645,オムロン,プライム（内国株式）,電気機器,104,2,0,0,0,0,0,52,0,0,0,0,0,52,6486
6647,森尾電機,スタンダード（内国株式）,電気機器,65,1,0,0,0,0,0,65,0,0,0,0,0,0,3350
6648,かわでん,スタンダード（内国株式）,電気機器,36.2,2,0,0,0,0,0,18.1,0,0,0,0,0,18.1,1680
6651,日東工業,プライム（内国株式）,電気機器,152,2,0,0,0,0,0,76,0,0,0,0,0,76,4545
6652,ＩＤＥＣ,プライム（内国株式）,電気機器,130,2,0,0,0,0,0,65,0,0,0,0,0,65,4175
6653,正興電機製作所,プライム（内国株式）,電気機器,50,2,0,0,25,0,0,0,0,0,25,0,0,0,2120
6654,不二電機工業,スタンダード（内国株式）,電気機器,32,2,0,0,0,16,0,0,0,0,0,16,0,0,1090
6656,インスペック,スタンダード（内国株式）,電気機器,3,1,0,0,0,0,0,0,3,0,0,0,0,0,801
6658,シライ電子工業,スタンダード（内国株式）,電気機器,35,1,0,0,0,0,0,35,0,0,0,0,0,0,462
6659,メディアリンクス,スタンダード（内国株式）,電気機器,,,0,0,0,0,0,0,0,0,0,0,0,0,38
6662,ユビテック,スタンダード（内国株式）,電気機器,3,1,0,0,0,0,0,0,0,0,3,0,0,0,226
6663,太洋テクノレックス,スタンダード（内国株式）,電気機器,6,1,0,0,6,0,0,0,0,0,0,0,0,0,306
6664,オプトエレクトロニクス,スタンダード（内国株式）,電気機器,,,0,0,0,0,0,0,0,0,0,0,0,0,264
6666,リバーエレテック,スタンダード（内国株式）,電気機器,10,2,0,0,0,0,0,5,0,0,0,0,0,5,849
6668,アドテック　プラズマ　テクノロジー,スタンダード（内国株式）,電気機器,27,2,0,0,0,0,13.5,0,0,0,0,0,13.5,0,4940
6674,ジーエス・ユアサ　コーポレーション,プライム（内国株式）,電気機器,90,2,0,0,0,0,0,45,0,0,0,0,0,45,5708
6675,サクサ,スタンダード（内国株式）,電気機器,305,2,0,0,0,0,0,152.5,0,0,0,0,0,152.5,2089
6676,ＢＵＦＦＡＬＯ,スタンダード（内国株式）,電気機器,120,2,0,0,0,0,0,60,0,0,0,0,0,60,3495
6677,エスケーエレクトロニクス,スタンダード（内国株式）,電気機器,130,1,0,0,0,0,0,0,0,0,0,0,0,130,3135
6678,テクノメディカ,スタンダード（内国株式）,電気機器,129,1,0,0,0,0,0,129,0,0,0,0,0,0,1978
6694,ズーム,スタンダード（内国株式）,電気機器,32,1,0,0,32,0,0,0,0,0,0,0,0,0,825
6696,トラース・オン・プロダクト,グロース（内国株式）,電気機器,,,0,0,0,0,0,0,0,0,0,0,0,0,301
6699,ダイヤモンドエレクトリックホールディングス,スタンダード（内国株式）,電気機器,25,2,0,0,0,0,0,12.5,0,0,0,0,0,12.5,483
6701,日本電気,プライム（内国株式）,電気機器,25.2,2,0,0,0,0,0,12.6,0,0,0,0,0,12.6,5050
6702,富士通,プライム（内国株式）,電気機器,50,2,0,0,0,0,0,25,0,0,0,0,0,25,4127
6703,沖電気工業,プライム（内国株式）,電気機器,65,1,0,0,0,0,0,65,0,0,0,0,0,0,2750
6706,電気興業,プライム（内国株式）,電気機器,100,2,0,0,0,0,0,50,0,0,0,0,0,50,3325
6707,サンケン電気,プライム（内国株式）,電気機器,15,2,0,0,0,0,0,7.5,0,0,0,0,0,7.5,7090
6718,アイホン,プライム（内国株式）,電気機器,130,2,0,0,0,0,0,65,0,0,0,0,0,65,2695
6721,ウインテスト,スタンダード（内国株式）,電気機器,,,0,0,0,0,0,0,0,0,0,0,0,0,65
6723,ルネサスエレクトロニクス,プライム（内国株式）,電気機器,28,1,0,0,28,0,0,0,0,0,0,0,0,0,3924
6724,セイコーエプソン,プライム（内国株式）,電気機器,74,2,0,0,0,0,0,37,0,0,0,0,0,37,3366
6727,ワコム,プライム（内国株式）,電気機器,26,2,0,0,0,0,0,13,0,0,0,0,0,13,852
6728,アルバック,プライム（内国株式）,電気機器,164,1,0,0,0,0,0,0,0,0,164,0,0,0,8376
6730,アクセル,スタンダード（内国株式）,電気機器,57,1,0,0,0,0,0,57,0,0,0,0,0,0,1688
6731,ピクセラ,スタンダード（内国株式）,電気機器,,,0,0,0,0,0,0,0,0,0,0,0,0,95
6736,サン電子,スタンダード（内国株式）,電気機器,50,1,0,0,0,0,0,50,0,0,0,0,0,0,9810
6737,ＥＩＺＯ,プライム（内国株式）,電気機器,110,2,0,0,0,0,0,55,0,0,0,0,0,55,3205
6740,ジャパンディスプレイ,プライム（内国株式）,電気機器,,,0,0,0,0,0,0,0,0,0,0,0,0,41
6741,日本信号,プライム（内国株式）,電気機器,56,2,0,0,0,0,0,28,0,0,0,0,0,28,1829
6742,京三製作所,プライム（内国株式）,電気機器,25,2,0,0,0,0,0,12.5,0,0,0,0,0,12.5,1179
6743,大同信号,スタンダード（内国株式）,電気機器,35,1,0,0,0,0,0,35,0,0,0,0,0,0,1065
6744,能美防災,プライム（内国株式）,電気機器,116,2,0,0,0,0,0,58,0,0,0,0,0,58,3990
6745,ホーチキ,プライム（内国株式）,電気機器,120,2,0,0,0,0,0,60,0,0,0,0,0,60,1965
6748,星和電機,スタンダード（内国株式）,電気機器,20,1,0,0,20,0,0,0,0,0,0,0,0,0,779
6750,エレコム,プライム（内国株式）,電気機器,57,2,0,0,0,0,0,28.5,0,0,0,0,0,28.5,2000
6752,パナソニック　ホールディングス,プライム（内国株式）,電気機器,40,2,0,0,0,0,0,20,0,0,0,0,0,20,4668
6753,シャープ,プライム（内国株式）,電気機器,40,1,0,0,0,0,0,40,0,0,0,0,0,0,630.099976
6754,アンリツ,プライム（内国株式）,電気機器,50,2,0,0,0,0,0,25,0,0,0,0,0,25,3663
6757,ＯＳＧコーポレーション,スタンダード（内国株式）,電気機器,40,1,0,0,0,40,0,0,0,0,0,0,0,0,918
6758,ソニーグループ,プライム（内国株式）,電気機器,25,2,0,0,0,0,0,12.5,0,0,0,0,0,12.5,3743
6762,ＴＤＫ,プライム（内国株式）,電気機器,36,2,0,0,0,0,0,18,0,0,0,0,0,18,3530
6763,帝国通信工業,プライム（内国株式）,電気機器,100,2,0,0,0,0,0,50,0,0,0,0,0,50,2857
6768,タムラ製作所,プライム（内国株式）,電気機器,13,2,0,0,0,0,0,6.5,0,0,0,0,0,6.5,973
6769,ザインエレクトロニクス,スタンダード（内国株式）,電気機器,15,1,0,0,15,0,0,0,0,0,0,0,0,0,1250
6770,アルプスアルパイン,プライム（内国株式）,電気機器,62,2,0,0,0,0,0,31,0,0,0,0,0,31,2228
6771,池上通信機,スタンダード（内国株式）,電気機器,15,1,0,0,0,0,0,15,0,0,0,0,0,0,678
6772,東京コスモス電機,スタンダード（内国株式）,電気機器,40,1,0,0,0,0,0,40,0,0,0,0,0,0,1000
6775,ＴＢグループ,スタンダード（内国株式）,電気機器,,,0,0,0,0,0,0,0,0,0,0,0,0,135
6776,天昇電気工業,スタンダード（内国株式）,化学,5,1,0,0,0,0,0,5,0,0,0,0,0,0,290
6777,ｓａｎｔｅｃ　Ｈｏｌｄｉｎｇｓ,スタンダード（内国株式）,電気機器,210,2,0,0,0,0,0,105,0,0,0,0,0,105,25300
6778,アルチザネットワークス,スタンダード（内国株式）,電気機器,20,1,0,0,0,0,0,0,0,0,0,20,0,0,626
6779,日本電波工業,プライム（内国株式）,電気機器,30,2,0,0,0,0,0,15,0,0,0,0,0,15,3635
6785,鈴木,プライム（内国株式）,電気機器,85,2,0,0,42.5,0,0,0,0,0,42.5,0,0,0,3570
6786,ＲＶＨ,スタンダード（内国株式）,サービス業,,,0,0,0,0,0,0,0,0,0,0,0,0,46
6787,メイコー,プライム（内国株式）,電気機器,115,2,0,0,0,0,0,57.5,0,0,0,0,0,57.5,26900
6788,日本トリム,プライム（内国株式）,電気機器,130,1,0,0,0,0,0,130,0,0,0,0,0,0,5250
6794,フォスター電機,プライム（内国株式）,電気機器,80,2,0,0,0,0,0,40,0,0,0,0,0,40,3505
6797,名古屋電機工業,スタンダード（内国株式）,電気機器,45,1,0,0,0,0,0,45,0,0,0,0,0,0,1220
6798,ＳＭＫ,プライム（内国株式）,電気機器,100,2,0,0,0,0,0,50,0,0,0,0,0,50,3370
6800,ヨコオ,プライム（内国株式）,電気機器,56,2,0,0,0,0,0,28,0,0,0,0,0,28,4840
6803,ティアック,スタンダード（内国株式）,電気機器,1,1,0,0,0,0,0,1,0,0,0,0,0,0,96
6804,ホシデン,プライム（内国株式）,電気機器,98,2,0,0,0,0,0,49,0,0,0,0,0,49,2432
6806,ヒロセ電機,プライム（内国株式）,電気機器,505,2,0,0,0,0,0,252.5,0,0,0,0,0,252.5,25795
6807,日本航空電子工業,プライム（内国株式）,電気機器,60,2,0,0,0,0,0,30,0,0,0,0,0,30,2777
6809,ＴＯＡ,プライム（内国株式）,電気機器,90,2,0,0,0,0,0,45,0,0,0,0,0,45,1728
6810,マクセル,プライム（内国株式）,電気機器,50,2,0,0,0,0,0,25,0,0,0,0,0,25,2633
6814,古野電気,プライム（内国株式）,電気機器,160,2,0,0,0,0,80,0,0,0,0,0,80,0,8430
6817,スミダコーポレーション,プライム（内国株式）,電気機器,53,1,0,0,53,0,0,0,0,0,0,0,0,0,1289
6819,伊豆シャボテンリゾート,スタンダード（内国株式）,サービス業,20,1,0,0,0,0,0,20,0,0,0,0,0,0,466
6820,アイコム,プライム（内国株式）,電気機器,75,2,0,0,0,0,0,37.5,0,0,0,0,0,37.5,3405
6822,大井電気,スタンダード（内国株式）,電気機器,70,2,0,0,0,0,0,35,0,0,0,0,0,35,5000
6823,リオン,プライム（内国株式）,電気機器,85,2,0,0,0,0,0,42.5,0,0,0,0,0,42.5,3545
6824,新コスモス電機,スタンダード（内国株式）,電気機器,95,1,0,0,0,0,0,95,0,0,0,0,0,0,3855
6832,アオイ電子,スタンダード（内国株式）,電気機器,54,2,0,0,0,0,0,27,0,0,0,0,0,27,2846
6834,精工技研,スタンダード（内国株式）,電気機器,20,2,0,0,0,0,0,10,0,0,0,0,0,10,7270
6835,アライドテレシスホールディングス,スタンダード（内国株式）,電気機器,8,1,0,0,8,0,0,0,0,0,0,0,0,0,289
6836,ぷらっとホーム,スタンダード（内国株式）,電気機器,,,0,0,0,0,0,0,0,0,0,0,0,0,908
6837,京写,スタンダード（内国株式）,電気機器,5,1,0,0,0,0,0,5,0,0,0,0,0,0,441
6838,多摩川ホールディングス,スタンダード（内国株式）,電気機器,5,1,5,0,0,0,0,0,0,0,0,0,0,0,1465
6840,ＡＫＩＢＡホールディングス,スタンダード（内国株式）,電気機器,,,0,0,0,0,0,0,0,0,0,0,0,0,864
6841,横河電機,プライム（内国株式）,電気機器,78,2,0,0,0,0,0,39,0,0,0,0,0,39,4667
6844,新電元工業,プライム（内国株式）,電気機器,100,1,0,0,0,0,0,100,0,0,0,0,0,0,3105
6845,アズビル,プライム（内国株式）,電気機器,32,2,0,0,0,0,0,16,0,0,0,0,0,16,1492.5
6848,東亜ディーケーケー,スタンダード（内国株式）,電気機器,22,1,0,0,0,0,0,22,0,0,0,0,0,0,845
6849,日本光電工業,プライム（内国株式）,電気機器,32,2,0,0,0,0,0,16,0,0,0,0,0,16,1629.5
6850,チノー,プライム（内国株式）,電気機器,40,2,0,0,0,0,0,20,0,0,0,0,0,20,1816
6853,共和電業,スタンダード（内国株式）,電気機器,21,2,0,0,10.5,0,0,0,0,0,10.5,0,0,0,793
6855,日本電子材料,スタンダード（内国株式）,電気機器,80,2,0,0,0,0,0,40,0,0,0,0,0,40,8590
6856,堀場製作所,プライム（内国株式）,電気機器,450,2,0,0,225,0,0,0,0,0,225,0,0,0,26140
6857,アドバンテスト,プライム（内国株式）,電気機器,59,2,0,0,0,0,0,29.5,0,0,0,0,0,29.5,41290
6858,小野測器,スタンダード（内国株式）,電気機器,22,2,0,0,11,0,0,0,0,0,11,0,0,0,878
6859,エスペック,プライム（内国株式）,電気機器,115,2,0,0,0,0,0,57.5,0,0,0,0,0,57.5,4460
6861,キーエンス,プライム（内国株式）,電気機器,550,2,0,0,0,0,0,275,0,0,0,0,0,275,81560
6862,ミナトホールディングス,スタンダード（内国株式）,電気機器,18,1,0,0,0,0,0,18,0,0,0,0,0,0,5240
6863,ニレコ,スタンダード（内国株式）,電気機器,29.666667,2,0,0,0,0,0,14.833333,0,0,0,0,0,14.833333,1098
6864,エヌエフホールディングス,スタンダード（内国株式）,電気機器,36,1,0,0,0,0,0,36,0,0,0,0,0,0,1577
6866,日置電機,プライム（内国株式）,電気機器,200,2,0,0,100,0,0,0,0,0,100,0,0,0,11570
6867,リーダー電子,スタンダード（内国株式）,電気機器,15,1,0,0,0,0,0,15,0,0,0,0,0,0,409
6869,シスメックス,プライム（内国株式）,電気機器,38,2,0,0,0,0,0,19,0,0,0,0,0,19,1899
6870,日本フェンオール,スタンダード（内国株式）,電気機器,76,2,0,0,38,0,0,0,0,0,38,0,0,0,2138
6871,日本マイクロニクス,プライム（内国株式）,電気機器,95,1,0,0,95,0,0,0,0,0,0,0,0,0,16760
6874,協立電機,スタンダード（内国株式）,電気機器,140,1,0,0,0,0,0,0,0,0,140,0,0,0,2357
6875,メガチップス,プライム（内国株式）,電気機器,250,1,0,0,0,0,0,250,0,0,0,0,0,0,11270
6877,ＯＢＡＲＡ　ＧＲＯＵＰ,スタンダード（内国株式）,電気機器,150,2,0,0,0,0,0,75,0,0,0,0,0,75,6500
6882,三社電機製作所,スタンダード（内国株式）,電気機器,40,2,0,0,0,0,0,20,0,0,0,0,0,20,1198
6888,アクモス,スタンダード（内国株式）,情報・通信業,25,1,0,0,0,0,0,0,0,0,25,0,0,0,530
6890,フェローテック,スタンダード（内国株式）,電気機器,148,2,0,0,0,0,0,74,0,0,0,0,0,74,12170
6894,パルステック工業,スタンダード（内国株式）,電気機器,85,1,0,0,0,0,0,85,0,0,0,0,0,0,2154
6897,ツインバード,スタンダード（内国株式）,電気機器,13,2,0,0,0,0,6.5,0,0,0,0,0,6.5,0,555
6898,トミタ電機,スタンダード（内国株式）,電気機器,,,0,0,0,0,0,0,0,0,0,0,0,0,4950
6899,ＡＳＴＩ,スタンダード（内国株式）,電気機器,80,1,0,0,0,0,0,80,0,0,0,0,0,0,2186
6902,デンソー,プライム（内国株式）,輸送用機器,67,2,0,0,0,0,0,33.5,0,0,0,0,0,33.5,1840.5
6904,原田工業,スタンダード（内国株式）,電気機器,7.5,1,0,0,0,0,0,7.5,0,0,0,0,0,0,933
6905,コーセル,プライム（内国株式）,電気機器,55,2,0,27.5,0,0,0,0,0,27.5,0,0,0,0,1483
6907,ジオマテック,スタンダード（内国株式）,電気機器,,,0,0,0,0,0,0,0,0,0,0,0,0,808
6908,イリソ電子工業,プライム（内国株式）,電気機器,100,1,0,0,0,0,0,100,0,0,0,0,0,0,2883
6912,菊水ホールディングス,スタンダード（内国株式）,電気機器,69,1,0,0,0,0,0,69,0,0,0,0,0,0,2911
6914,オプテックスグループ,プライム（内国株式）,電気機器,56,2,0,0,28,0,0,0,0,0,28,0,0,0,3370
6915,千代田インテグレ,スタンダード（内国株式）,電気機器,160,1,0,0,160,0,0,0,0,0,0,0,0,0,3540
6918,アバールデータ,スタンダード（内国株式）,電気機器,100,2,0,0,0,0,0,50,0,0,0,0,0,50,4435
6919,ケル,スタンダード（内国株式）,電気機器,80,2,0,0,0,0,0,40,0,0,0,0,0,40,1413
6920,レーザーテック,プライム（内国株式）,電気機器,329,2,0,0,164.5,0,0,0,0,0,164.5,0,0,0,46700
6923,スタンレー電気,プライム（内国株式）,電気機器,104,2,0,0,0,0,0,52,0,0,0,0,0,52,3525
6925,ウシオ電機,プライム（内国株式）,電気機器,70,1,0,0,0,0,0,70,0,0,0,0,0,0,4288
6926,岡谷電機産業,スタンダード（内国株式）,電気機器,4,1,0,0,0,0,0,4,0,0,0,0,0,0,196
6927,ヘリオス　テクノ　ホールディング,スタンダード（内国株式）,電気機器,91,1,0,0,0,0,0,91,0,0,0,0,0,0,990
6928,エノモト,スタンダード（内国株式）,電気機器,75,2,0,0,0,0,0,37.5,0,0,0,0,0,37.5,3415
6929,日本セラミック,プライム（内国株式）,電気機器,165,1,0,0,165,0,0,0,0,0,0,0,0,0,3740
6932,遠藤照明,スタンダード（内国株式）,電気機器,88,2,0,0,0,0,0,44,0,0,0,0,0,44,2487
6941,山一電機,プライム（内国株式）,電気機器,148,2,0,0,0,0,0,74,0,0,0,0,0,74,10150
6942,ソフィアホールディングス,スタンダード（内国株式）,情報・通信業,,,0,0,0,0,0,0,0,0,0,0,0,0,1415
6943,ＮＫＫスイッチズ,スタンダード（内国株式）,電気機器,120,2,0,0,0,0,0,60,0,0,0,0,0,60,6390
6946,日本アビオニクス,スタンダード（内国株式）,電気機器,10,1,0,0,0,0,0,10,0,0,0,0,0,0,7320
6947,図研,プライム（内国株式）,電気機器,200,2,0,0,0,0,0,100,0,0,0,0,0,100,5540
6951,日本電子,プライム（内国株式）,電気機器,132,2,0,0,0,0,0,66,0,0,0,0,0,66,8225
6952,カシオ計算機,プライム（内国株式）,電気機器,45,2,0,0,0,0,0,22.5,0,0,0,0,0,22.5,2273
6954,ファナック,プライム（内国株式）,電気機器,107.09,2,0,0,0,0,0,53.545,0,0,0,0,0,53.545,6164
6955,ＦＤＫ,スタンダード（内国株式）,電気機器,,,0,0,0,0,0,0,0,0,0,0,0,0,408
6958,日本シイエムケイ,プライム（内国株式）,電気機器,20,1,0,0,0,0,0,20,0,0,0,0,0,0,825
6960,フクダ電子,スタンダード（内国株式）,電気機器,230,2,0,0,0,0,0,115,0,0,0,0,0,115,11820
6961,エンプラス,プライム（内国株式）,電気機器,90,2,0,0,0,0,0,45,0,0,0,0,0,45,11770
6962,大真空,プライム（内国株式）,電気機器,28,2,0,0,0,0,0,14,0,0,0,0,0,14,900
6963,ローム,プライム（内国株式）,電気機器,50,2,0,0,0,0,0,25,0,0,0,0,0,25,5375
6964,サンコー,スタンダード（内国株式）,電気機器,20,1,0,0,0,0,0,20,0,0,0,0,0,0,695
6965,浜松ホトニクス,プライム（内国株式）,電気機器,38,2,0,0,0,0,0,19,0,0,0,0,0,19,2473
6966,三井ハイテック,プライム（内国株式）,電気機器,18,2,0,0,0,9,0,0,0,0,0,9,0,0,945
6969,松尾電機,スタンダード（内国株式）,電気機器,15,1,0,0,0,0,0,15,0,0,0,0,0,0,1239
6971,京セラ,プライム（内国株式）,電気機器,52,2,0,0,0,0,0,26,0,0,0,0,0,26,3827
6976,太陽誘電,プライム（内国株式）,電気機器,90,2,0,0,0,0,0,45,0,0,0,0,0,45,11460
6977,日本抵抗器製作所,スタンダード（内国株式）,電気機器,25,1,0,0,25,0,0,0,0,0,0,0,0,0,1897
6981,村田製作所,プライム（内国株式）,電気機器,65,2,0,0,0,0,0,32.5,0,0,0,0,0,32.5,8683
6982,リード,スタンダード（内国株式）,輸送用機器,10,1,0,0,0,0,0,10,0,0,0,0,0,0,569
6986,双葉電子工業,プライム（内国株式）,電気機器,18,1,0,0,0,0,0,18,0,0,0,0,0,0,706
6988,日東電工,プライム（内国株式）,化学,60,2,0,0,0,0,0,30,0,0,0,0,0,30,3548
6989,北陸電気工業,スタンダード（内国株式）,電気機器,95,1,0,0,0,0,0,95,0,0,0,0,0,0,2329
6993,大黒屋ホールディングス,スタンダード（内国株式）,小売業,,,0,0,0,0,0,0,0,0,0,0,0,0,87
6994,指月電機製作所,スタンダード（内国株式）,電気機器,24,2,0,0,0,0,0,12,0,0,0,0,0,12,1431
6995,東海理化電機製作所,プライム（内国株式）,輸送用機器,115,2,0,0,0,0,0,57.5,0,0,0,0,0,57.5,3065
6996,ニチコン,プライム（内国株式）,電気機器,37,2,0,0,0,0,0,18.5,0,0,0,0,0,18.5,2742
6997,日本ケミコン,プライム（内国株式）,電気機器,20,1,0,0,0,0,0,20,0,0,0,0,0,0,2355
6998,日本タングステン,スタンダード（内国株式）,電気機器,50,2,0,0,0,0,0,25,0,0,0,0,0,25,4180
6999,ＫＯＡ,プライム（内国株式）,電気機器,32,2,0,0,0,0,0,16,0,0,0,0,0,16,2512
7003,三井Ｅ＆Ｓ,プライム（内国株式）,機械,57,2,0,0,0,0,0,28.5,0,0,0,0,0,28.5,4085
7004,カナデビア,プライム（内国株式）,機械,25,1,0,0,0,0,0,25,0,0,0,0,0,0,1162
7011,三菱重工業,プライム（内国株式）,機械,25,2,0,0,0,0,0,12.5,0,0,0,0,0,12.5,3811
7012,川崎重工業,プライム（内国株式）,輸送用機器,171,2,0,0,0,0,0,85.5,0,0,0,0,0,85.5,2372.5
7013,ＩＨＩ,プライム（内国株式）,機械,80,2,0,0,0,0,0,40,0,0,0,0,0,40,2691
7014,名村造船所,スタンダード（内国株式）,輸送用機器,50,2,0,0,0,0,0,25,0,0,0,0,0,25,4585
7018,内海造船,スタンダード（内国株式）,輸送用機器,100,1,0,0,0,0,0,100,0,0,0,0,0,0,12370
7021,ニッチツ,スタンダード（内国株式）,機械,35,2,0,0,0,0,0,17.5,0,0,0,0,0,17.5,2360
7022,サノヤスホールディングス,スタンダード（内国株式）,機械,7.5,1,0,0,0,0,0,7.5,0,0,0,0,0,0,334
7030,スプリックス,スタンダード（内国株式）,サービス業,38,2,0,0,0,0,0,19,0,0,0,0,0,19,978
7031,インバウンドテック,グロース（内国株式）,サービス業,,,0,0,0,0,0,0,0,0,0,0,0,0,743
7033,マネジメントソリューションズ,プライム（内国株式）,サービス業,32,1,0,0,32,0,0,0,0,0,0,0,0,0,1574
7034,プロレド・パートナーズ,プライム（内国株式）,サービス業,,,0,0,0,0,0,0,0,0,0,0,0,0,316
7035,ａｎｄ　ｆａｃｔｏｒｙ,スタンダード（内国株式）,サービス業,,,0,0,0,0,0,0,0,0,0,0,0,0,220
7036,イーエムネットジャパン,グロース（内国株式）,サービス業,17,2,0,0,8.5,0,0,0,0,0,8.5,0,0,0,662
7037,テノ．ホールディングス,スタンダード（内国株式）,サービス業,10,1,0,0,10,0,0,0,0,0,0,0,0,0,799
7038,フロンティア・マネジメント,プライム（内国株式）,サービス業,41,1,0,0,41,0,0,0,0,0,0,0,0,0,573
7039,ブリッジインターナショナルグループ,グロース（内国株式）,サービス業,85,2,0,0,42.5,0,0,0,0,0,42.5,0,0,0,1360
7040,サン・ライフホールディング,スタンダード（内国株式）,サービス業,34,2,0,0,0,0,0,17,0,0,0,0,0,17,953
7041,ＣＲＧホールディングス,グロース（内国株式）,サービス業,9,1,0,0,0,0,0,0,0,0,0,0,0,9,319
7042,アクセスグループ・ホールディングス,スタンダード（内国株式）,サービス業,17,1,0,0,0,0,0,17,0,0,0,0,0,0,675
7043,アルー,グロース（内国株式）,サービス業,7,1,0,0,7,0,0,0,0,0,0,0,0,0,936
7044,ピアラ,スタンダード（内国株式）,サービス業,5,1,0,0,5,0,0,0,0,0,0,0,0,0,605
7046,ＴＤＳＥ,グロース（内国株式）,サービス業,10,1,0,0,0,0,0,10,0,0,0,0,0,0,1328
7047,ポート,グロース（内国株式）,サービス業,12,1,0,0,0,0,0,12,0,0,0,0,0,0,2156
7048,ベルトラ,グロース（内国株式）,サービス業,,,0,0,0,0,0,0,0,0,0,0,0,0,139
7049,識学,グロース（内国株式）,サービス業,,,0,0,0,0,0,0,0,0,0,0,0,0,769
7050,フロンティアインターナショナル,グロース（内国株式）,サービス業,99,1,0,0,0,0,0,0,99,0,0,0,0,0,1447
7057,エヌ・シー・エヌ,スタンダード（内国株式）,サービス業,31,1,0,0,0,0,0,31,0,0,0,0,0,0,940
7058,共栄セキュリティーサービス,スタンダード（内国株式）,サービス業,90,1,0,0,0,0,0,90,0,0,0,0,0,0,3055
7059,コプロ・ホールディングス,プライム（内国株式）,サービス業,27.5,2,0,0,0,0,0,13.75,0,0,0,0,0,13.75,915
7060,ギークス,スタンダード（内国株式）,サービス業,30,2,0,0,0,0,0,15,0,0,0,0,0,15,600
7061,日本ホスピスホールディングス,グロース（内国株式）,サービス業,25,1,0,0,25,0,0,0,0,0,0,0,0,0,468
7062,フレアス,グロース（内国株式）,サービス業,10.57,1,0,0,0,0,0,10.57,0,0,0,0,0,0,690
7063,Ｂｉｒｄｍａｎ,グロース（内国株式）,サービス業,,,0,0,0,0,0,0,0,0,0,0,0,0,54
7064,ハウテレビジョン,スタンダード（内国株式）,サービス業,,,0,0,0,0,0,0,0,0,0,0,0,0,985
7065,ユーピーアール,スタンダード（内国株式）,サービス業,25,1,0,0,0,0,0,0,0,0,0,0,25,0,933
7066,ピアズ,グロース（内国株式）,サービス業,16,1,0,0,0,0,0,0,0,0,0,0,0,16,449
7067,ブランディングテクノロジー,グロース（内国株式）,サービス業,10,1,0,0,0,0,0,10,0,0,0,0,0,0,1090
7068,フィードフォースグループ,グロース（内国株式）,サービス業,10,2,0,5,0,0,0,0,0,5,0,0,0,0,573
7069,サイバー・バズ,グロース（内国株式）,サービス業,,,0,0,0,0,0,0,0,0,0,0,0,0,492
7071,アンビスホールディングス,プライム（内国株式）,サービス業,4,1,0,0,0,0,0,0,0,0,0,0,0,4,382
7072,インティメート・マージャー,グロース（内国株式）,サービス業,,,0,0,0,0,0,0,0,0,0,0,0,0,1120
7073,ジェイック,グロース（内国株式）,サービス業,55,1,0,0,0,55,0,0,0,0,0,0,0,0,2364
7074,トゥエンティーフォーセブンホールディングス,グロース（内国株式）,サービス業,,,0,0,0,0,0,0,0,0,0,0,0,0,187
7075,ＱＬＳホールディングス,グロース（内国株式）,サービス業,10,1,0,0,0,0,0,10,0,0,0,0,0,0,1007
7077,ＡＬｉＮＫインターネット,グロース（内国株式）,サービス業,,,0,0,0,0,0,0,0,0,0,0,0,0,991
7078,ＩＮＣＬＵＳＩＶＥ　Ｈｏｌｄｉｎｇｓ,グロース（内国株式）,サービス業,,,0,0,0,0,0,0,0,0,0,0,0,0,338
7079,ＷＤＢココ,グロース（内国株式）,サービス業,95,1,0,0,0,0,0,95,0,0,0,0,0,0,2592
7080,スポーツフィールド,グロース（内国株式）,サービス業,21,1,0,0,21,0,0,0,0,0,0,0,0,0,893
7081,コーユーレンティア,スタンダード（内国株式）,サービス業,31,2,0,0,15.5,0,0,0,0,0,15.5,0,0,0,1299
7083,ＡＨＣグループ,グロース（内国株式）,サービス業,12,1,0,12,0,0,0,0,0,0,0,0,0,0,1446
7084,Ｓｍｉｌｅ　Ｈｏｌｄｉｎｇｓ,グロース（内国株式）,サービス業,95,2,0,0,0,0,0,47.5,0,0,0,0,0,47.5,2781
7085,カーブスホールディングス,プライム（内国株式）,サービス業,17,2,0,0,0,0,8.5,0,0,0,0,0,8.5,0,926
7087,ウイルテック,スタンダード（内国株式）,サービス業,43,2,0,0,0,0,0,21.5,0,0,0,0,0,21.5,1361
7089,フォースタートアップス,グロース（内国株式）,サービス業,,,0,0,0,0,0,0,0,0,0,0,0,0,1569
7090,リグア,グロース（内国株式）,サービス業,,,0,0,0,0,0,0,0,0,0,0,0,0,882
7091,リビングプラットフォーム,グロース（内国株式）,サービス業,5,1,0,0,0,0,0,5,0,0,0,0,0,0,1163
7093,アディッシュ,グロース（内国株式）,サービス業,,,0,0,0,0,0,0,0,0,0,0,0,0,664
7094,ＮｅｘＴｏｎｅ,グロース（内国株式）,サービス業,20,1,0,0,0,0,0,20,0,0,0,0,0,0,1823
7095,Ｍａｃｂｅｅ　Ｐｌａｎｅｔ,プライム（内国株式）,サービス業,9,2,4.5,0,0,0,0,0,4.5,0,0,0,0,0,1125
7096,ステムセル研究所,グロース（内国株式）,サービス業,25,2,0,0,0,0,0,12.5,0,0,0,0,0,12.5,753
7097,さくらさくプラス,グロース（内国株式）,サービス業,24,2,0,0,0,12,0,0,0,0,0,12,0,0,2786
7102,日本車輌製造,プライム（内国株式）,輸送用機器,45,2,0,0,0,0,0,22.5,0,0,0,0,0,22.5,3490
7110,クラシコム,グロース（内国株式）,小売業,48,1,0,0,0,0,0,0,0,0,0,48,0,0,1818
7111,ＩＮＥＳＴ,スタンダード（内国株式）,卸売業,,,0,0,0,0,0,0,0,0,0,0,0,0,590
7112,キューブ,グロース（内国株式）,小売業,,,0,0,0,0,0,0,0,0,0,0,0,0,550
7114,フーディソン,グロース（内国株式）,卸売業,,,0,0,0,0,0,0,0,0,0,0,0,0,797
7115,アルファパーチェス,スタンダード（内国株式）,卸売業,37,1,0,0,37,0,0,0,0,0,0,0,0,0,1423
7119,ハルメクホールディングス,グロース（内国株式）,小売業,34,2,0,0,0,0,0,17,0,0,0,0,0,17,1896
7120,ＳＨＩＮＫＯ,スタンダード（内国株式）,卸売業,43,1,0,0,0,0,0,43,0,0,0,0,0,0,956
7122,近畿車輛,スタンダード（内国株式）,輸送用機器,50,1,0,0,0,0,0,50,0,0,0,0,0,0,2340
7126,グローバルスタイル,スタンダード（内国株式）,小売業,33,1,0,0,0,0,0,0,0,0,0,33,0,0,1438
7127,一家ホールディングス,スタンダード（内国株式）,小売業,,,0,0,0,0,0,0,0,0,0,0,0,0,689
7128,ユニソルホールディングス,プライム（内国株式）,卸売業,101,2,0,0,50.5,0,0,0,0,0,50.5,0,0,0,2911
7129,ミアヘルサホールディングス,スタンダード（内国株式）,小売業,30,2,0,0,0,0,0,15,0,0,0,0,0,15,1111
7130,ヤマエグループホールディングス,プライム（内国株式）,卸売業,80,1,0,0,0,0,0,80,0,0,0,0,0,0,2629
7131,のむら産業,スタンダード（内国株式）,卸売業,89,1,89,0,0,0,0,0,0,0,0,0,0,0,3730
7133,ＨＹＵＧＡ　ＰＲＩＭＡＲＹ　ＣＡＲＥ,グロース（内国株式）,小売業,20,1,0,0,0,0,0,20,0,0,0,0,0,0,2105
7134,アップガレージグループ,スタンダード（内国株式）,小売業,36.5,1,0,0,0,0,0,36.5,0,0,0,0,0,0,1446
7135,ジャパンクラフトホールディングス,スタンダード（内国株式）,小売業,3,1,0,0,0,0,0,0,0,0,3,0,0,0,169
7138,ＴＯＲＩＣＯ,グロース（内国株式）,小売業,,,0,0,0,0,0,0,0,0,0,0,0,0,140
7140,ペットゴー,グロース（内国株式）,小売業,,,0,0,0,0,0,0,0,0,0,0,0,0,800
7148,ＦＰＧ,プライム（内国株式）,証券、商品先物取引業,130.4,2,0,0,0,0,0,65.2,0,0,0,0,0,65.2,1600
7150,島根銀行,スタンダード（内国株式）,銀行業,10,2,0,0,0,0,0,5,0,0,0,0,0,5,506
7157,ライフネット生命保険,プライム（内国株式）,保険業,,,0,0,0,0,0,0,0,0,0,0,0,0,1503
7161,じもとホールディングス,スタンダード（内国株式）,銀行業,5,1,0,0,0,0,0,5,0,0,0,0,0,0,691
7162,アストマックス,スタンダード（内国株式）,電気・ガス業,8,1,0,0,0,0,0,8,0,0,0,0,0,0,294
7164,全国保証,プライム（内国株式）,その他金融業,97.5,2,0,0,0,0,0,48.75,0,0,0,0,0,48.75,3016
7167,めぶきフィナンシャルグループ,プライム（内国株式）,銀行業,28,2,0,0,0,0,0,14,0,0,0,0,0,14,1692.5
7172,ジャパンインベストメントアドバイザー,プライム（内国株式）,証券、商品先物取引業,87,2,0,0,43.5,0,0,0,0,0,43.5,0,0,0,2133
7173,東京きらぼしフィナンシャルグループ,プライム（内国株式）,銀行業,170,2,0,0,0,0,0,85,0,0,0,0,0,85,1706
7175,今村証券,スタンダード（内国株式）,証券、商品先物取引業,73,2,0,0,0,0,0,36.5,0,0,0,0,0,36.5,1903
7177,ＧＭＯフィナンシャルホールディングス,スタンダード（内国株式）,証券、商品先物取引業,57.58,1,0,0,57.58,0,0,0,0,0,0,0,0,0,1141
7180,九州フィナンシャルグループ,プライム（内国株式）,銀行業,29,2,0,0,0,0,0,14.5,0,0,0,0,0,14.5,1713.5
7181,かんぽ生命保険,プライム（内国株式）,保険業,124,2,0,0,0,0,0,62,0,0,0,0,0,62,1704.5
7182,ゆうちょ銀行,プライム（内国株式）,銀行業,74,1,0,0,0,0,0,74,0,0,0,0,0,0,3364
7183,あんしん保証,スタンダード（内国株式）,その他金融業,3,1,0,0,0,0,0,3,0,0,0,0,0,0,256
7184,富山第一銀行,プライム（内国株式）,銀行業,84,2,0,0,0,0,0,42,0,0,0,0,0,42,3765
7185,ヒロセ通商,スタンダード（内国株式）,証券、商品先物取引業,39,1,0,0,0,0,0,39,0,0,0,0,0,0,3670
7186,横浜フィナンシャルグループ,プライム（内国株式）,銀行業,38,2,0,0,0,0,0,19,0,0,0,0,0,19,1882
7187,ジェイリース,プライム（内国株式）,その他金融業,55,2,0,0,0,0,0,27.5,0,0,0,0,0,27.5,1333
7189,西日本フィナンシャルホールディングス,プライム（内国株式）,銀行業,118,2,0,0,0,0,0,59,0,0,0,0,0,59,4935
7191,イントラスト,スタンダード（内国株式）,その他金融業,38,2,0,0,0,0,0,19,0,0,0,0,0,19,1152
7192,日本モーゲージサービス,スタンダード（内国株式）,その他金融業,30,1,0,0,0,0,0,30,0,0,0,0,0,0,674
7196,Ｃａｓａ,スタンダード（内国株式）,その他金融業,15,1,0,0,0,15,0,0,0,0,0,0,0,0,734
7198,ＳＢＩアルヒ,プライム（内国株式）,その他金融業,40,2,0,0,0,0,0,20,0,0,0,0,0,20,774
7199,プレミアグループ,プライム（内国株式）,その他金融業,54,2,0,0,0,0,0,27,0,0,0,0,0,27,2133
7201,日産自動車,プライム（内国株式）,輸送用機器,20,2,0,0,0,0,0,10,0,0,0,0,0,10,285.100006
7202,いすゞ自動車,プライム（内国株式）,輸送用機器,92,2,0,0,0,0,0,46,0,0,0,0,0,46,2105.5
7203,トヨタ自動車,プライム（内国株式）,輸送用機器,95,2,0,0,0,0,0,47.5,0,0,0,0,0,47.5,2900.5
7208,カネミツ,スタンダード（内国株式）,輸送用機器,36.5,2,0,0,0,0,0,18.25,0,0,0,0,0,18.25,1228
7211,三菱自動車工業,プライム（内国株式）,輸送用機器,10,2,0,0,0,0,0,5,0,0,0,0,0,5,342
7212,エフテック,スタンダード（内国株式）,輸送用機器,24,2,0,0,0,0,0,12,0,0,0,0,0,12,734
7213,レシップホールディングス,スタンダード（内国株式）,輸送用機器,24,1,0,0,0,0,0,24,0,0,0,0,0,0,647
7214,ＧＭＢ,スタンダード（内国株式）,輸送用機器,40,2,0,0,0,0,0,20,0,0,0,0,0,20,1141
7215,ファルテック,スタンダード（内国株式）,輸送用機器,,,0,0,0,0,0,0,0,0,0,0,0,0,409
7217,テイン,スタンダード（内国株式）,輸送用機器,16,1,0,0,0,0,0,16,0,0,0,0,0,0,456
7218,田中精密工業,スタンダード（内国株式）,輸送用機器,32,2,0,0,0,0,0,16,0,0,0,0,0,16,1149
7219,エッチ・ケー・エス,スタンダード（内国株式）,輸送用機器,65,1,0,0,0,0,0,0,0,0,0,0,65,0,2510
7220,武蔵精密工業,プライム（内国株式）,輸送用機器,40,2,0,0,0,0,0,20,0,0,0,0,0,20,3090
7222,日産車体,スタンダード（内国株式）,輸送用機器,15.5,2,0,0,0,0,0,7.75,0,0,0,0,0,7.75,901
7224,新明和工業,プライム（内国株式）,輸送用機器,56,2,0,0,0,0,0,28,0,0,0,0,0,28,1874
7226,極東開発工業,プライム（内国株式）,輸送用機器,140,2,0,0,0,0,0,70,0,0,0,0,0,70,2158
7228,デイトナ,スタンダード（内国株式）,輸送用機器,135,1,0,0,135,0,0,0,0,0,0,0,0,0,4010
7231,トピー工業,プライム（内国株式）,輸送用機器,130,2,0,0,0,0,0,65,0,0,0,0,0,65,2994
7235,東京ラヂエーター製造,スタンダード（内国株式）,輸送用機器,65,2,0,0,0,0,0,32.5,0,0,0,0,0,32.5,1537
7236,ティラド,プライム（内国株式）,輸送用機器,560,2,0,0,0,0,0,280,0,0,0,0,0,280,1483
7238,曙ブレーキ工業,プライム（内国株式）,輸送用機器,5,2,0,0,0,0,0,2.5,0,0,0,0,0,2.5,105
7239,タチエス,プライム（内国株式）,輸送用機器,105,2,0,0,0,0,0,52.5,0,0,0,0,0,52.5,2290
7241,フタバ産業,プライム（内国株式）,輸送用機器,43,2,0,0,0,0,0,21.5,0,0,0,0,0,21.5,1046
7242,カヤバ,プライム（内国株式）,輸送用機器,52,2,0,0,0,0,0,26,0,0,0,0,0,26,1569
7244,市光工業,プライム（内国株式）,電気機器,14,2,0,0,7,0,0,0,0,0,7,0,0,0,550
7245,大同メタル工業,プライム（内国株式）,輸送用機器,31,2,0,0,0,0,0,15.5,0,0,0,0,0,15.5,1297
7246,プレス工業,プライム（内国株式）,輸送用機器,37,2,0,0,0,0,0,18.5,0,0,0,0,0,18.5,979
7247,ミクニ,スタンダード（内国株式）,輸送用機器,14,2,0,0,0,0,0,7,0,0,0,0,0,7,363
7254,ユニバンス,スタンダード（内国株式）,輸送用機器,18,2,0,0,0,0,0,9,0,0,0,0,0,9,800
7255,桜井製作所,スタンダード（内国株式）,輸送用機器,15,1,0,0,0,0,0,15,0,0,0,0,0,0,530
7256,河西工業,スタンダード（内国株式）,輸送用機器,,,0,0,0,0,0,0,0,0,0,0,0,0,454
7259,アイシン,プライム（内国株式）,輸送用機器,70,2,0,0,0,0,0,35,0,0,0,0,0,35,2218.5
7261,マツダ,プライム（内国株式）,輸送用機器,55,2,0,0,0,0,0,27.5,0,0,0,0,0,27.5,1077
7264,ムロコーポレーション,スタンダード（内国株式）,輸送用機器,46,2,0,0,0,0,0,23,0,0,0,0,0,23,1320
7265,エイケン工業,スタンダード（内国株式）,輸送用機器,110,1,110,0,0,0,0,0,0,0,0,0,0,0,3505
7266,今仙電機製作所,スタンダード（内国株式）,輸送用機器,27,2,0,0,0,0,0,13.5,0,0,0,0,0,13.5,963
7267,本田技研工業,プライム（内国株式）,輸送用機器,70,1,0,0,0,0,0,70,0,0,0,0,0,0,1683.5
7269,スズキ,プライム（内国株式）,輸送用機器,46,2,0,0,0,0,0,23,0,0,0,0,0,23,2039.5
7270,ＳＵＢＡＲＵ,プライム（内国株式）,輸送用機器,115.5,2,0,0,0,0,0,57.75,0,0,0,0,0,57.75,2539.5
7271,安永,スタンダード（内国株式）,輸送用機器,23,2,0,0,0,0,0,11.5,0,0,0,0,0,11.5,809
7272,ヤマハ発動機,プライム（内国株式）,輸送用機器,35,2,0,0,17.5,0,0,0,0,0,17.5,0,0,0,1832.5
7273,イクヨ,スタンダード（内国株式）,輸送用機器,33,2,0,0,0,0,0,16.5,0,0,0,0,0,16.5,572
7276,小糸製作所,プライム（内国株式）,電気機器,56,2,0,0,0,0,0,28,0,0,0,0,0,28,2752
7277,ＴＢＫ,スタンダード（内国株式）,輸送用機器,8,2,0,0,0,0,0,4,0,0,0,0,0,4,328
7278,エクセディ,プライム（内国株式）,輸送用機器,300,2,0,0,0,0,0,150,0,0,0,0,0,150,5780
7279,ハイレックスコーポレーション,スタンダード（内国株式）,輸送用機器,46,2,23,0,0,0,0,0,23,0,0,0,0,0,2476
7280,ミツバ,プライム（内国株式）,電気機器,25,1,0,0,0,0,0,25,0,0,0,0,0,0,1303
7282,豊田合成,プライム（内国株式）,輸送用機器,27.6,2,0,0,0,0,0,13.8,0,0,0,0,0,13.8,1074
7283,愛三工業,プライム（内国株式）,輸送用機器,80,2,0,0,0,0,0,40,0,0,0,0,0,40,2140
7284,盟和産業,スタンダード（内国株式）,輸送用機器,50,2,0,0,0,0,0,25,0,0,0,0,0,25,1185
7287,日本精機,スタンダード（内国株式）,輸送用機器,80,2,0,0,0,0,0,40,0,0,0,0,0,40,2825
7291,日本プラスト,スタンダード（内国株式）,輸送用機器,30,2,0,0,0,0,0,15,0,0,0,0,0,15,456
7292,村上開明堂,スタンダード（内国株式）,輸送用機器,240,2,0,0,0,0,0,120,0,0,0,0,0,120,6770
7294,ヨロズ,プライム（内国株式）,輸送用機器,33,2,0,0,0,0,0,16.5,0,0,0,0,0,16.5,838
7296,エフ・シー・シー,プライム（内国株式）,輸送用機器,194,2,0,0,0,0,0,97,0,0,0,0,0,97,4120
7297,カーメイト,スタンダード（内国株式）,輸送用機器,30,2,0,0,0,0,0,15,0,0,0,0,0,15,854
7299,フジオーゼックス,スタンダード（内国株式）,輸送用機器,54,2,0,0,0,0,0,27,0,0,0,0,0,27,1759
7305,新家工業,スタンダード（内国株式）,鉄鋼,320,2,0,0,0,0,0,160,0,0,0,0,0,160,2672
7309,シマノ,プライム（内国株式）,輸送用機器,339,2,0,0,169.5,0,0,0,0,0,169.5,0,0,0,17480
7313,テイ・エス　テック,プライム（内国株式）,輸送用機器,90,2,0,0,0,0,0,45,0,0,0,0,0,45,1753.5
7314,小田原機器,スタンダード（内国株式）,輸送用機器,40,1,0,0,40,0,0,0,0,0,0,0,0,0,1360
7318,セレンディップ・ホールディングス,グロース（内国株式）,輸送用機器,,,0,0,0,0,0,0,0,0,0,0,0,0,1336
7320,Ｓｏｌｖｖｙ,グロース（内国株式）,その他金融業,28,1,0,0,0,0,0,0,0,0,28,0,0,0,1402
7322,三十三フィナンシャルグループ,プライム（内国株式）,銀行業,144,2,0,0,0,0,0,72,0,0,0,0,0,72,2247
7325,アイリックコーポレーション,グロース（内国株式）,保険業,30,1,0,0,0,0,0,0,0,0,30,0,0,0,694
7326,ＳＢＩインシュアランスグループ,グロース（内国株式）,保険業,46.5,1,0,0,0,0,0,46.5,0,0,0,0,0,0,2100
7327,第四北越フィナンシャルグループ,プライム（内国株式）,銀行業,21,2,0,0,0,0,0,10.5,0,0,0,0,0,10.5,2717
7337,ひろぎんホールディングス,プライム（内国株式）,銀行業,58,2,0,0,0,0,0,29,0,0,0,0,0,29,2393
7343,ブロードマインド,グロース（内国株式）,保険業,69,1,0,0,0,0,0,69,0,0,0,0,0,0,1307
7345,アイ・パートナーズフィナンシャル,グロース（内国株式）,その他金融業,4,1,0,0,0,0,0,4,0,0,0,0,0,0,939
7347,マーキュリアホールディングス,プライム（内国株式）,証券、商品先物取引業,22,1,0,0,22,0,0,0,0,0,0,0,0,0,806
7350,おきなわフィナンシャルグループ,プライム（内国株式）,銀行業,170,2,0,0,0,0,0,85,0,0,0,0,0,85,7740
7351,グッドパッチ,グロース（内国株式）,サービス業,10,1,0,0,0,0,0,0,0,0,0,0,10,0,470
7352,ＴＷＯＳＴＯＮＥ＆Ｓｏｎｓ,グロース（内国株式）,サービス業,0.5,1,0,0,0,0,0,0,0,0,0,0,0.5,0,282
7353,ＫＩＹＯラーニング,グロース（内国株式）,サービス業,,,0,0,0,0,0,0,0,0,0,0,0,0,513
7354,ダイレクトマーケティングミックス,スタンダード（内国株式）,サービス業,7,1,0,0,7,0,0,0,0,0,0,0,0,0,362
7356,Ｒｅｔｔｙ,グロース（内国株式）,サービス業,,,0,0,0,0,0,0,0,0,0,0,0,0,111
7357,ジオコード,スタンダード（内国株式）,サービス業,25,2,0,0,0,0,12.5,0,0,0,0,0,12.5,0,1700
7358,ポピンズ,スタンダード（内国株式）,サービス業,45,1,0,0,45,0,0,0,0,0,0,0,0,0,1910
7359,東京通信グループ,グロース（内国株式）,サービス業,,,0,0,0,0,0,0,0,0,0,0,0,0,248
7360,オンデック,グロース（内国株式）,サービス業,,,0,0,0,0,0,0,0,0,0,0,0,0,614
7361,ヒューマンクリエイションホールディングス,グロース（内国株式）,サービス業,27,1,0,0,0,0,0,0,0,0,0,0,0,27,1181
7362,Ｔ．Ｓ．Ｉ,グロース（内国株式）,サービス業,,,0,0,0,0,0,0,0,0,0,0,0,0,852
7363,ベビーカレンダー,グロース（内国株式）,サービス業,,,0,0,0,0,0,0,0,0,0,0,0,0,1355
7366,ＬＩＴＡＬＩＣＯ,プライム（内国株式）,サービス業,11,1,0,0,0,0,0,11,0,0,0,0,0,0,1989
7367,セルム,スタンダード（内国株式）,サービス業,15,2,0,0,0,0,0,7.5,0,0,0,0,0,7.5,328
7368,表示灯,スタンダード（内国株式）,サービス業,62,2,0,0,0,0,0,31,0,0,0,0,0,31,1710
7369,メイホーホールディングス,グロース（内国株式）,サービス業,,,0,0,0,0,0,0,0,0,0,0,0,0,387
7370,Ｅｎｊｉｎ,グロース（内国株式）,サービス業,38,2,0,19,0,0,0,0,0,19,0,0,0,0,709
7371,Ｚｅｎｋｅｎ,グロース（内国株式）,サービス業,13,1,0,0,0,0,0,0,0,0,13,0,0,0,797
7372,デコルテ・ホールディングス,グロース（内国株式）,サービス業,,,0,0,0,0,0,0,0,0,0,0,0,0,427
7373,アイドマ・ホールディングス,グロース（内国株式）,サービス業,30,1,0,0,0,0,0,0,0,0,0,0,30,0,849
7374,コンフィデンス・インターワークス,グロース（内国株式）,サービス業,75,2,0,0,0,0,0,37.5,0,0,0,0,0,37.5,1504
7375,リファインバースグループ,グロース（内国株式）,サービス業,,,0,0,0,0,0,0,0,0,0,0,0,0,1225
7376,ＢＣＣ,グロース（内国株式）,サービス業,,,0,0,0,0,0,0,0,0,0,0,0,0,710
7377,ＤＮホールディングス,スタンダード（内国株式）,サービス業,80,1,0,0,0,0,0,0,0,0,80,0,0,0,1725
7378,アシロ,グロース（内国株式）,サービス業,42.2,1,42.2,0,0,0,0,0,0,0,0,0,0,0,1552
7380,十六フィナンシャルグループ,プライム（内国株式）,銀行業,240,2,0,0,0,0,0,120,0,0,0,0,0,120,2849
7381,ＣＣＩグループ,プライム（内国株式）,銀行業,13.1,2,0,0,0,0,0,6.55,0,0,0,0,0,6.55,1333
7383,ネットプロテクションズホールディングス,プライム（内国株式）,その他金融業,,,0,0,0,0,0,0,0,0,0,0,0,0,369
7384,プロクレアホールディングス,プライム（内国株式）,銀行業,50,2,0,0,0,0,0,25,0,0,0,0,0,25,5830
7388,ＦＰパートナー,プライム（内国株式）,保険業,94,2,0,47,0,0,0,0,0,47,0,0,0,0,2272
7389,あいちフィナンシャルグループ,プライム（内国株式）,銀行業,135,2,0,0,0,0,0,67.5,0,0,0,0,0,67.5,1999
7399,ナンシン,スタンダード（内国株式）,輸送用機器,20,2,0,0,0,0,0,10,0,0,0,0,0,10,619
7409,ＡｅｒｏＥｄｇｅ,グロース（内国株式）,輸送用機器,,,0,0,0,0,0,0,0,0,0,0,0,0,1460
7412,アトム,スタンダード（内国株式）,小売業,2,1,0,0,0,0,0,2,0,0,0,0,0,0,315
7413,創健社,スタンダード（内国株式）,卸売業,20,1,0,0,0,0,0,20,0,0,0,0,0,0,3000
7414,小野建,プライム（内国株式）,卸売業,69,2,0,0,0,0,0,34.5,0,0,0,0,0,34.5,1362
7416,はるやまホールディングス,スタンダード（内国株式）,小売業,15.5,1,0,0,0,0,0,15.5,0,0,0,0,0,0,670
7417,南陽,スタンダード（内国株式）,卸売業,68,2,0,0,0,0,0,34,0,0,0,0,0,34,1702
7419,ノジマ,プライム（内国株式）,小売業,17.67,2,0,0,0,0,0,8.835,0,0,0,0,0,8.835,1246
7421,カッパ・クリエイト,プライム（内国株式）,小売業,5,1,0,0,0,0,0,5,0,0,0,0,0,0,1485
7422,東邦レマック,スタンダード（内国株式）,卸売業,11.4,2,0,0,5.7,0,0,0,0,0,5.7,0,0,0,555
7425,初穂商事,スタンダード（内国株式）,卸売業,77,1,0,0,77,0,0,0,0,0,0,0,0,0,1111
7427,エコートレーディング,スタンダード（内国株式）,卸売業,30,2,0,0,0,0,15,0,0,0,0,0,15,0,826
7433,伯東,プライム（内国株式）,卸売業,66.666667,2,0,0,0,0,0,33.333333,0,0,0,0,0,33.333333,1877
7434,オータケ,スタンダード（内国株式）,卸売業,37,1,0,0,0,0,0,0,0,37,0,0,0,0,1708
7435,ナ・デックス,スタンダード（内国株式）,卸売業,33,2,16.5,0,0,0,0,0,16.5,0,0,0,0,0,1360
7438,コンドーテック,プライム（内国株式）,卸売業,52,2,0,0,0,0,0,26,0,0,0,0,0,26,1620
7442,中山福,スタンダード（内国株式）,卸売業,12,1,0,0,0,0,0,12,0,0,0,0,0,0,475
7443,横浜魚類,スタンダード（内国株式）,卸売業,8,1,0,0,0,0,0,8,0,0,0,0,0,0,680
7444,ハリマ共和物産,スタンダード（内国株式）,卸売業,60,1,0,0,0,0,0,60,0,0,0,0,0,0,1976
7446,東北化学薬品,スタンダード（内国株式）,卸売業,125,1,0,0,0,0,0,0,0,0,0,0,0,125,4300
7447,ナガイレーベン,プライム（内国株式）,卸売業,100,1,0,0,0,0,0,0,0,0,0,0,100,0,1686
7453,良品計画,プライム（内国株式）,小売業,50,2,0,0,0,0,25,0,0,0,0,0,25,0,4379
7456,松田産業,プライム（内国株式）,卸売業,100,2,0,0,0,0,0,50,0,0,0,0,0,50,6700
7458,第一興商,プライム（内国株式）,卸売業,67,2,0,0,0,0,0,33.5,0,0,0,0,0,33.5,1737
7459,メディパルホールディングス,プライム（内国株式）,卸売業,66,2,0,0,0,0,0,33,0,0,0,0,0,33,2941.5
7460,ヤギ,スタンダード（内国株式）,卸売業,156,2,0,0,0,0,0,78,0,0,0,0,0,78,1676
7461,キムラ,スタンダード（内国株式）,卸売業,14,1,0,0,0,0,0,14,0,0,0,0,0,0,470
7462,ＣＡＰＩＴＡ,スタンダード（内国株式）,小売業,16,2,0,0,0,0,0,8,0,0,0,0,0,8,390
7463,アドヴァングループ,スタンダード（内国株式）,小売業,100,2,0,0,0,0,0,50,0,0,0,0,0,50,925
7464,セフテック,スタンダード（内国株式）,卸売業,60,1,0,0,0,0,0,60,0,0,0,0,0,0,1500
7466,ＳＰＫ,プライム（内国株式）,卸売業,73,2,0,0,0,0,0,36.5,0,0,0,0,0,36.5,1450
7472,鳥羽洋行,スタンダード（内国株式）,卸売業,150,1,0,0,0,0,0,150,0,0,0,0,0,0,3815
7475,アルビス,プライム（内国株式）,小売業,70,2,0,0,0,0,0,35,0,0,0,0,0,35,3770
7476,アズワン,プライム（内国株式）,卸売業,65,2,0,0,0,0,0,32.5,0,0,0,0,0,32.5,2478
7477,ムラキ,スタンダード（内国株式）,卸売業,30,2,0,0,0,0,0,15,0,0,0,0,0,15,1600
7480,スズデン,スタンダード（内国株式）,卸売業,111.5,2,0,0,0,0,0,55.75,0,0,0,0,0,55.75,3850
7481,尾家産業,スタンダード（内国株式）,卸売業,102,2,0,0,0,0,0,51,0,0,0,0,0,51,2509
7482,シモジマ,プライム（内国株式）,卸売業,59,2,0,0,0,0,0,29.5,0,0,0,0,0,29.5,1422
7483,ドウシシャ,プライム（内国株式）,卸売業,110,2,0,0,0,0,0,55,0,0,0,0,0,55,2978
7486,サンリン,スタンダード（内国株式）,卸売業,24,1,0,0,0,0,0,24,0,0,0,0,0,0,826
7487,小津産業,スタンダード（内国株式）,卸売業,25,1,0,0,0,0,0,0,0,25,0,0,0,0,1877
7490,日新商事,スタンダード（内国株式）,卸売業,21,2,0,0,0,0,0,10.5,0,0,0,0,0,10.5,2192
7494,コナカ,スタンダード（内国株式）,小売業,10,2,0,0,0,0,0,5,0,0,0,0,0,5,230
7500,西川計測,スタンダード（内国株式）,卸売業,320,1,0,0,0,0,0,0,0,0,320,0,0,0,11290
7501,ティムコ,スタンダード（内国株式）,卸売業,12,1,0,12,0,0,0,0,0,0,0,0,0,0,1403
7502,プラザホールディングス,スタンダード（内国株式）,サービス業,50,1,0,0,0,0,0,50,0,0,0,0,0,0,1669
7504,高速,プライム（内国株式）,卸売業,116,2,0,0,0,0,0,58,0,0,0,0,0,58,4455
7505,扶桑電通,スタンダード（内国株式）,卸売業,174,2,0,0,0,0,0,87,0,0,0,0,0,87,1915
7506,ハウス　オブ　ローゼ,スタンダード（内国株式）,小売業,25,2,0,0,0,0,0,12.5,0,0,0,0,0,12.5,1365
7508,Ｇ‐７ホールディングス,プライム（内国株式）,小売業,70,2,0,0,0,0,0,35,0,0,0,0,0,35,1372
7509,アイエーグループ,スタンダード（内国株式）,小売業,150,2,0,0,0,0,0,75,0,0,0,0,0,75,4645
7510,たけびし,プライム（内国株式）,卸売業,72,2,0,0,0,0,0,36,0,0,0,0,0,36,2905
7512,イオン北海道,スタンダード（内国株式）,小売業,16,1,0,0,0,0,16,0,0,0,0,0,0,0,838
7513,コジマ,プライム（内国株式）,小売業,22,1,0,0,0,0,0,0,0,0,0,0,22,0,1440
7514,ヒマラヤ,スタンダード（内国株式）,小売業,26,2,0,0,0,0,13,0,0,0,0,0,13,0,853
7515,マルヨシセンター,スタンダード（内国株式）,小売業,30,1,0,0,0,0,30,0,0,0,0,0,0,0,4560
7516,コーナン商事,プライム（内国株式）,小売業,130,2,0,0,0,0,65,0,0,0,0,0,65,0,4365
7520,エコス,プライム（内国株式）,小売業,70,1,0,0,0,0,70,0,0,0,0,0,0,0,2487
7521,ムサシ,スタンダード（内国株式）,卸売業,76,2,0,0,0,0,0,38,0,0,0,0,0,38,2660
7522,ワタミ,プライム（内国株式）,小売業,10,1,0,0,0,0,0,10,0,0,0,0,0,0,863
7523,アールビバン,スタンダード（内国株式）,小売業,60,2,0,0,0,0,0,30,0,0,0,0,0,30,1876
7524,マルシェ,スタンダード（内国株式）,小売業,5,2,0,0,0,0,0,2.5,0,0,0,0,0,2.5,183
7525,リックス,プライム（内国株式）,卸売業,157,2,0,0,0,0,0,78.5,0,0,0,0,0,78.5,3505
7527,システムソフト,スタンダード（内国株式）,情報・通信業,2,1,0,0,0,0,0,0,0,0,0,0,0,2,46
7531,清和中央ホールディングス,スタンダード（内国株式）,卸売業,20,1,0,0,20,0,0,0,0,0,0,0,0,0,1337
7532,パン・パシフィック・インターナショナルホールディングス,プライム（内国株式）,小売業,35,2,0,0,17.5,0,0,0,0,0,17.5,0,0,0,679.900024
7537,丸文,プライム（内国株式）,卸売業,50,2,0,0,0,0,0,25,0,0,0,0,0,25,1925
7538,大水,スタンダード（内国株式）,卸売業,7,1,0,0,0,0,0,7,0,0,0,0,0,0,392
7539,アイナボホールディングス,スタンダード（内国株式）,卸売業,20,2,0,0,0,0,0,10,0,0,0,0,0,10,760
7544,スリーエフ,スタンダード（内国株式）,小売業,18,2,0,0,0,0,9,0,0,0,0,0,9,0,558
7545,西松屋チェーン,プライム（内国株式）,小売業,32,2,0,0,0,0,16,0,0,0,0,0,16,0,1931
7550,ゼンショーホールディングス,プライム（内国株式）,小売業,75,2,0,0,0,0,0,37.5,0,0,0,0,0,37.5,11525
75505,ゼンショーホールディングス第１回社債型種類株式,プライム（内国株式）,小売業,,,0,0,0,0,0,0,0,0,0,0,0,0,4900
7551,ウェッズ,スタンダード（内国株式）,輸送用機器,27,2,0,0,0,0,0,13.5,0,0,0,0,0,13.5,650
7552,ハピネット,プライム（内国株式）,卸売業,52.5,2,0,0,0,0,0,26.25,0,0,0,0,0,26.25,5100
7554,幸楽苑,プライム（内国株式）,小売業,10,1,0,0,0,0,0,10,0,0,0,0,0,0,1160
7555,大田花き,スタンダード（内国株式）,卸売業,10,1,0,0,0,0,0,10,0,0,0,0,0,0,733
7561,ハークスレイホールディングス,スタンダード（内国株式）,小売業,28,2,0,0,0,0,0,14,0,0,0,0,0,14,675
7562,安楽亭,スタンダード（内国株式）,小売業,15,1,0,0,0,0,0,15,0,0,0,0,0,0,3735
7564,ワークマン,スタンダード（内国株式）,小売業,89,1,0,0,0,0,0,89,0,0,0,0,0,0,5250
7565,萬世電機,スタンダード（内国株式）,卸売業,200,2,0,0,0,0,0,100,0,0,0,0,0,100,7190
7567,栄電子,スタンダード（内国株式）,卸売業,11,1,0,0,0,0,0,11,0,0,0,0,0,0,667
7570,橋本総業ホールディングス,スタンダード（内国株式）,卸売業,50,2,0,0,0,0,0,25,0,0,0,0,0,25,1357
7571,ヤマノホールディングス,スタンダード（内国株式）,小売業,1.5,1,0,0,0,0,0,1.5,0,0,0,0,0,0,82
7575,日本ライフライン,プライム（内国株式）,卸売業,54,1,0,0,0,0,0,54,0,0,0,0,0,0,1480
7578,ニチリョク,スタンダード（内国株式）,小売業,10,1,0,0,0,0,0,10,0,0,0,0,0,0,65
7581,サイゼリヤ,プライム（内国株式）,小売業,30,1,0,0,0,0,0,0,0,0,0,0,30,0,6650
7585,かんなん丸,スタンダード（内国株式）,小売業,6,1,0,0,0,0,0,0,0,0,6,0,0,0,407
7590,タカショー,スタンダード（内国株式）,卸売業,5,1,0,0,0,5,0,0,0,0,0,0,0,0,396
7593,ＶＴホールディングス,プライム（内国株式）,小売業,24,2,0,0,0,0,0,12,0,0,0,0,0,12,506
7595,アルゴグラフィックス,プライム（内国株式）,情報・通信業,15,2,0,0,0,0,0,7.5,0,0,0,0,0,7.5,1226
7596,魚力,プライム（内国株式）,小売業,52,2,0,0,0,0,0,26,0,0,0,0,0,26,2110
7599,ＩＤＯＭ,プライム（内国株式）,卸売業,35.6,2,0,0,0,0,17.8,0,0,0,0,0,17.8,0,1153
7600,日本エム・ディ・エム,プライム（内国株式）,精密機器,17,1,0,0,0,0,0,17,0,0,0,0,0,0,628
7601,ポプラ,スタンダード（内国株式）,小売業,5,2,0,0,0,0,2.5,0,0,0,0,0,2.5,0,166
7602,レダックス,スタンダード（内国株式）,卸売業,1,1,0,0,0,0,0,1,0,0,0,0,0,0,167
7603,ジーイエット,スタンダード（内国株式）,小売業,10,1,0,0,0,0,10,0,0,0,0,0,0,0,33
7604,梅の花グループ,スタンダード（内国株式）,小売業,10,2,5,0,0,0,0,0,5,0,0,0,0,0,912
7606,ユナイテッドアローズ,プライム（内国株式）,小売業,89,2,0,0,0,0,0,44.5,0,0,0,0,0,44.5,2419
7607,進和,プライム（内国株式）,卸売業,124,2,0,0,0,0,62,0,0,0,0,0,62,0,3000
7608,エスケイジャパン,スタンダード（内国株式）,卸売業,47,2,0,0,0,0,23.5,0,0,0,0,0,23.5,0,943
7609,ダイトロン,プライム（内国株式）,卸売業,190,2,0,0,95,0,0,0,0,0,95,0,0,0,4710
7610,テイツー,スタンダード（内国株式）,小売業,5,1,0,0,0,0,5,0,0,0,0,0,0,0,135
7611,ハイデイ日高,プライム（内国株式）,小売業,52,2,0,0,0,0,26,0,0,0,0,0,26,0,2972
7613,シークス,プライム（内国株式）,卸売業,49,2,0,0,24.5,0,0,0,0,0,24.5,0,0,0,1644
7614,オーエムツーネットワーク,スタンダード（内国株式）,小売業,36,1,0,0,0,36,0,0,0,0,0,0,0,0,1541
7615,京都きもの友禅ホールディングス,スタンダード（内国株式）,小売業,1.5,1,0,0,0,0,0,1.5,0,0,0,0,0,0,93
7616,コロワイド,プライム（内国株式）,小売業,5,1,0,0,0,0,0,5,0,0,0,0,0,0,2017
7619,田中商事,スタンダード（内国株式）,卸売業,31,2,0,0,0,0,0,15.5,0,0,0,0,0,15.5,997
7621,うかい,スタンダード（内国株式）,小売業,15,1,0,0,0,0,0,15,0,0,0,0,0,0,3255
7624,ＮａＩＴＯ,スタンダード（内国株式）,卸売業,4,1,0,0,0,0,4,0,0,0,0,0,0,0,180
7625,グローバルダイニング,スタンダード（内国株式）,小売業,5,1,0,0,5,0,0,0,0,0,0,0,0,0,445
7628,オーハシテクニカ,プライム（内国株式）,卸売業,37,2,0,0,0,0,0,18.5,0,0,0,0,0,18.5,1127
7630,壱番屋,プライム（内国株式）,小売業,16,2,0,0,0,0,8,0,0,0,0,0,8,0,1026
7634,星医療酸器,スタンダード（内国株式）,卸売業,90,2,0,0,0,0,0,45,0,0,0,0,0,45,5010
7636,ハンズマン,スタンダード（内国株式）,小売業,30,1,0,0,0,0,0,0,0,0,30,0,0,0,792
7637,白銅,プライム（内国株式）,卸売業,86,2,0,0,0,0,0,43,0,0,0,0,0,43,3525
7638,ＮＥＷ　ＡＲＴ　ＨＯＬＤＩＮＧＳ,スタンダード（内国株式）,小売業,80,2,0,0,0,0,0,40,0,0,0,0,0,40,1354
7640,トップカルチャー,スタンダード（内国株式）,小売業,6,2,3,0,0,0,0,0,3,0,0,0,0,0,199
7643,ダイイチ,スタンダード（内国株式）,小売業,36,2,0,0,0,0,0,18,0,0,0,0,0,18,1612
7646,ＰＬＡＮＴ,スタンダード（内国株式）,小売業,75,2,0,0,0,0,0,37.5,0,0,0,0,0,37.5,1756
7649,スギホールディングス,プライム（内国株式）,小売業,17.5,2,0,0,0,0,8.75,0,0,0,0,0,8.75,0,1242.5
7670,オーウエル,スタンダード（内国株式）,卸売業,45,2,0,0,0,0,0,22.5,0,0,0,0,0,22.5,1221
7673,ダイコー通産,スタンダード（内国株式）,卸売業,60,1,0,0,0,0,0,0,0,60,0,0,0,0,1720
7674,ＮＡＴＴＹ　ＳＷＡＮＫＹホールディングス,グロース（内国株式）,小売業,10,1,0,0,0,10,0,0,0,0,0,0,0,0,2765
7677,ヤシマキザイ,スタンダード（内国株式）,卸売業,25,1,0,0,0,0,0,25,0,0,0,0,0,0,2750
7678,あさくま,スタンダード（内国株式）,小売業,7.5,2,0,0,0,3.75,0,0,0,0,0,3.75,0,0,3670
7679,薬王堂ホールディングス,プライム（内国株式）,小売業,29,1,0,0,0,0,29,0,0,0,0,0,0,0,1540
7681,レオクラン,スタンダード（内国株式）,卸売業,17,1,0,0,0,0,0,0,0,0,0,0,0,17,984
7682,浜木綿,スタンダード（内国株式）,小売業,15,1,0,0,0,0,0,0,0,0,0,15,0,0,3720
7683,ダブルエー,プライム（内国株式）,小売業,17,2,0,0,0,8.5,0,0,0,0,0,8.5,0,0,1407
7685,ＢｕｙＳｅｌｌ　Ｔｅｃｈｎｏｌｏｇｉｅｓ,グロース（内国株式）,卸売業,12.5,1,0,0,12.5,0,0,0,0,0,0,0,0,0,2765
7686,ひとまいる,スタンダード（内国株式）,小売業,20,2,0,0,0,0,0,10,0,0,0,0,0,10,433
7687,ミクリード,グロース（内国株式）,卸売業,8.5,2,0,0,0,0,0,4.25,0,0,0,0,0,4.25,478
7689,コパ・コーポレーション,グロース（内国株式）,卸売業,,,0,0,0,0,0,0,0,0,0,0,0,0,356
7692,アースインフィニティ,スタンダード（内国株式）,電気・ガス業,2.1,1,0,0,0,0,0,0,0,0,0,2.1,0,0,77
7694,いつも,グロース（内国株式）,小売業,,,0,0,0,0,0,0,0,0,0,0,0,0,661
7695,交換できるくん,グロース（内国株式）,小売業,,,0,0,0,0,0,0,0,0,0,0,0,0,827
7698,アイスコ,スタンダード（内国株式）,卸売業,20,2,0,0,0,0,0,10,0,0,0,0,0,10,2675
7701,島津製作所,プライム（内国株式）,精密機器,69,2,0,0,0,0,0,34.5,0,0,0,0,0,34.5,4214
7702,ＪＭＳ,スタンダード（内国株式）,精密機器,17,2,0,0,0,0,0,8.5,0,0,0,0,0,8.5,448
7707,プレシジョン・システム・サイエンス,グロース（内国株式）,精密機器,5,1,0,0,0,0,0,0,0,0,5,0,0,0,226
7709,クボテック,スタンダード（内国株式）,精密機器,,,0,0,0,0,0,0,0,0,0,0,0,0,40
7711,助川電気工業,スタンダード（内国株式）,精密機器,40,2,0,0,0,0,0,20,0,0,0,0,0,20,5150
7713,シグマ光機,スタンダード（内国株式）,精密機器,42,2,0,21,0,0,0,0,0,21,0,0,0,0,2724
7715,長野計器,プライム（内国株式）,精密機器,52,2,0,0,0,0,0,26,0,0,0,0,0,26,4510
7716,ナカニシ,スタンダード（内国株式）,精密機器,27,2,0,0,13.5,0,0,0,0,0,13.5,0,0,0,1511
7717,ブイ・テクノロジー,プライム（内国株式）,精密機器,80,2,0,0,0,0,0,40,0,0,0,0,0,40,6920
7719,東京衡機,スタンダード（内国株式）,精密機器,,,0,0,0,0,0,0,0,0,0,0,0,0,498
7721,東京計器,プライム（内国株式）,精密機器,40,1,0,0,0,0,0,40,0,0,0,0,0,0,7360
7722,国際計測器,スタンダード（内国株式）,精密機器,35,2,0,0,0,0,0,17.5,0,0,0,0,0,17.5,751
7723,愛知時計電機,プライム（内国株式）,精密機器,113,2,0,0,0,0,0,56.5,0,0,0,0,0,56.5,2858
7725,インターアクション,プライム（内国株式）,精密機器,43,2,0,21.5,0,0,0,0,0,21.5,0,0,0,0,1816
7726,黒田精工,スタンダード（内国株式）,機械,20,2,0,0,0,0,0,10,0,0,0,0,0,10,1461
7727,オーバル,スタンダード（内国株式）,精密機器,20,2,0,0,0,0,0,10,0,0,0,0,0,10,951
7729,東京精密,プライム（内国株式）,精密機器,262,2,0,0,0,0,0,131,0,0,0,0,0,131,20410
7730,マニー,プライム（内国株式）,精密機器,39,2,0,0,0,0,19.5,0,0,0,0,0,19.5,0,1481
7731,ニコン,プライム（内国株式）,精密機器,40,2,0,0,0,0,0,20,0,0,0,0,0,20,1910.5
7733,オリンパス,プライム（内国株式）,精密機器,30,1,0,0,0,0,0,30,0,0,0,0,0,0,2000
7734,理研計器,プライム（内国株式）,精密機器,55,2,0,0,0,0,0,27.5,0,0,0,0,0,27.5,3665
7735,ＳＣＲＥＥＮホールディングス,プライム（内国株式）,電気機器,293,2,0,0,0,0,0,146.5,0,0,0,0,0,146.5,15915
7740,タムロン,プライム（内国株式）,精密機器,16.56,2,0,0,8.28,0,0,0,0,0,8.28,0,0,0,1550
7741,ＨＯＹＡ,プライム（内国株式）,精密機器,295,2,0,0,0,0,0,147.5,0,0,0,0,0,147.5,25135
7743,シード,スタンダード（内国株式）,精密機器,15,1,0,0,0,0,0,15,0,0,0,0,0,0,793
7744,ノーリツ鋼機,プライム（内国株式）,精密機器,73.67,2,0,0,36.835,0,0,0,0,0,36.835,0,0,0,2020
7745,Ａ＆Ｄホロンホールディングス,プライム（内国株式）,精密機器,55,2,0,0,0,0,0,27.5,0,0,0,0,0,27.5,2965
7746,岡本硝子,スタンダード（内国株式）,精密機器,,,0,0,0,0,0,0,0,0,0,0,0,0,911
7747,朝日インテック,プライム（内国株式）,精密機器,24.23,1,0,0,0,0,0,0,0,0,24.23,0,0,0,3458
7749,メディキット,スタンダード（内国株式）,精密機器,100,2,0,0,0,0,0,50,0,0,0,0,0,50,2740
7751,キヤノン,プライム（内国株式）,電気機器,160,2,0,0,80,0,0,0,0,0,80,0,0,0,4619
7752,リコー,プライム（内国株式）,電気機器,40,2,0,0,0,0,0,20,0,0,0,0,0,20,1670.5
7760,ＩＭＶ,スタンダード（内国株式）,精密機器,30,1,0,0,0,0,0,0,0,0,0,0,0,30,2077
7762,シチズン時計,プライム（内国株式）,精密機器,47,2,0,0,0,0,0,23.5,0,0,0,0,0,23.5,2431
7769,リズム,プライム（内国株式）,精密機器,167.6,1,0,0,0,0,0,167.6,0,0,0,0,0,0,3780
7771,日本精密,スタンダード（内国株式）,精密機器,,,0,0,0,0,0,0,0,0,0,0,0,0,248
7774,ジャパン・ティッシュエンジニアリング,グロース（内国株式）,精密機器,,,0,0,0,0,0,0,0,0,0,0,0,0,824
7775,大研医器,スタンダード（内国株式）,精密機器,20,2,0,0,0,0,0,10,0,0,0,0,0,10,417
7776,セルシード,グロース（内国株式）,精密機器,,,0,0,0,0,0,0,0,0,0,0,0,0,214
7777,スリー・ディー・マトリックス,グロース（内国株式）,精密機器,,,0,0,0,0,0,0,0,0,0,0,0,0,419
7779,ＣＹＢＥＲＤＹＮＥ,グロース（内国株式）,精密機器,,,0,0,0,0,0,0,0,0,0,0,0,0,219
7780,メニコン,プライム（内国株式）,精密機器,28,1,0,0,0,0,0,28,0,0,0,0,0,0,1822
7781,平山ホールディングス,スタンダード（内国株式）,精密機器,50,2,0,0,25,0,0,0,0,0,25,0,0,0,887
7782,シンシア,スタンダード（内国株式）,精密機器,17,1,0,0,17,0,0,0,0,0,0,0,0,0,506
7791,ドリームベッド,スタンダード（内国株式）,その他製品,36,2,0,0,0,0,0,18,0,0,0,0,0,18,815
7792,コラントッテ,グロース（内国株式）,その他製品,42,1,0,0,0,0,0,0,0,0,0,0,0,42,1489
7793,イメージ・マジック,グロース（内国株式）,その他製品,32,1,0,0,32,0,0,0,0,0,0,0,0,0,1600
7794,イーディーピー,グロース（内国株式）,その他製品,,,0,0,0,0,0,0,0,0,0,0,0,0,1038
7795,ＫＹＯＲＩＴＳＵ,スタンダード（内国株式）,その他製品,8,2,0,0,0,0,0,4,0,0,0,0,0,4,204
7800,アミファ,スタンダード（内国株式）,その他製品,26,1,0,0,0,0,0,0,0,0,0,0,0,26,949
7803,ブシロード,グロース（内国株式）,その他製品,4.5,1,0,0,0,0,0,0,0,0,4.5,0,0,0,463
7804,ビーアンドピー,スタンダード（内国株式）,その他製品,80,1,80,0,0,0,0,0,0,0,0,0,0,0,2562
7805,プリントネット,スタンダード（内国株式）,その他製品,13,1,0,0,0,0,0,0,0,0,0,0,13,0,701
7806,ＭＴＧ,グロース（内国株式）,その他製品,25,1,0,0,0,0,0,0,0,0,0,0,0,25,9350
7807,幸和製作所,スタンダード（内国株式）,その他製品,13,1,0,0,0,0,13,0,0,0,0,0,0,0,880
7808,シー・エス・ランバー,スタンダード（内国株式）,その他製品,80,1,0,0,0,0,0,0,0,80,0,0,0,0,2600
7809,壽屋,スタンダード（内国株式）,その他製品,40,1,0,0,0,0,0,0,0,0,40,0,0,0,1333
7810,クロスフォー,スタンダード（内国株式）,その他製品,0.35,1,0,0,0,0,0,0,0,0,0,0.35,0,0,150
7811,中本パックス,スタンダード（内国株式）,その他製品,71,2,0,0,0,0,35.5,0,0,0,0,0,35.5,0,2263
7812,クレステック,スタンダード（内国株式）,その他製品,76,2,0,0,38,0,0,0,0,0,38,0,0,0,2085
7813,プラッツ,スタンダード（内国株式）,その他製品,18,1,0,0,0,0,0,0,0,0,18,0,0,0,915
7814,日本創発グループ,スタンダード（内国株式）,その他製品,60,2,0,0,30,0,0,0,0,0,30,0,0,0,630
7815,東京ボード工業,スタンダード（内国株式）,その他製品,10,1,0,0,0,0,10,0,0,0,0,0,0,0,331
7818,トランザクション,プライム（内国株式）,その他製品,57,1,0,0,0,0,0,0,0,0,0,0,57,0,1201
7819,粧美堂,スタンダード（内国株式）,その他製品,28,2,0,0,0,0,0,14,0,0,0,0,0,14,958
7820,ニホンフラッシュ,プライム（内国株式）,その他製品,36,2,0,0,0,0,0,18,0,0,0,0,0,18,668
7821,前田工繊,プライム（内国株式）,その他製品,20,2,0,0,10,0,0,0,0,0,10,0,0,0,1967
7822,永大産業,スタンダード（内国株式）,その他製品,10,2,0,0,0,0,0,5,0,0,0,0,0,5,250
7823,アートネイチャー,スタンダード（内国株式）,その他製品,30,2,0,0,0,0,0,15,0,0,0,0,0,15,768
7826,フルヤ金属,プライム（内国株式）,その他製品,96,1,0,0,0,0,0,0,0,0,96,0,0,0,11790
7827,オービス,スタンダード（内国株式）,その他製品,60,1,60,0,0,0,0,0,0,0,0,0,0,0,1792
7831,ウイルコホールディングス,スタンダード（内国株式）,その他製品,2,1,2,0,0,0,0,0,0,0,0,0,0,0,67
7832,バンダイナムコホールディングス,プライム（内国株式）,その他製品,73,2,0,0,0,0,0,36.5,0,0,0,0,0,36.5,5639
7833,アイフィスジャパン,スタンダード（内国株式）,その他製品,35,2,0,0,17.5,0,0,0,0,0,17.5,0,0,0,687
7836,アビックス,スタンダード（内国株式）,その他製品,,,0,0,0,0,0,0,0,0,0,0,0,0,72
7837,アールシーコア,スタンダード（内国株式）,その他製品,15,2,0,0,0,0,0,7.5,0,0,0,0,0,7.5,345
7839,ＳＨＯＥＩ,プライム（内国株式）,その他製品,60,1,0,0,0,0,0,0,0,0,0,0,0,60,2219
7840,フランスベッドホールディングス,プライム（内国株式）,その他製品,41,2,0,0,0,0,0,20.5,0,0,0,0,0,20.5,1285
7841,遠藤製作所,スタンダード（内国株式）,その他製品,40,1,0,0,40,0,0,0,0,0,0,0,0,0,1064
7844,マーベラス,プライム（内国株式）,情報・通信業,12,1,0,0,0,0,0,12,0,0,0,0,0,0,508
7846,パイロットコーポレーション,プライム（内国株式）,その他製品,120,2,0,0,60,0,0,0,0,0,60,0,0,0,2119
7847,グラファイトデザイン,スタンダード（内国株式）,その他製品,30,2,0,0,0,0,15,0,0,0,0,0,15,0,711
7849,スターツ出版,スタンダード（内国株式）,情報・通信業,120,2,0,0,60,0,0,0,0,0,60,0,0,0,2997
7850,総合商研,スタンダード（内国株式）,その他製品,30,2,0,0,0,15,0,0,0,0,0,15,0,0,800
7851,カワセコンピュータサプライ,スタンダード（内国株式）,その他製品,3,1,0,0,0,0,0,3,0,0,0,0,0,0,170
7856,萩原工業,プライム（内国株式）,その他製品,65,2,32.5,0,0,0,0,0,32.5,0,0,0,0,0,2023
7857,セキ,スタンダード（内国株式）,その他製品,26,2,0,0,0,0,0,13,0,0,0,0,0,13,1287
7859,アルメディオ,スタンダード（内国株式）,その他製品,4.5,1,0,0,0,0,0,4.5,0,0,0,0,0,0,255
7860,エイベックス,プライム（内国株式）,情報・通信業,50,2,0,0,0,0,0,25,0,0,0,0,0,25,1229
7863,平賀,スタンダード（内国株式）,その他製品,40,1,0,0,0,0,0,40,0,0,0,0,0,0,931
7864,フジシールインターナショナル,プライム（内国株式）,その他製品,81,2,0,0,0,0,0,40.5,0,0,0,0,0,40.5,3420
7865,ピープル,スタンダード（内国株式）,その他製品,48,1,0,0,0,48,0,0,0,0,0,0,0,0,332
7867,タカラトミー,プライム（内国株式）,その他製品,64,2,0,0,0,0,0,32,0,0,0,0,0,32,4173
7868,広済堂ホールディングス,プライム（内国株式）,その他製品,13.34,2,0,0,0,0,0,6.67,0,0,0,0,0,6.67,534
7871,フクビ化学工業,スタンダード（内国株式）,化学,29,2,0,0,0,0,0,14.5,0,0,0,0,0,14.5,1007
7872,エステールホールディングス,スタンダード（内国株式）,その他製品,27,1,0,0,0,0,0,27,0,0,0,0,0,0,615
7874,レック,プライム（内国株式）,化学,27,2,0,0,0,0,0,13.5,0,0,0,0,0,13.5,959
7875,竹田ｉＰホールディングス,スタンダード（内国株式）,その他製品,47,2,0,0,0,0,0,23.5,0,0,0,0,0,23.5,933
7877,永大化工,スタンダード（内国株式）,化学,70,1,0,0,0,0,0,70,0,0,0,0,0,0,2134
7878,光・彩,スタンダード（内国株式）,その他製品,30,1,0,0,0,30,0,0,0,0,0,0,0,0,1019
7879,ノダ,スタンダード（内国株式）,その他製品,33,2,0,16.5,0,0,0,0,0,16.5,0,0,0,0,670
7883,サンメッセ,スタンダード（内国株式）,その他製品,9,2,0,0,0,0,0,4.5,0,0,0,0,0,4.5,442
7885,タカノ,スタンダード（内国株式）,その他製品,20,1,0,0,0,0,0,20,0,0,0,0,0,0,1062
7886,ヤマト　モビリティ　＆　Ｍｆｇ．,スタンダード（内国株式）,化学,10,2,0,0,0,0,0,5,0,0,0,0,0,5,566
7887,南海プライウッド,スタンダード（内国株式）,その他製品,200,1,0,0,0,0,0,200,0,0,0,0,0,0,1465
7888,三光合成,プライム（内国株式）,化学,24,2,0,12,0,0,0,0,0,12,0,0,0,0,911
7893,プロネクサス,プライム（内国株式）,その他製品,42,2,0,0,0,0,0,21,0,0,0,0,0,21,1041
7896,セブン工業,スタンダード（内国株式）,その他製品,20,2,0,0,0,0,0,10,0,0,0,0,0,10,500
7897,ホクシン,スタンダード（内国株式）,その他製品,2,1,0,0,0,0,0,2,0,0,0,0,0,0,114
7898,ウッドワン,スタンダード（内国株式）,その他製品,24,2,0,0,0,0,0,12,0,0,0,0,0,12,930
7901,マツモト,スタンダード（内国株式）,その他製品,33.33,1,0,0,0,0,0,0,33.33,0,0,0,0,0,944
7902,ソノコム,スタンダード（内国株式）,その他製品,13,1,0,0,0,0,0,13,0,0,0,0,0,0,1116
7906,ヨネックス,スタンダード（内国株式）,その他製品,25,2,0,0,0,0,0,12.5,0,0,0,0,0,12.5,2390
7908,きもと,スタンダード（内国株式）,化学,7,2,0,0,0,0,0,3.5,0,0,0,0,0,3.5,241
7911,ＴＯＰＰＡＮホールディングス,プライム（内国株式）,その他製品,29,2,0,0,0,0,0,14.5,0,0,0,0,0,14.5,2452.5
7912,大日本印刷,プライム（内国株式）,その他製品,40,2,0,0,0,0,0,20,0,0,0,0,0,20,2971.5
7914,共同印刷,プライム（内国株式）,その他製品,78,2,0,0,0,0,0,39,0,0,0,0,0,39,1667
7915,ＮＩＳＳＨＡ,プライム（内国株式）,その他製品,50,2,0,0,25,0,0,0,0,0,25,0,0,0,1105
7916,光村印刷,スタンダード（内国株式）,その他製品,50,1,0,0,0,0,0,50,0,0,0,0,0,0,1908
7917,ＺＡＣＲＯＳ,プライム（内国株式）,化学,36,2,0,0,0,0,0,18,0,0,0,0,0,18,1217
7918,ヴィア・ホールディングス,スタンダード（内国株式）,小売業,7.5,1,0,0,0,0,0,7.5,0,0,0,0,0,0,105
7919,野崎印刷紙業,スタンダード（内国株式）,その他製品,7.5,2,0,0,0,0,0,3.75,0,0,0,0,0,3.75,219
7921,ＴＡＫＡＲＡ　＆　ＣＯＭＰＡＮＹ,プライム（内国株式）,その他製品,120,2,0,60,0,0,0,0,0,60,0,0,0,0,4175
7927,ムトー精工,スタンダード（内国株式）,化学,115,2,0,0,0,0,0,57.5,0,0,0,0,0,57.5,2350
7928,旭化学工業,スタンダード（内国株式）,化学,10,2,0,0,0,0,5,0,0,0,0,0,5,0,611
7931,未来工業,プライム（内国株式）,化学,145,2,0,0,0,0,0,72.5,0,0,0,0,0,72.5,3575
7932,ニッピ,スタンダード（内国株式）,その他製品,696,1,0,0,0,0,0,696,0,0,0,0,0,0,11230
7936,アシックス,プライム（内国株式）,その他製品,28,2,0,0,14,0,0,0,0,0,14,0,0,0,4450
7937,ツツミ,スタンダード（内国株式）,その他製品,115,2,0,0,0,0,0,57.5,0,0,0,0,0,57.5,2413
7938,リーガルコーポレーション,スタンダード（内国株式）,その他製品,75,1,0,0,0,0,0,75,0,0,0,0,0,0,2091
7939,研創,スタンダード（内国株式）,その他製品,22,1,0,0,0,0,0,22,0,0,0,0,0,0,603
7942,ＪＳＰ,プライム（内国株式）,化学,90,2,0,0,0,0,0,45,0,0,0,0,0,45,3015
7943,ニチハ,プライム（内国株式）,ガラス・土石製品,114,2,0,0,0,0,0,57,0,0,0,0,0,57,2802
7944,ローランド,プライム（内国株式）,その他製品,170,2,0,0,85,0,0,0,0,0,85,0,0,0,3680
7946,光陽社,スタンダード（内国株式）,その他製品,10,1,0,0,0,0,0,10,0,0,0,0,0,0,322
7947,エフピコ,プライム（内国株式）,化学,73,2,0,0,0,0,0,36.5,0,0,0,0,0,36.5,2776
7949,小松ウオール工業,プライム（内国株式）,その他製品,130,2,0,0,0,0,0,65,0,0,0,0,0,65,2707
7951,ヤマハ,プライム（内国株式）,その他製品,26,2,0,0,0,0,0,13,0,0,0,0,0,13,1192
7952,河合楽器製作所,プライム（内国株式）,その他製品,95,1,0,0,0,0,0,95,0,0,0,0,0,0,3450
7953,菊水化学工業,スタンダード（内国株式）,その他製品,17,2,0,0,0,0,0,8.5,0,0,0,0,0,8.5,400
7955,クリナップ,プライム（内国株式）,その他製品,33,2,0,0,0,0,0,16.5,0,0,0,0,0,16.5,896
7956,ピジョン,プライム（内国株式）,その他製品,76,2,0,0,38,0,0,0,0,0,38,0,0,0,2084
7957,フジコピアン,スタンダード（内国株式）,その他製品,40,1,0,0,40,0,0,0,0,0,0,0,0,0,2061
7962,キングジム,プライム（内国株式）,その他製品,14,2,0,0,7,0,0,0,0,0,7,0,0,0,770
7963,興研,スタンダード（内国株式）,その他製品,50,1,0,0,50,0,0,0,0,0,0,0,0,0,1815
7965,象印マホービン,プライム（内国株式）,電気機器,82,2,0,41,0,0,0,0,0,41,0,0,0,0,1433
7966,リンテック,プライム（内国株式）,その他製品,110,2,0,0,0,0,0,55,0,0,0,0,0,55,6020
7970,信越ポリマー,プライム（内国株式）,化学,62,2,0,0,0,0,0,31,0,0,0,0,0,31,2478
7971,東リ,スタンダード（内国株式）,化学,34,2,0,0,0,0,0,17,0,0,0,0,0,17,661
7972,イトーキ,プライム（内国株式）,その他製品,75,1,0,0,75,0,0,0,0,0,0,0,0,0,2464
7974,任天堂,プライム（内国株式）,その他製品,219,2,0,0,0,0,0,109.5,0,0,0,0,0,109.5,7775
7975,リヒトラブ,スタンダード（内国株式）,その他製品,25,1,0,0,0,0,25,0,0,0,0,0,0,0,1167
7976,三菱鉛筆,プライム（内国株式）,その他製品,52,2,0,0,26,0,0,0,0,0,26,0,0,0,3485
7979,松風,プライム（内国株式）,精密機器,60,2,0,0,0,0,0,30,0,0,0,0,0,30,2256
7980,重松製作所,スタンダード（内国株式）,その他製品,15,1,0,0,0,0,0,15,0,0,0,0,0,0,860
7981,タカラスタンダード,プライム（内国株式）,その他製品,116,2,0,0,0,0,0,58,0,0,0,0,0,58,3010
7983,ミロク,スタンダード（内国株式）,その他製品,10,2,5,0,0,0,0,0,5,0,0,0,0,0,1194
7984,コクヨ,プライム（内国株式）,その他製品,24.5,2,0,0,12.25,0,0,0,0,0,12.25,0,0,0,857.400024
7985,ネポン,スタンダード（内国株式）,金属製品,12,1,0,0,0,0,0,12,0,0,0,0,0,0,704
7986,日本アイ・エス・ケイ,スタンダード（内国株式）,その他製品,30,1,0,0,30,0,0,0,0,0,0,0,0,0,1996
7987,ナカバヤシ,スタンダード（内国株式）,その他製品,22,2,0,0,0,0,0,11,0,0,0,0,0,11,539
7988,ニフコ,プライム（内国株式）,化学,55,2,0,0,0,0,0,27.5,0,0,0,0,0,27.5,2450.5
7989,立川ブラインド工業,プライム（内国株式）,金属製品,70,2,0,0,35,0,0,0,0,0,35,0,0,0,2604
7990,グローブライド,プライム（内国株式）,その他製品,90,2,0,0,0,0,0,45,0,0,0,0,0,45,2338
7991,マミヤ・オーピー,スタンダード（内国株式）,機械,50,1,0,0,0,0,0,50,0,0,0,0,0,0,1047
7992,セーラー万年筆,スタンダード（内国株式）,その他製品,,,0,0,0,0,0,0,0,0,0,0,0,0,101
7994,オカムラ,プライム（内国株式）,その他製品,104,2,0,0,0,0,0,52,0,0,0,0,0,52,2174
7995,バルカー,プライム（内国株式）,化学,150,2,0,0,0,0,0,75,0,0,0,0,0,75,7380
7997,くろがね工作所,スタンダード（内国株式）,その他製品,40,1,0,40,0,0,0,0,0,0,0,0,0,0,1183
8001,伊藤忠商事,プライム（内国株式）,卸売業,42,2,0,0,0,0,0,21,0,0,0,0,0,21,2161.5
8002,丸紅,プライム（内国株式）,卸売業,107.5,2,0,0,0,0,0,53.75,0,0,0,0,0,53.75,4787
8005,スクロール,プライム（内国株式）,小売業,59,2,0,0,0,0,0,29.5,0,0,0,0,0,29.5,1718
8006,ユアサ・フナショク,スタンダード（内国株式）,卸売業,33,1,0,0,0,0,0,33,0,0,0,0,0,0,1485
8007,高島,プライム（内国株式）,卸売業,45,2,0,0,0,0,0,22.5,0,0,0,0,0,22.5,776
8008,ヨンドシーホールディングス,プライム（内国株式）,小売業,83,2,0,0,0,0,41.5,0,0,0,0,0,41.5,0,2136
8011,三陽商会,プライム（内国株式）,繊維製品,46.333333,2,0,0,0,0,23.166667,0,0,0,0,0,23.166667,0,1276
8012,長瀬産業,プライム（内国株式）,卸売業,100,2,0,0,0,0,0,50,0,0,0,0,0,50,1190.5
8013,ナイガイ,スタンダード（内国株式）,繊維製品,,,0,0,0,0,0,0,0,0,0,0,0,0,380
8014,蝶理,プライム（内国株式）,卸売業,147,2,0,0,0,0,0,73.5,0,0,0,0,0,73.5,4185
8015,豊田通商,プライム（内国株式）,卸売業,120,2,0,0,0,0,0,60,0,0,0,0,0,60,7408
8016,オンワードホールディングス,プライム（内国株式）,繊維製品,30,2,0,0,0,0,15,0,0,0,0,0,15,0,703
8018,三共生興,スタンダード（内国株式）,卸売業,27,2,0,0,0,0,0,13.5,0,0,0,0,0,13.5,828
8020,兼松,プライム（内国株式）,卸売業,45.88,2,0,0,0,0,0,22.94,0,0,0,0,0,22.94,2276
8022,美津濃,プライム（内国株式）,その他製品,43.33,2,0,0,0,0,0,21.665,0,0,0,0,0,21.665,4330
8023,ＤＡＩＫＯ　ＸＴＥＣＨ,スタンダード（内国株式）,情報・通信業,36,2,0,0,0,0,0,18,0,0,0,0,0,18,1041
8025,ツカモトコーポレーション,スタンダード（内国株式）,卸売業,30,1,0,0,0,0,0,30,0,0,0,0,0,0,1443
8029,ルックホールディングス,スタンダード（内国株式）,繊維製品,100,1,0,0,100,0,0,0,0,0,0,0,0,0,2748
8030,中央魚類,スタンダード（内国株式）,卸売業,120,1,0,0,0,0,0,120,0,0,0,0,0,0,3900
8031,三井物産,プライム（内国株式）,卸売業,115,2,0,0,0,0,0,57.5,0,0,0,0,0,57.5,4907
8032,日本紙パルプ商事,プライム（内国株式）,卸売業,34,2,0,0,0,0,0,17,0,0,0,0,0,17,1226
8035,東京エレクトロン,プライム（内国株式）,電気機器,125.6,2,0,0,0,0,0,62.8,0,0,0,0,0,62.8,12500
8037,カメイ,プライム（内国株式）,卸売業,115,2,0,0,0,0,0,57.5,0,0,0,0,0,57.5,4655
8039,築地魚市場,スタンダード（内国株式）,卸売業,35,1,0,0,0,0,0,35,0,0,0,0,0,0,3490
8040,東京ソワール,スタンダード（内国株式）,繊維製品,45,1,0,0,45,0,0,0,0,0,0,0,0,0,1048
8041,ＯＵＧホールディングス,スタンダード（内国株式）,卸売業,167,1,0,0,0,0,0,167,0,0,0,0,0,0,4310
8043,スターゼン,プライム（内国株式）,卸売業,43,1,0,0,0,0,0,43,0,0,0,0,0,0,1468
8045,横浜丸魚,スタンダード（内国株式）,卸売業,34,2,0,0,0,0,0,17,0,0,0,0,0,17,2040
8046,丸藤シートパイル,スタンダード（内国株式）,卸売業,200,1,0,0,0,0,0,200,0,0,0,0,0,0,938
8050,セイコーグループ,プライム（内国株式）,精密機器,165,2,0,0,0,0,0,82.5,0,0,0,0,0,82.5,11000
8051,山善,プライム（内国株式）,卸売業,54,2,0,0,0,0,0,27,0,0,0,0,0,27,1983
8052,椿本興業,プライム（内国株式）,卸売業,90,2,0,0,0,0,0,45,0,0,0,0,0,45,3030
8053,住友商事,プライム（内国株式）,卸売業,150,2,0,0,0,0,0,75,0,0,0,0,0,75,1717
8056,ＢＩＰＲＯＧＹ,プライム（内国株式）,情報・通信業,130,2,0,0,0,0,0,65,0,0,0,0,0,65,4706
8057,内田洋行,プライム（内国株式）,卸売業,300,1,0,0,0,0,0,0,0,0,0,300,0,0,2260
8058,三菱商事,プライム（内国株式）,卸売業,110,2,0,0,0,0,0,55,0,0,0,0,0,55,4676
8059,第一実業,プライム（内国株式）,卸売業,125,2,0,0,0,0,0,62.5,0,0,0,0,0,62.5,3515
8060,キヤノンマーケティングジャパン,プライム（内国株式）,卸売業,170,2,0,0,85,0,0,0,0,0,85,0,0,0,3753
8061,西華産業,プライム（内国株式）,卸売業,81.67,2,0,0,0,0,0,40.835,0,0,0,0,0,40.835,3085
8065,佐藤商事,プライム（内国株式）,卸売業,82,2,0,0,0,0,0,41,0,0,0,0,0,41,2993
8066,三谷商事,スタンダード（内国株式）,卸売業,97,2,0,0,0,0,0,48.5,0,0,0,0,0,48.5,3490
8070,東京産業,プライム（内国株式）,卸売業,38,2,0,0,0,0,0,19,0,0,0,0,0,19,1016
8074,ＹＵＡＳＡ,プライム（内国株式）,卸売業,190,2,0,0,0,0,0,95,0,0,0,0,0,95,6060
8075,神鋼商事,プライム（内国株式）,卸売業,106,2,0,0,0,0,0,53,0,0,0,0,0,53,3025
8076,カノークス,スタンダード（内国株式）,卸売業,104,2,0,0,0,0,0,52,0,0,0,0,0,52,2026
8077,トルク,スタンダード（内国株式）,卸売業,6,2,3,0,0,0,0,0,3,0,0,0,0,0,212
8078,阪和興業,プライム（内国株式）,卸売業,290,2,0,0,0,0,0,145,0,0,0,0,0,145,1841
8079,正栄食品工業,プライム（内国株式）,卸売業,60,2,30,0,0,0,0,0,30,0,0,0,0,0,4260
8081,カナデン,プライム（内国株式）,卸売業,72,2,0,0,0,0,0,36,0,0,0,0,0,36,2590
8084,ＲＹＯＤＥＮ,プライム（内国株式）,卸売業,69,2,0,0,0,0,0,34.5,0,0,0,0,0,34.5,2471
8085,ナラサキ産業,スタンダード（内国株式）,卸売業,130,1,0,0,0,0,0,130,0,0,0,0,0,0,4425
8086,ニプロ,プライム（内国株式）,精密機器,29,2,0,0,0,0,0,14.5,0,0,0,0,0,14.5,1347
8088,岩谷産業,プライム（内国株式）,卸売業,47,2,0,0,0,0,0,23.5,0,0,0,0,0,23.5,1998
8089,ナイス,スタンダード（内国株式）,卸売業,72,2,0,0,0,0,0,36,0,0,0,0,0,36,1910
8091,ニチモウ,プライム（内国株式）,卸売業,100,2,0,0,0,0,0,50,0,0,0,0,0,50,2311
8093,極東貿易,プライム（内国株式）,卸売業,74,2,0,0,0,0,0,37,0,0,0,0,0,37,1749
8095,アステナホールディングス,プライム（内国株式）,卸売業,18,2,0,9,0,0,0,0,0,9,0,0,0,0,546
8097,三愛オブリ,プライム（内国株式）,卸売業,100,2,0,0,0,0,0,50,0,0,0,0,0,50,2378
8098,稲畑産業,プライム（内国株式）,卸売業,128,2,0,0,0,0,0,64,0,0,0,0,0,64,4355
8101,ＧＳＩクレオス,プライム（内国株式）,卸売業,104,1,0,0,0,0,0,104,0,0,0,0,0,0,2460
8103,明和産業,プライム（内国株式）,卸売業,42,1,0,0,0,0,0,42,0,0,0,0,0,0,998
8104,クワザワホールディングス,スタンダード（内国株式）,卸売業,26,1,0,0,0,0,0,26,0,0,0,0,0,0,795
8105,Ｂｉｔｃｏｉｎ　Ｊａｐａｎ,スタンダード（内国株式）,卸売業,2,1,0,0,0,0,0,2,0,0,0,0,0,0,65
8107,キムラタン,スタンダード（内国株式）,繊維製品,,,0,0,0,0,0,0,0,0,0,0,0,0,30
8111,ゴールドウイン,プライム（内国株式）,繊維製品,58,2,0,0,0,0,0,29,0,0,0,0,0,29,2142.5
8113,ユニ・チャーム,プライム（内国株式）,化学,12,2,0,0,6,0,0,0,0,0,6,0,0,0,938
8115,ムーンバット,スタンダード（内国株式）,卸売業,61,2,0,0,0,0,0,30.5,0,0,0,0,0,30.5,1318
8117,中央自動車工業,スタンダード（内国株式）,卸売業,46.67,2,0,0,0,0,0,23.335,0,0,0,0,0,23.335,2120
8118,キング,スタンダード（内国株式）,繊維製品,18,1,0,0,0,0,0,18,0,0,0,0,0,0,1158
8119,三栄コーポレーション,スタンダード（内国株式）,卸売業,31,2,0,0,0,0,0,15.5,0,0,0,0,0,15.5,783
8123,川辺,スタンダード（内国株式）,卸売業,50,1,0,0,0,0,0,50,0,0,0,0,0,0,1420
8125,ワキタ,プライム（内国株式）,卸売業,100,1,0,0,0,0,100,0,0,0,0,0,0,0,1862
8127,ヤマトインターナショナル,スタンダード（内国株式）,繊維製品,16,2,0,0,0,0,8,0,0,0,0,0,8,0,510
8129,東邦ホールディングス,プライム（内国株式）,卸売業,165,2,0,0,0,0,0,82.5,0,0,0,0,0,82.5,3657
8130,サンゲツ,プライム（内国株式）,卸売業,155,2,0,0,0,0,0,77.5,0,0,0,0,0,77.5,3145
8131,ミツウロコグループホールディングス,スタンダード（内国株式）,卸売業,66,1,0,0,0,0,0,66,0,0,0,0,0,0,2419
8132,シナネンホールディングス,プライム（内国株式）,卸売業,120,1,0,0,0,0,0,120,0,0,0,0,0,0,7270
8133,伊藤忠エネクス,プライム（内国株式）,卸売業,66,2,0,0,0,0,0,33,0,0,0,0,0,33,2222
8135,ゼット,スタンダード（内国株式）,卸売業,18,1,0,0,0,0,0,18,0,0,0,0,0,0,424
8136,サンリオ,プライム（内国株式）,卸売業,69,2,0,0,0,0,0,34.5,0,0,0,0,0,34.5,1210.5
8137,サンワテクノス,プライム（内国株式）,卸売業,122,2,0,0,0,0,0,61,0,0,0,0,0,61,4770
8138,三京化成,スタンダード（内国株式）,卸売業,100,2,0,0,0,0,0,50,0,0,0,0,0,50,4145
8139,ナガホリ,スタンダード（内国株式）,卸売業,20,1,0,0,0,0,0,20,0,0,0,0,0,0,2336
8141,新光商事,プライム（内国株式）,卸売業,18.5,2,0,0,0,0,0,9.25,0,0,0,0,0,9.25,1566
8142,トーホー,プライム（内国株式）,卸売業,150,2,0,0,0,75,0,0,0,0,0,75,0,0,1394
8143,ラピーヌ,スタンダード（内国株式）,繊維製品,,,0,0,0,0,0,0,0,0,0,0,0,0,149
8144,デンキョーグループホールディングス,スタンダード（内国株式）,卸売業,43,2,0,0,0,0,0,21.5,0,0,0,0,0,21.5,1262
8147,トミタ,スタンダード（内国株式）,卸売業,24,1,0,0,0,0,0,24,0,0,0,0,0,0,1424
8150,三信電気,プライム（内国株式）,卸売業,190,2,0,0,0,0,0,95,0,0,0,0,0,95,3345
8151,東陽テクニカ,プライム（内国株式）,卸売業,69,2,0,0,0,0,0,34.5,0,0,0,0,0,34.5,1885
8152,ソマール,スタンダード（内国株式）,卸売業,100,1,0,0,0,0,0,100,0,0,0,0,0,0,7380
8153,モスフードサービス,プライム（内国株式）,卸売業,34,2,0,0,0,0,0,17,0,0,0,0,0,17,3815
8154,加賀電子,プライム（内国株式）,卸売業,140,2,0,0,0,0,0,70,0,0,0,0,0,70,5460
8157,都築電気,プライム（内国株式）,情報・通信業,126,2,0,0,0,0,0,63,0,0,0,0,0,63,4210
8158,ソーダニッカ,プライム（内国株式）,卸売業,44,2,0,0,0,0,0,22,0,0,0,0,0,22,1317
8159,立花エレテック,プライム（内国株式）,卸売業,100,2,0,0,0,0,0,50,0,0,0,0,0,50,4325
8160,木曽路,プライム（内国株式）,小売業,30,2,0,0,0,0,0,15,0,0,0,0,0,15,2301
8163,ＳＲＳホールディングス,プライム（内国株式）,小売業,10,1,0,0,0,0,0,10,0,0,0,0,0,0,1435
8165,千趣会,スタンダード（内国株式）,小売業,7,2,0,0,3.5,0,0,0,0,0,3.5,0,0,0,101
8166,タカキュー,スタンダード（内国株式）,小売業,3,1,0,0,0,0,3,0,0,0,0,0,0,0,78
8167,リテールパートナーズ,プライム（内国株式）,小売業,40,2,0,0,0,0,20,0,0,0,0,0,20,0,1416
8173,Ｊｏｓｈｉｎ,プライム（内国株式）,小売業,100,2,0,0,0,0,0,50,0,0,0,0,0,50,4255
8174,日本瓦斯,プライム（内国株式）,小売業,34.333333,2,0,0,0,0,0,17.166667,0,0,0,0,0,17.166667,936.099976
8179,ロイヤルホールディングス,プライム（内国株式）,小売業,35,1,0,0,35,0,0,0,0,0,0,0,0,0,1293
8181,東天紅,スタンダード（内国株式）,小売業,15,1,0,0,0,0,15,0,0,0,0,0,0,0,1001
8185,チヨダ,プライム（内国株式）,小売業,54,2,0,0,0,0,27,0,0,0,0,0,27,0,992
8194,ライフコーポレーション,プライム（内国株式）,小売業,65.5,2,0,0,0,0,32.75,0,0,0,0,0,32.75,0,2559
8198,マックスバリュ東海,スタンダード（内国株式）,小売業,85,1,0,0,0,0,85,0,0,0,0,0,0,0,3230
8200,リンガーハット,プライム（内国株式）,小売業,13,2,0,0,0,0,6.5,0,0,0,0,0,6.5,0,2292
8202,ラオックスホールディングス,スタンダード（内国株式）,小売業,3,1,0,0,3,0,0,0,0,0,0,0,0,0,148
8203,ＭｒＭａｘＨＤ,プライム（内国株式）,小売業,27,1,0,0,0,0,27,0,0,0,0,0,0,0,718
8207,テンアライド,スタンダード（内国株式）,小売業,,,0,0,0,0,0,0,0,0,0,0,0,0,290
8214,ＡＯＫＩホールディングス,プライム（内国株式）,小売業,80,2,0,0,0,0,0,40,0,0,0,0,0,40,1679
8217,オークワ,プライム（内国株式）,小売業,26,2,0,0,0,0,13,0,0,0,0,0,13,0,767
8218,コメリ,プライム（内国株式）,小売業,56,2,0,0,0,0,0,28,0,0,0,0,0,28,3735
8219,青山商事,プライム（内国株式）,小売業,136,2,0,0,0,0,0,68,0,0,0,0,0,68,721
8225,タカチホ,スタンダード（内国株式）,卸売業,100,1,0,0,0,0,0,100,0,0,0,0,0,0,3715
8226,理経,スタンダード（内国株式）,卸売業,7,1,0,0,0,0,0,7,0,0,0,0,0,0,386
8227,しまむら,プライム（内国株式）,小売業,215,2,0,0,0,0,107.5,0,0,0,0,0,107.5,0,3261
8230,はせがわ,スタンダード（内国株式）,小売業,15,2,0,0,0,0,0,7.5,0,0,0,0,0,7.5,301
8233,高島屋,プライム（内国株式）,小売業,34,2,0,0,0,0,17,0,0,0,0,0,17,0,2174
8237,松屋,プライム（内国株式）,小売業,12,2,0,0,0,0,6,0,0,0,0,0,6,0,2170
8242,エイチ・ツー・オー　リテイリング,プライム（内国株式）,小売業,46,2,0,0,0,0,0,23,0,0,0,0,0,23,2812.5
8244,近鉄百貨店,スタンダード（内国株式）,小売業,20,1,0,0,0,0,20,0,0,0,0,0,0,0,1898
8247,大和,スタンダード（内国株式）,小売業,15,1,0,0,0,0,15,0,0,0,0,0,0,0,337
8252,丸井グループ,プライム（内国株式）,小売業,131,2,0,0,0,0,0,65.5,0,0,0,0,0,65.5,2760
8253,クレディセゾン,プライム（内国株式）,その他金融業,130,1,0,0,0,0,0,130,0,0,0,0,0,0,4311
8254,さいか屋,スタンダード（内国株式）,小売業,,,0,0,0,0,0,0,0,0,0,0,0,0,339
8255,アクシアル　リテイリング,プライム（内国株式）,小売業,29,2,0,0,0,0,0,14.5,0,0,0,0,0,14.5,1266
8260,井筒屋,スタンダード（内国株式）,小売業,6,1,0,0,0,0,6,0,0,0,0,0,0,0,372
8267,イオン,プライム（内国株式）,小売業,13.7,2,0,0,0,0,6.85,0,0,0,0,0,6.85,0,1217.5
8273,イズミ,プライム（内国株式）,小売業,90,2,0,0,0,0,45,0,0,0,0,0,45,0,935
8275,フォーバル,スタンダード（内国株式）,卸売業,31,1,0,0,0,0,0,31,0,0,0,0,0,0,1063
8276,平和堂,プライム（内国株式）,小売業,66,2,0,0,0,0,33,0,0,0,0,0,33,0,2518
8278,フジ,プライム（内国株式）,小売業,30,2,0,0,0,0,15,0,0,0,0,0,15,0,1980
8281,ゼビオホールディングス,プライム（内国株式）,小売業,35,2,0,0,0,0,0,17.5,0,0,0,0,0,17.5,1066
8282,ケーズホールディングス,プライム（内国株式）,小売業,46,2,0,0,0,0,0,23,0,0,0,0,0,23,1682.5
8285,三谷産業,スタンダード（内国株式）,卸売業,13,2,0,0,0,0,0,6.5,0,0,0,0,0,6.5,795
8291,日産東京販売ホールディングス,スタンダード（内国株式）,小売業,27,2,0,0,0,0,0,13.5,0,0,0,0,0,13.5,544
8303,ＳＢＩ新生銀行,プライム（内国株式）,銀行業,42,1,0,0,0,0,0,42,0,0,0,0,0,0,1473.5
8304,あおぞら銀行,プライム（内国株式）,銀行業,91,1,0,0,0,0,0,91,0,0,0,0,0,0,3387
8306,三菱ＵＦＪフィナンシャル・グループ,プライム（内国株式）,銀行業,86,2,0,0,0,0,0,43,0,0,0,0,0,43,3622
8308,りそなホールディングス,プライム（内国株式）,銀行業,29,2,0,0,0,0,0,14.5,0,0,0,0,0,14.5,2512.5
8309,三井住友トラストグループ,プライム（内国株式）,銀行業,46.25,2,0,0,0,0,0,23.125,0,0,0,0,0,23.125,1754.5
8316,三井住友フィナンシャルグループ,プライム（内国株式）,銀行業,78.5,2,0,0,0,0,0,39.25,0,0,0,0,0,39.25,3372
8331,千葉銀行,プライム（内国株式）,銀行業,52,2,0,0,0,0,0,26,0,0,0,0,0,26,2798.5
8334,群馬銀行,プライム（内国株式）,銀行業,62,2,0,0,0,0,0,31,0,0,0,0,0,31,3044
8336,武蔵野銀行,プライム（内国株式）,銀行業,170,2,0,0,0,0,0,85,0,0,0,0,0,85,2936
8337,千葉興業銀行,プライム（内国株式）,銀行業,10,1,0,0,0,0,0,10,0,0,0,0,0,0,2760
8338,筑波銀行,プライム（内国株式）,銀行業,5,1,0,0,0,0,0,5,0,0,0,0,0,0,832
8341,七十七銀行,プライム（内国株式）,銀行業,260,2,0,0,0,0,0,130,0,0,0,0,0,130,4125
8343,秋田銀行,プライム（内国株式）,銀行業,35,2,0,0,0,0,0,17.5,0,0,0,0,0,17.5,1916
8344,山形銀行,プライム（内国株式）,銀行業,84,2,0,0,0,0,0,42,0,0,0,0,0,42,5700
8345,岩手銀行,プライム（内国株式）,銀行業,208,2,0,0,0,0,0,104,0,0,0,0,0,104,2684
8346,東邦銀行,プライム（内国株式）,銀行業,17,2,0,0,0,0,0,8.5,0,0,0,0,0,8.5,1124
8349,東北銀行,スタンダード（内国株式）,銀行業,50,2,0,0,0,0,0,25,0,0,0,0,0,25,1610
8354,ふくおかフィナンシャルグループ,プライム（内国株式）,銀行業,180,2,0,0,0,0,0,90,0,0,0,0,0,90,7756
8358,スルガ銀行,プライム（内国株式）,銀行業,60,2,0,0,0,0,0,30,0,0,0,0,0,30,2955
8359,八十二長野銀行,プライム（内国株式）,銀行業,60,2,0,0,0,0,0,30,0,0,0,0,0,30,2753.5
8360,山梨中央銀行,プライム（内国株式）,銀行業,26.2,2,0,0,0,0,0,13.1,0,0,0,0,0,13.1,1525
8361,大垣共立銀行,プライム（内国株式）,銀行業,30,2,0,0,0,0,0,15,0,0,0,0,0,15,1871
8362,福井銀行,プライム（内国株式）,銀行業,108,2,0,0,0,0,0,54,0,0,0,0,0,54,8410
8364,清水銀行,プライム（内国株式）,銀行業,60,2,0,0,0,0,0,30,0,0,0,0,0,30,3260
8365,富山銀行,スタンダード（内国株式）,銀行業,55,2,0,0,0,0,0,27.5,0,0,0,0,0,27.5,2365
8366,滋賀銀行,プライム（内国株式）,銀行業,140,2,0,0,0,0,0,70,0,0,0,0,0,70,3125
8367,南都銀行,プライム（内国株式）,銀行業,215,2,0,0,0,0,0,107.5,0,0,0,0,0,107.5,2022
8368,百五銀行,プライム（内国株式）,銀行業,34,2,0,0,0,0,0,17,0,0,0,0,0,17,2640
8370,紀陽銀行,プライム（内国株式）,銀行業,45.666667,2,0,0,0,0,0,22.833333,0,0,0,0,0,22.833333,1750
8377,ほくほくフィナンシャルグループ,プライム（内国株式）,銀行業,110,2,0,0,0,0,0,55,0,0,0,0,0,55,871.200012
8381,山陰合同銀行,プライム（内国株式）,銀行業,60,2,0,0,0,0,0,30,0,0,0,0,0,30,2570
8383,鳥取銀行,スタンダード（内国株式）,銀行業,50,2,0,0,0,0,0,25,0,0,0,0,0,25,1939
8386,百十四銀行,プライム（内国株式）,銀行業,234,2,0,0,0,0,0,117,0,0,0,0,0,117,3240
8387,四国銀行,プライム（内国株式）,銀行業,60,2,0,0,0,0,0,30,0,0,0,0,0,30,4700
8388,阿波銀行,プライム（内国株式）,銀行業,28.5,2,0,0,0,0,0,14.25,0,0,0,0,0,14.25,2261
8392,大分銀行,プライム（内国株式）,銀行業,170,2,0,0,0,0,0,85,0,0,0,0,0,85,3305
8393,宮崎銀行,プライム（内国株式）,銀行業,200,2,0,0,0,0,0,100,0,0,0,0,0,100,2905
8395,佐賀銀行,プライム（内国株式）,銀行業,110,2,0,0,0,0,0,55,0,0,0,0,0,55,7110
8399,琉球銀行,プライム（内国株式）,銀行業,88,2,0,0,0,0,0,44,0,0,0,0,0,44,3185
8410,セブン銀行,プライム（内国株式）,銀行業,11,2,0,0,0,0,0,5.5,0,0,0,0,0,5.5,340.600006
8411,みずほフィナンシャルグループ,プライム（内国株式）,銀行業,145,2,0,0,0,0,0,72.5,0,0,0,0,0,72.5,8644
8416,高知銀行,スタンダード（内国株式）,銀行業,25,2,0,0,0,0,0,12.5,0,0,0,0,0,12.5,1189
8418,山口フィナンシャルグループ,プライム（内国株式）,銀行業,64,2,0,0,0,0,0,32,0,0,0,0,0,32,3532
8424,芙蓉総合リース,プライム（内国株式）,その他金融業,158,2,0,0,0,0,0,79,0,0,0,0,0,79,4225
8425,みずほリース,プライム（内国株式）,その他金融業,51,2,0,0,0,0,0,25.5,0,0,0,0,0,25.5,1268
8439,東京センチュリー,プライム（内国株式）,その他金融業,80,2,0,0,0,0,0,40,0,0,0,0,0,40,2597.5
8473,ＳＢＩホールディングス,プライム（内国株式）,証券、商品先物取引業,115,2,0,0,0,0,0,57.5,0,0,0,0,0,57.5,3038
8508,Ｊトラスト,スタンダード（内国株式）,その他金融業,17,1,0,0,17,0,0,0,0,0,0,0,0,0,788
8511,日本証券金融,プライム（内国株式）,その他金融業,86,2,0,0,0,0,0,43,0,0,0,0,0,43,2269
8518,日本アジア投資,スタンダード（内国株式）,証券、商品先物取引業,,,0,0,0,0,0,0,0,0,0,0,0,0,146
8522,名古屋銀行,プライム（内国株式）,銀行業,136.67,2,0,0,0,0,0,68.335,0,0,0,0,0,68.335,7080
8524,北洋銀行,プライム（内国株式）,銀行業,28,2,0,0,0,0,0,14,0,0,0,0,0,14,1355
8537,大光銀行,スタンダード（内国株式）,銀行業,89,2,0,0,0,0,0,44.5,0,0,0,0,0,44.5,3290
8541,愛媛銀行,プライム（内国株式）,銀行業,46,2,0,0,0,0,0,23,0,0,0,0,0,23,3520
8542,トマト銀行,スタンダード（内国株式）,銀行業,50,2,0,0,0,0,0,25,0,0,0,0,0,25,1938
8544,京葉銀行,プライム（内国株式）,銀行業,42,2,0,0,0,0,0,21,0,0,0,0,0,21,2956
8550,栃木銀行,プライム（内国株式）,銀行業,26,2,0,0,0,0,0,13,0,0,0,0,0,13,1181
8551,北日本銀行,プライム（内国株式）,銀行業,61.333333,2,0,0,0,0,0,30.666667,0,0,0,0,0,30.666667,2940
8558,東和銀行,プライム（内国株式）,銀行業,35,1,0,0,0,0,0,35,0,0,0,0,0,0,1527
8562,福島銀行,スタンダード（内国株式）,銀行業,5,1,0,0,0,0,0,5,0,0,0,0,0,0,411
8563,大東銀行,スタンダード（内国株式）,銀行業,40,1,0,0,0,0,0,40,0,0,0,0,0,0,1350
8566,リコーリース,プライム（内国株式）,その他金融業,185,2,0,0,0,0,0,92.5,0,0,0,0,0,92.5,6320
8570,イオンフィナンシャルサービス,プライム（内国株式）,その他金融業,53,2,0,0,0,0,26.5,0,0,0,0,0,26.5,0,1500.5
8572,アコム,スタンダード（内国株式）,その他金融業,22,2,0,0,0,0,0,11,0,0,0,0,0,11,456
8584,ジャックス,プライム（内国株式）,その他金融業,200,2,0,0,0,0,0,100,0,0,0,0,0,100,3430
8585,オリエントコーポレーション,プライム（内国株式）,その他金融業,40,1,0,0,0,0,0,40,0,0,0,0,0,0,782
8591,オリックス,プライム（内国株式）,その他金融業,156.1,2,0,0,0,0,0,78.05,0,0,0,0,0,78.05,5877
8593,三菱ＨＣキャピタル,プライム（内国株式）,その他金融業,46,2,0,0,0,0,0,23,0,0,0,0,0,23,1300
8595,ジャフコ　グループ,プライム（内国株式）,証券、商品先物取引業,133,2,0,0,0,0,0,66.5,0,0,0,0,0,66.5,2209
8596,九州リースサービス,スタンダード（内国株式）,その他金融業,58,2,0,0,0,0,0,29,0,0,0,0,0,29,1498
8600,トモニホールディングス,プライム（内国株式）,銀行業,26,2,0,0,0,0,0,13,0,0,0,0,0,13,1194
8601,大和証券グループ本社,プライム（内国株式）,証券、商品先物取引業,64,2,0,0,0,0,0,32,0,0,0,0,0,32,1761.5
8604,野村ホールディングス,プライム（内国株式）,証券、商品先物取引業,51,2,0,0,0,0,0,25.5,0,0,0,0,0,25.5,1519.5
8609,岡三証券グループ,プライム（内国株式）,証券、商品先物取引業,50,1,0,0,0,0,0,50,0,0,0,0,0,0,1224
8613,丸三証券,プライム（内国株式）,証券、商品先物取引業,70,2,0,0,0,0,0,35,0,0,0,0,0,35,1203
8614,東洋証券,プライム（内国株式）,証券、商品先物取引業,50,1,0,0,0,0,0,50,0,0,0,0,0,0,694
8616,東海東京フィナンシャル・ホールディングス,プライム（内国株式）,証券、商品先物取引業,50,2,0,0,0,0,0,25,0,0,0,0,0,25,881
8617,光世証券,スタンダード（内国株式）,証券、商品先物取引業,10,1,0,0,0,0,0,10,0,0,0,0,0,0,604
8622,水戸証券,プライム（内国株式）,証券、商品先物取引業,43,2,0,0,0,0,0,21.5,0,0,0,0,0,21.5,843
8624,いちよし証券,プライム（内国株式）,証券、商品先物取引業,89,2,0,0,0,0,0,44.5,0,0,0,0,0,44.5,1606
8628,松井証券,プライム（内国株式）,証券、商品先物取引業,50,2,0,0,0,0,0,25,0,0,0,0,0,25,1130
8630,ＳＯＭＰＯホールディングス,プライム（内国株式）,保険業,150,2,0,0,0,0,0,75,0,0,0,0,0,75,6561
8697,日本取引所グループ,プライム（内国株式）,その他金融業,61,2,0,0,0,0,0,30.5,0,0,0,0,0,30.5,2281
8698,マネックスグループ,プライム（内国株式）,証券、商品先物取引業,30.7,2,0,0,0,0,0,15.35,0,0,0,0,0,15.35,685
8699,ＨＳホールディングス,スタンダード（内国株式）,証券、商品先物取引業,10,1,0,0,0,0,0,10,0,0,0,0,0,0,1123
8700,丸八証券,スタンダード（内国株式）,証券、商品先物取引業,100,1,0,0,0,0,0,100,0,0,0,0,0,0,2060
8704,トレイダーズホールディングス,スタンダード（内国株式）,証券、商品先物取引業,40,2,0,0,0,0,0,20,0,0,0,0,0,20,1370
8705,日産証券グループ,スタンダード（内国株式）,証券、商品先物取引業,15,2,0,0,0,0,0,7.5,0,0,0,0,0,7.5,215
8706,極東証券,プライム（内国株式）,証券、商品先物取引業,110,2,0,0,0,0,0,55,0,0,0,0,0,55,1726
8707,岩井コスモホールディングス,プライム（内国株式）,証券、商品先物取引業,225,2,0,0,0,0,0,112.5,0,0,0,0,0,112.5,4635
8708,アイザワ証券グループ,プライム（内国株式）,証券、商品先物取引業,117,2,0,0,0,0,0,58.5,0,0,0,0,0,58.5,1640
8713,フィデアホールディングス,プライム（内国株式）,銀行業,75,2,0,0,0,0,0,37.5,0,0,0,0,0,37.5,2753
8714,池田泉州ホールディングス,プライム（内国株式）,銀行業,25,2,0,0,0,0,0,12.5,0,0,0,0,0,12.5,1143
8715,アニコム　ホールディングス,プライム（内国株式）,保険業,9,1,0,0,0,0,0,9,0,0,0,0,0,0,1039
8725,ＭＳ＆ＡＤインシュアランスグループホールディングス,プライム（内国株式）,保険業,160,2,0,0,0,0,0,80,0,0,0,0,0,80,4856
8729,ソニーフィナンシャルグループ,プライム（内国株式）,保険業,3.8,1,0,0,0,0,0,3.8,0,0,0,0,0,0,148.800003
8737,あかつき本社,スタンダード（内国株式）,証券、商品先物取引業,30,2,0,0,0,0,0,15,0,0,0,0,0,15,581
8739,スパークス・グループ,プライム（内国株式）,証券、商品先物取引業,90,1,0,0,0,0,0,90,0,0,0,0,0,0,2648
8742,小林洋行,スタンダード（内国株式）,証券、商品先物取引業,6,1,0,0,0,0,0,6,0,0,0,0,0,0,571
8746,ｕｎｂａｎｋｅｄ,スタンダード（内国株式）,証券、商品先物取引業,15,1,0,0,0,0,0,15,0,0,0,0,0,0,108
8747,豊トラスティ証券,スタンダード（内国株式）,証券、商品先物取引業,210,1,0,0,0,0,0,210,0,0,0,0,0,0,2138
8750,第一ライフグループ,プライム（内国株式）,保険業,36.5,2,0,0,0,0,0,18.25,0,0,0,0,0,18.25,1837.5
8766,東京海上ホールディングス,プライム（内国株式）,保険業,14.533333,2,0,0,0,0,0,7.266667,0,0,0,0,0,7.266667,516
8769,アドバンテッジリスクマネジメント,スタンダード（内国株式）,サービス業,17,1,0,0,0,0,0,17,0,0,0,0,0,0,505
8771,イー・ギャランティ,プライム（内国株式）,その他金融業,40,1,0,0,0,0,0,40,0,0,0,0,0,0,1742
8772,アサックス,スタンダード（内国株式）,その他金融業,22,1,0,0,0,0,0,22,0,0,0,0,0,0,924
8783,ａｂｃ,スタンダード（内国株式）,その他金融業,,,0,0,0,0,0,0,0,0,0,0,0,0,43
8789,フィンテック　グローバル,スタンダード（内国株式）,その他金融業,3,1,0,0,0,0,0,0,0,0,0,0,0,3,156
8793,ＮＥＣキャピタルソリューション,プライム（内国株式）,その他金融業,150,2,0,0,0,0,0,75,0,0,0,0,0,75,4020
8795,Ｔ＆Ｄホールディングス,プライム（内国株式）,保険業,130,2,0,0,0,0,0,65,0,0,0,0,0,65,4860
8798,アドバンスクリエイト,プライム（内国株式）,保険業,17.5,2,0,0,0,0,0,8.75,0,0,0,0,0,8.75,70
8801,三井不動産,プライム（内国株式）,不動産業,35,2,0,0,0,0,0,17.5,0,0,0,0,0,17.5,1415
8802,三菱地所,プライム（内国株式）,不動産業,46,2,0,0,0,0,0,23,0,0,0,0,0,23,3479
8803,平和不動産,プライム（内国株式）,不動産業,98,2,0,0,0,0,0,49,0,0,0,0,0,49,2215
8804,東京建物,プライム（内国株式）,不動産業,105,2,0,0,52.5,0,0,0,0,0,52.5,0,0,0,3193
8818,京阪神ビルディング,プライム（内国株式）,不動産業,40,2,0,0,0,0,0,20,0,0,0,0,0,20,964
8830,住友不動産,プライム（内国株式）,不動産業,32.5,2,0,0,0,0,0,16.25,0,0,0,0,0,16.25,3086
8835,太平洋興発,スタンダード（内国株式）,卸売業,40,1,0,0,0,0,0,40,0,0,0,0,0,0,777
8836,ＲＩＳＥ,スタンダード（内国株式）,不動産業,,,0,0,0,0,0,0,0,0,0,0,0,0,26
8841,テーオーシー,スタンダード（内国株式）,不動産業,10,2,0,0,0,0,0,5,0,0,0,0,0,5,961
8844,コスモスイニシア,スタンダード（内国株式）,不動産業,48,2,0,0,0,0,0,24,0,0,0,0,0,24,1162
8848,レオパレス２１,プライム（内国株式）,不動産業,10,2,0,0,0,0,0,5,0,0,0,0,0,5,1002
8850,スターツコーポレーション,プライム（内国株式）,不動産業,140,2,0,0,0,0,0,70,0,0,0,0,0,70,4520
8860,フジ住宅,プライム（内国株式）,不動産業,32,2,0,0,0,0,0,16,0,0,0,0,0,16,701
8864,空港施設,スタンダード（内国株式）,不動産業,42,2,0,0,0,0,0,21,0,0,0,0,0,21,905
8869,明和地所,スタンダード（内国株式）,不動産業,45,1,0,0,0,0,0,45,0,0,0,0,0,0,781
8871,ゴールドクレスト,スタンダード（内国株式）,不動産業,100,2,0,0,0,0,0,50,0,0,0,0,0,50,2939
8876,リログループ,プライム（内国株式）,サービス業,69,1,0,0,0,0,0,69,0,0,0,0,0,0,2370
8877,エスリード,プライム（内国株式）,不動産業,240,2,0,0,0,0,0,120,0,0,0,0,0,120,4910
8881,日神グループホールディングス,プライム（内国株式）,不動産業,35,1,0,0,0,0,0,35,0,0,0,0,0,0,633
8887,シーラホールディングス,スタンダード（内国株式）,不動産業,3.5,2,0,1.75,0,0,0,0,0,1.75,0,0,0,0,350
8891,ＡＭＧホールディングス,スタンダード（内国株式）,不動産業,70,2,0,0,0,0,0,35,0,0,0,0,0,35,2106
8892,エスコン,プライム（内国株式）,不動産業,48,1,0,0,0,0,0,48,0,0,0,0,0,0,1047
8894,ＲＥＶＯＬＵＴＩＯＮ,スタンダード（内国株式）,不動産業,,,0,0,0,0,0,0,0,0,0,0,0,0,15
8897,ＭＩＲＡＲＴＨホールディングス,プライム（内国株式）,不動産業,21,2,0,0,0,0,0,10.5,0,0,0,0,0,10.5,423
8898,センチュリー２１・ジャパン,スタンダード（内国株式）,不動産業,53,2,0,0,0,0,0,26.5,0,0,0,0,0,26.5,1120
8904,ＡＶＡＮＴＩＡ,スタンダード（内国株式）,不動産業,38,2,0,0,0,0,19,0,0,0,0,0,19,0,821
8908,毎日コムネット,スタンダード（内国株式）,不動産業,32,2,0,16,0,0,0,0,0,16,0,0,0,0,870
8912,エリアクエスト,スタンダード（内国株式）,不動産業,3,1,0,0,0,0,0,0,0,0,3,0,0,0,156
8914,エリアリンク,スタンダード（内国株式）,不動産業,19.25,2,0,0,9.625,0,0,0,0,0,9.625,0,0,0,833
8917,ファースト住建,スタンダード（内国株式）,不動産業,43,2,21.5,0,0,0,0,0,21.5,0,0,0,0,0,1073
8918,ランド,スタンダード（内国株式）,不動産業,0.1,1,0,0,0,0,0.1,0,0,0,0,0,0,0,10
8919,カチタス,プライム（内国株式）,不動産業,80,2,0,0,0,0,0,40,0,0,0,0,0,40,3450
8920,東祥,スタンダード（内国株式）,サービス業,10,2,0,0,0,0,0,5,0,0,0,0,0,5,665
8923,トーセイ,プライム（内国株式）,不動産業,100,1,0,100,0,0,0,0,0,0,0,0,0,0,1654
8927,明豊エンタープライズ,スタンダード（内国株式）,不動産業,12,2,0,0,0,6,0,0,0,0,0,6,0,0,496
8928,穴吹興産,スタンダード（内国株式）,不動産業,58,2,0,0,29,0,0,0,0,0,29,0,0,0,2325
8929,青山財産ネットワークス,スタンダード（内国株式）,不動産業,53,2,0,0,26.5,0,0,0,0,0,26.5,0,0,0,1299
8931,和田興産,スタンダード（内国株式）,不動産業,72,2,0,0,0,0,36,0,0,0,0,0,36,0,1280
8934,サンフロンティア不動産,プライム（内国株式）,不動産業,76,2,0,0,0,0,0,38,0,0,0,0,0,38,2189
8935,ＦＪネクストホールディングス,プライム（内国株式）,不動産業,66,2,0,0,0,0,0,33,0,0,0,0,0,33,1924
8938,グローム・ホールディングス,グロース（内国株式）,不動産業,2,1,0,0,0,0,0,2,0,0,0,0,0,0,312
8944,ランドビジネス,スタンダード（内国株式）,不動産業,6,1,0,0,0,0,0,0,0,0,0,0,0,6,296
8945,サンネクスタグループ,スタンダード（内国株式）,不動産業,41,2,0,0,20.5,0,0,0,0,0,20.5,0,0,0,1088
8946,ＡＳＩＡＮ　ＳＴＡＲ,スタンダード（内国株式）,不動産業,,,0,0,0,0,0,0,0,0,0,0,0,0,72
8951,日本ビルファンド投資法人,REIT・ベンチャーファンド・カントリーファンド・インフラファンド,ETF・他,4943,2,0,0,0,0,0,2489,0,0,0,0,0,2454,116900
8952,ジャパンリアルエステイト投資法人,REIT・ベンチャーファンド・カントリーファンド・インフラファンド,ETF・他,5097,2,0,0,2536,0,0,0,0,0,2561,0,0,0,105800
8953,日本都市ファンド投資法人,REIT・ベンチャーファンド・カントリーファンド・インフラファンド,ETF・他,5987,2,0,3006,0,0,0,0,0,2981,0,0,0,0,103500
8954,オリックス不動産投資法人,REIT・ベンチャーファンド・カントリーファンド・インフラファンド,ETF・他,4864,2,0,2414,0,0,0,0,0,2450,0,0,0,0,89500
8955,日本プライムリアルティ投資法人,REIT・ベンチャーファンド・カントリーファンド・インフラファンド,ETF・他,4258,2,0,0,0,0,0,2147,0,0,0,0,0,2111,88500
8956,ＮＴＴ都市開発リート投資法人,REIT・ベンチャーファンド・カントリーファンド・インフラファンド,ETF・他,6280,2,0,0,0,3140,0,0,0,0,0,3140,0,0,121300
8957,東急リアル・エステート投資法人,REIT・ベンチャーファンド・カントリーファンド・インフラファンド,ETF・他,8020,2,4000,0,0,0,0,0,4020,0,0,0,0,0,179700
8958,グローバル・ワン不動産投資法人,REIT・ベンチャーファンド・カントリーファンド・インフラファンド,ETF・他,6881,2,0,0,3681,0,0,0,0,0,3200,0,0,0,106000
8960,ユナイテッド・アーバン投資法人,REIT・ベンチャーファンド・カントリーファンド・インフラファンド,ETF・他,8734,2,0,0,0,0,4592,0,0,0,0,0,4142,0,150500
8961,森トラストリート投資法人,REIT・ベンチャーファンド・カントリーファンド・インフラファンド,ETF・他,3651,2,0,1837,0,0,0,0,0,1814,0,0,0,0,66800
8963,インヴィンシブル投資法人,REIT・ベンチャーファンド・カントリーファンド・インフラファンド,ETF・他,4116,2,0,0,0,0,0,1930,0,0,0,0,0,2186,58200
8964,三井不動産商業ファンド投資法人,REIT・ベンチャーファンド・カントリーファンド・インフラファンド,ETF・他,4414,2,0,0,0,0,0,2214,0,0,0,0,0,2200,72700
8966,平和不動産リート投資法人,REIT・ベンチャーファンド・カントリーファンド・インフラファンド,ETF・他,7940,2,0,0,0,0,3990,0,0,0,0,0,3950,0,124000
8967,日本ロジスティクスファンド投資法人,REIT・ベンチャーファンド・カントリーファンド・インフラファンド,ETF・他,4665,2,2300,0,0,0,0,0,2365,0,0,0,0,0,87200
8968,福岡リート投資法人,REIT・ベンチャーファンド・カントリーファンド・インフラファンド,ETF・他,8151,2,0,4151,0,0,0,0,0,4000,0,0,0,0,166500
8972,ＫＤＸ不動産投資法人,REIT・ベンチャーファンド・カントリーファンド・インフラファンド,ETF・他,8271,2,0,0,0,4166,0,0,0,0,0,4105,0,0,140800
8975,いちごオフィスリート投資法人,REIT・ベンチャーファンド・カントリーファンド・インフラファンド,ETF・他,5091,2,0,0,0,2376,0,0,0,0,0,2715,0,0,90600
8976,大和証券オフィス投資法人,REIT・ベンチャーファンド・カントリーファンド・インフラファンド,ETF・他,15650,2,0,0,0,0,7630,0,0,0,0,0,8020,0,292100
8977,阪急阪神リート投資法人,REIT・ベンチャーファンド・カントリーファンド・インフラファンド,ETF・他,6689,2,0,0,0,0,3300,0,0,0,0,0,3389,0,125700
8979,スターツプロシード投資法人,REIT・ベンチャーファンド・カントリーファンド・インフラファンド,ETF・他,10011,2,0,0,0,5186,0,0,0,0,0,4825,0,0,175200
8984,大和ハウスリート投資法人,REIT・ベンチャーファンド・カントリーファンド・インフラファンド,ETF・他,6528,2,0,3458,0,0,0,0,0,3070,0,0,0,0,108400
8985,ジャパン・ホテル・リート投資法人,REIT・ベンチャーファンド・カントリーファンド・インフラファンド,ETF・他,5061,1,0,0,0,0,0,0,0,0,0,0,0,5061,79500
8986,大和証券リビング投資法人,REIT・ベンチャーファンド・カントリーファンド・インフラファンド,ETF・他,5140,2,0,0,2630,0,0,0,0,0,2510,0,0,0,85100
8987,ジャパンエクセレント投資法人,REIT・ベンチャーファンド・カントリーファンド・インフラファンド,ETF・他,6106,2,0,0,0,0,0,3070,0,0,0,0,0,3036,125100
8995,誠建設工業,スタンダード（内国株式）,不動産業,25,1,0,0,0,0,0,25,0,0,0,0,0,0,1908
8996,ハウスフリーダム,スタンダード（内国株式）,不動産業,55,1,0,0,55,0,0,0,0,0,0,0,0,0,1109
8999,グランディハウス,プライム（内国株式）,不動産業,32,1,0,0,0,0,0,32,0,0,0,0,0,0,554
9001,東武鉄道,プライム（内国株式）,陸運業,70,2,0,0,0,0,0,35,0,0,0,0,0,35,2764.5
9003,相鉄ホールディングス,プライム（内国株式）,陸運業,70,2,0,0,0,0,0,35,0,0,0,0,0,35,2503
9005,東急,プライム（内国株式）,陸運業,30,2,0,0,0,0,0,15,0,0,0,0,0,15,1585
9006,京浜急行電鉄,プライム（内国株式）,陸運業,46,2,0,0,0,0,0,23,0,0,0,0,0,23,1511.5
9007,小田急電鉄,プライム（内国株式）,陸運業,55,2,0,0,0,0,0,27.5,0,0,0,0,0,27.5,1709.5
9008,京王電鉄,プライム（内国株式）,陸運業,110,2,0,0,0,0,0,55,0,0,0,0,0,55,747.599976
9009,京成電鉄,プライム（内国株式）,陸運業,21,2,0,0,0,0,0,10.5,0,0,0,0,0,10.5,1295
9010,富士急行,プライム（内国株式）,陸運業,32,1,0,0,0,0,0,32,0,0,0,0,0,0,2600
9012,秩父鉄道,スタンダード（内国株式）,陸運業,,,0,0,0,0,0,0,0,0,0,0,0,0,2240
9017,新潟交通,スタンダード（内国株式）,陸運業,10,1,0,0,0,0,0,10,0,0,0,0,0,0,1980
9020,東日本旅客鉄道,プライム（内国株式）,陸運業,74,2,0,0,0,0,0,37,0,0,0,0,0,37,3328
9021,西日本旅客鉄道,プライム（内国株式）,陸運業,97.5,2,0,0,0,0,0,48.75,0,0,0,0,0,48.75,2845.5
9022,東海旅客鉄道,プライム（内国株式）,陸運業,32,2,0,0,0,0,0,16,0,0,0,0,0,16,3600
9023,東京地下鉄,プライム（内国株式）,陸運業,42,2,0,0,0,0,0,21,0,0,0,0,0,21,1437.5
9024,西武ホールディングス,プライム（内国株式）,陸運業,42,2,0,0,0,0,0,21,0,0,0,0,0,21,3574
9025,鴻池運輸,プライム（内国株式）,陸運業,110,2,0,0,0,0,0,55,0,0,0,0,0,55,2742
9028,ゼロ,スタンダード（内国株式）,陸運業,139.9,2,0,0,69.95,0,0,0,0,0,69.95,0,0,0,3105
9029,ヒガシホールディングス,スタンダード（内国株式）,陸運業,60,1,0,0,0,0,0,60,0,0,0,0,0,0,1871
9031,西日本鉄道,プライム（内国株式）,陸運業,70,2,0,0,0,0,0,35,0,0,0,0,0,35,2813.5
9033,広島電鉄,スタンダード（内国株式）,陸運業,8,1,0,0,0,0,0,8,0,0,0,0,0,0,626
9034,南総通運,スタンダード（内国株式）,陸運業,70,2,0,0,0,0,0,35,0,0,0,0,0,35,1629
9036,東部ネットワーク,スタンダード（内国株式）,陸運業,20,2,0,0,0,0,0,10,0,0,0,0,0,10,1178
9037,ハマキョウレックス,プライム（内国株式）,陸運業,41.75,2,0,0,0,0,0,20.875,0,0,0,0,0,20.875,1793
9039,サカイ引越センター,プライム（内国株式）,陸運業,98,2,0,0,0,0,0,49,0,0,0,0,0,49,2975
9041,近鉄グループホールディングス,プライム（内国株式）,陸運業,60,2,0,0,0,0,0,30,0,0,0,0,0,30,3413
9042,阪急阪神ホールディングス,プライム（内国株式）,陸運業,100,2,0,0,0,0,0,50,0,0,0,0,0,50,4495
9044,ＮＡＮＫＡＩ,プライム（内国株式）,陸運業,50,2,0,0,0,0,0,25,0,0,0,0,0,25,3015
9045,京阪ホールディングス,プライム（内国株式）,陸運業,100,1,0,0,0,0,0,100,0,0,0,0,0,0,3115
9046,神戸電鉄,スタンダード（内国株式）,陸運業,25,1,0,0,0,0,0,25,0,0,0,0,0,0,2335
9048,名古屋鉄道,プライム（内国株式）,陸運業,40,1,0,0,0,0,0,40,0,0,0,0,0,0,1843.5
9049,京福電気鉄道,スタンダード（内国株式）,陸運業,20,1,0,0,0,0,0,20,0,0,0,0,0,0,6490
9051,センコン物流,スタンダード（内国株式）,陸運業,15,2,0,0,0,0,0,7.5,0,0,0,0,0,7.5,1135
9052,山陽電気鉄道,プライム（内国株式）,陸運業,50,2,0,0,0,0,0,25,0,0,0,0,0,25,1899
9057,遠州トラック,スタンダード（内国株式）,陸運業,96,2,0,0,0,0,0,48,0,0,0,0,0,48,3210
9059,カンダホールディングス,スタンダード（内国株式）,陸運業,23,2,0,0,0,0,0,11.5,0,0,0,0,0,11.5,915
9060,日本ロジテム,スタンダード（内国株式）,陸運業,80,2,0,0,0,0,0,40,0,0,0,0,0,40,4180
9063,岡山県貨物運送,スタンダード（内国株式）,陸運業,80,1,0,0,0,0,0,80,0,0,0,0,0,0,4060
9064,ヤマトホールディングス,プライム（内国株式）,陸運業,46,2,0,0,0,0,0,23,0,0,0,0,0,23,1982.5
9065,山九,プライム（内国株式）,陸運業,49.2,2,0,0,0,0,0,24.6,0,0,0,0,0,24.6,1582
9068,丸全昭和運輸,プライム（内国株式）,陸運業,105,2,0,0,0,0,0,52.5,0,0,0,0,0,52.5,3550
9069,センコーグループホールディングス,プライム（内国株式）,陸運業,50,2,0,0,0,0,0,25,0,0,0,0,0,25,2335
9072,ニッコンホールディングス,プライム（内国株式）,陸運業,75,2,0,0,0,0,0,37.5,0,0,0,0,0,37.5,4620
9073,京極運輸商事,スタンダード（内国株式）,陸運業,12,1,0,0,0,0,0,12,0,0,0,0,0,0,1257
9074,日本石油輸送,スタンダード（内国株式）,陸運業,70,2,0,0,0,0,0,35,0,0,0,0,0,35,2367
9075,福山通運,プライム（内国株式）,陸運業,76,2,0,0,0,0,0,38,0,0,0,0,0,38,5910
9076,セイノーホールディングス,プライム（内国株式）,陸運業,104,2,0,0,0,0,0,52,0,0,0,0,0,52,2604.5
9081,神奈川中央交通,プライム（内国株式）,陸運業,90,2,0,0,0,0,0,45,0,0,0,0,0,45,3670
9082,大和自動車交通,スタンダード（内国株式）,陸運業,9,2,0,0,0,0,0,4.5,0,0,0,0,0,4.5,2500
9083,神姫バス,スタンダード（内国株式）,陸運業,35,2,0,0,0,0,0,17.5,0,0,0,0,0,17.5,1934
9087,タカセ,スタンダード（内国株式）,陸運業,35,1,0,0,0,0,0,35,0,0,0,0,0,0,2050
9090,ＡＺ－ＣＯＭ丸和ホールディングス,プライム（内国株式）,陸運業,32,2,0,0,0,0,0,16,0,0,0,0,0,16,827
9101,日本郵船,プライム（内国株式）,海運業,230,2,0,0,0,0,0,115,0,0,0,0,0,115,7092
9104,商船三井,プライム（内国株式）,海運業,200,2,0,0,0,0,0,100,0,0,0,0,0,100,7058
9107,川崎汽船,プライム（内国株式）,海運業,120,2,0,0,0,0,0,60,0,0,0,0,0,60,3238
9110,ＮＳユナイテッド海運,プライム（内国株式）,海運業,310,2,0,0,0,0,0,155,0,0,0,0,0,155,10510
9115,明海グループ,スタンダード（内国株式）,海運業,5,1,0,0,0,0,0,5,0,0,0,0,0,0,1001
9119,飯野海運,プライム（内国株式）,海運業,59,2,0,0,0,0,0,29.5,0,0,0,0,0,29.5,1656
9127,玉井商船,スタンダード（内国株式）,海運業,125,1,0,0,0,0,0,125,0,0,0,0,0,0,3470
9130,共栄タンカー,スタンダード（内国株式）,海運業,40,2,0,0,0,0,0,20,0,0,0,0,0,20,1611
9142,九州旅客鉄道,プライム（内国株式）,陸運業,115,2,0,0,0,0,0,57.5,0,0,0,0,0,57.5,3351
9143,ＳＧホールディングス,プライム（内国株式）,陸運業,53,2,0,0,0,0,0,26.5,0,0,0,0,0,26.5,1435.5
9145,ビーイングホールディングス,スタンダード（内国株式）,陸運業,13,2,0,0,6.5,0,0,0,0,0,6.5,0,0,0,538
9147,ＮＩＰＰＯＮ　ＥＸＰＲＥＳＳホールディングス,プライム（内国株式）,陸運業,100,2,0,0,50,0,0,0,0,0,50,0,0,0,5590
9158,シーユーシー,グロース（内国株式）,サービス業,,,0,0,0,0,0,0,0,0,0,0,0,0,778
9159,Ｗ　ＴＯＫＹＯ,グロース（内国株式）,サービス業,,,0,0,0,0,0,0,0,0,0,0,0,0,1866
9160,オンザページ,スタンダード（内国株式）,サービス業,,,0,0,0,0,0,0,0,0,0,0,0,0,333
9162,ブリーチ,グロース（内国株式）,サービス業,,,0,0,0,0,0,0,0,0,0,0,0,0,226
9163,ナレルグループ,グロース（内国株式）,サービス業,115,2,57.5,0,0,0,0,0,57.5,0,0,0,0,0,2359
9165,クオルテック,グロース（内国株式）,サービス業,37,1,0,0,0,0,0,0,0,0,37,0,0,0,1778
9166,ＧＥＮＤＡ,グロース（内国株式）,サービス業,,,0,0,0,0,0,0,0,0,0,0,0,0,647
9168,ライズ・コンサルティング・グループ,グロース（内国株式）,サービス業,21,1,0,0,0,0,21,0,0,0,0,0,0,0,416
9171,栗林商船,スタンダード（内国株式）,海運業,60,1,0,0,0,0,0,60,0,0,0,0,0,0,1488
9173,東海汽船,スタンダード（内国株式）,海運業,10,1,0,0,10,0,0,0,0,0,0,0,0,0,2837
9193,東京汽船,スタンダード（内国株式）,倉庫・運輸関連業,50,1,0,0,0,0,0,50,0,0,0,0,0,0,860
9201,日本航空,プライム（内国株式）,空運業,96,2,0,0,0,0,0,48,0,0,0,0,0,48,3009
92015,日本航空株式会社第１回社債型種類株式,プライム（内国株式）,空運業,,,0,0,0,0,0,0,0,0,0,0,0,0,10170
9202,ＡＮＡホールディングス,プライム（内国株式）,空運業,65,1,0,0,0,0,0,65,0,0,0,0,0,0,2910
92025,ＡＮＡホールディングス第１回社債型種類株式,プライム（内国株式）,空運業,,,0,0,0,0,0,0,0,0,0,0,0,0,4720
9204,スカイマーク,グロース（内国株式）,空運業,7,1,0,0,0,0,0,7,0,0,0,0,0,0,426
9206,スターフライヤー,スタンダード（内国株式）,空運業,10,1,0,0,0,0,0,10,0,0,0,0,0,0,1910
9211,エフ・コード,グロース（内国株式）,サービス業,,,0,0,0,0,0,0,0,0,0,0,0,0,1441
9212,Ｇｒｅｅｎ　Ｅａｒｔｈ　Ｉｎｓｔｉｔｕｔｅ,スタンダード（内国株式）,サービス業,,,0,0,0,0,0,0,0,0,0,0,0,0,273
9213,セイファート,スタンダード（内国株式）,サービス業,12,2,0,0,6,0,0,0,0,0,6,0,0,0,1026
9214,Ｒｅｃｏｖｅｒｙ　Ｉｎｔｅｒｎａｔｉｏｎａｌ,グロース（内国株式）,サービス業,,,0,0,0,0,0,0,0,0,0,0,0,0,1270
9215,ＣａＳｙ,グロース（内国株式）,サービス業,,,0,0,0,0,0,0,0,0,0,0,0,0,1004
9216,ビーウィズ,プライム（内国株式）,サービス業,77,1,0,0,0,0,0,0,0,77,0,0,0,0,1608
9218,メンタルヘルステクノロジーズ,グロース（内国株式）,サービス業,10,1,0,0,10,0,0,0,0,0,0,0,0,0,815
9219,ギックス,グロース（内国株式）,サービス業,53.5,2,0,0,26.75,0,0,0,0,0,26.75,0,0,0,900
9220,エフビー介護サービス,スタンダード（内国株式）,サービス業,38,2,0,0,0,0,0,19,0,0,0,0,0,19,1281
9221,フルハシＥＰＯ,スタンダード（内国株式）,サービス業,30,2,0,0,0,0,0,15,0,0,0,0,0,15,1136
9225,ブリッジコンサルティンググループ,グロース（内国株式）,サービス業,,,0,0,0,0,0,0,0,0,0,0,0,0,967
9227,マイクロ波化学,グロース（内国株式）,サービス業,,,0,0,0,0,0,0,0,0,0,0,0,0,801
9229,サンウェルズ,プライム（内国株式）,サービス業,10,2,0,0,0,0,0,5,0,0,0,0,0,5,109
9233,アジア航測,スタンダード（内国株式）,空運業,44,2,0,0,0,0,0,22,0,0,0,0,0,22,1120
9235,売れるネット広告社グループ,グロース（内国株式）,サービス業,1.4,1,0,0,0,0,0,0,0,0,0,1.4,0,0,394
9236,ジャパンＭ＆Ａソリューション,グロース（内国株式）,サービス業,,,0,0,0,0,0,0,0,0,0,0,0,0,1482
9237,笑美面,グロース（内国株式）,サービス業,,,0,0,0,0,0,0,0,0,0,0,0,0,853
9238,バリュークリエーション,グロース（内国株式）,サービス業,2,2,0,0,0,0,1,0,0,0,0,0,1,0,354
9240,デリバリーコンサルティング,グロース（内国株式）,サービス業,,,0,0,0,0,0,0,0,0,0,0,0,0,371
9241,フューチャーリンクネットワーク,グロース（内国株式）,サービス業,,,0,0,0,0,0,0,0,0,0,0,0,0,1236
9242,メディア総研,グロース（内国株式）,サービス業,20,1,0,0,0,0,0,0,0,0,0,20,0,0,1998
9244,デジタリフト,グロース（内国株式）,サービス業,,,0,0,0,0,0,0,0,0,0,0,0,0,1092
9245,リベロ,グロース（内国株式）,サービス業,30,1,0,0,30,0,0,0,0,0,0,0,0,0,2089
9246,プロジェクトホールディングス,グロース（内国株式）,サービス業,,,0,0,0,0,0,0,0,0,0,0,0,0,2195
9247,ＴＲＥホールディングス,プライム（内国株式）,サービス業,50,2,0,0,0,0,0,25,0,0,0,0,0,25,1812
9248,人・夢・技術グループ,スタンダード（内国株式）,サービス業,62,1,0,0,0,0,0,0,0,0,0,0,0,62,1551
9249,日本エコシステム,スタンダード（内国株式）,サービス業,17.67,2,0,0,0,0,0,8.835,0,0,0,0,0,8.835,1584
9250,ＧＲＣＳ,グロース（内国株式）,サービス業,,,0,0,0,0,0,0,0,0,0,0,0,0,1340
9251,ＡＢ＆Ｃｏｍｐａｎｙ,グロース（内国株式）,サービス業,60,1,60,0,0,0,0,0,0,0,0,0,0,0,1542
9252,ラストワンマイル,グロース（内国株式）,サービス業,22,2,0,0,0,0,11,0,0,0,0,0,11,0,4305
9253,スローガン,グロース（内国株式）,サービス業,8,1,0,0,0,0,8,0,0,0,0,0,0,0,720
9254,ラバブルマーケティンググループ,グロース（内国株式）,サービス業,,,0,0,0,0,0,0,0,0,0,0,0,0,1000
9256,サクシード,グロース（内国株式）,サービス業,16,1,0,0,0,0,0,16,0,0,0,0,0,0,968
9258,ＣＳ－Ｃ,グロース（内国株式）,サービス業,,,0,0,0,0,0,0,0,0,0,0,0,0,302
9259,タカヨシホールディングス,グロース（内国株式）,サービス業,30,1,0,0,0,0,0,0,0,0,0,0,0,30,821
9262,シルバーライフ,スタンダード（内国株式）,小売業,16,1,0,0,0,0,0,0,0,0,0,16,0,0,672
9264,ポエック,スタンダード（内国株式）,卸売業,70,1,0,0,0,0,0,0,0,0,0,0,70,0,1618
9265,ヤマシタヘルスケアホールディングス,スタンダード（内国株式）,卸売業,75,1,0,0,0,0,0,0,0,75,0,0,0,0,3565
9267,Ｇｅｎｋｙ　ＤｒｕｇＳｔｏｒｅｓ,プライム（内国株式）,小売業,13,2,0,0,6.5,0,0,0,0,0,6.5,0,0,0,3400
9268,オプティマスグループ,スタンダード（内国株式）,卸売業,18,2,0,0,0,0,0,9,0,0,0,0,0,9,413
9270,バリュエンスホールディングス,グロース（内国株式）,卸売業,10,1,0,0,0,0,0,0,0,0,0,0,10,0,1880
9271,和心,グロース（内国株式）,小売業,,,0,0,0,0,0,0,0,0,0,0,0,0,965
9272,ブティックス,グロース（内国株式）,サービス業,,,0,0,0,0,0,0,0,0,0,0,0,0,1524
9273,コーア商事ホールディングス,プライム（内国株式）,卸売業,16,1,0,0,0,0,0,0,0,0,16,0,0,0,786
9274,ＫＰＰグループホールディングス,プライム（内国株式）,卸売業,36,2,0,0,0,0,0,18,0,0,0,0,0,18,1105
9278,ブックオフグループホールディングス,プライム（内国株式）,小売業,25,1,0,0,0,0,0,0,0,25,0,0,0,0,2880
9279,ギフトホールディングス,プライム（内国株式）,小売業,11,2,5.5,0,0,0,0,0,5.5,0,0,0,0,0,2153
9282,いちごグリーンインフラ投資法人,REIT・ベンチャーファンド・カントリーファンド・インフラファンド,ETF・他,3540,1,0,0,0,0,0,3540,0,0,0,0,0,0,27720
9284,カナディアン・ソーラー・インフラ投資法人,REIT・ベンチャーファンド・カントリーファンド・インフラファンド,ETF・他,6697,2,0,0,0,0,0,3041,0,0,0,0,0,3656,71000
9285,東京インフラ・エネルギー投資法人,REIT・ベンチャーファンド・カントリーファンド・インフラファンド,ETF・他,3439,2,0,0,0,0,0,1639,0,0,0,0,0,1800,37000
9286,エネクス・インフラ投資法人,REIT・ベンチャーファンド・カントリーファンド・インフラファンド,ETF・他,4185,2,0,0,0,0,2185,0,0,0,0,0,2000,0,41800
9301,三菱倉庫,プライム（内国株式）,倉庫・運輸関連業,38,2,0,0,0,0,0,19,0,0,0,0,0,19,1451.5
9302,三井倉庫ホールディングス,プライム（内国株式）,倉庫・運輸関連業,49,2,0,0,0,0,0,24.5,0,0,0,0,0,24.5,3271
9303,住友倉庫,プライム（内国株式）,倉庫・運輸関連業,103,2,0,0,0,0,0,51.5,0,0,0,0,0,51.5,4110
9304,澁澤倉庫,プライム（内国株式）,倉庫・運輸関連業,32,2,0,0,0,0,0,16,0,0,0,0,0,16,2089
9305,ヤマタネ,プライム（内国株式）,卸売業,57.5,2,0,0,0,0,0,28.75,0,0,0,0,0,28.75,2021
9306,東陽倉庫,スタンダード（内国株式）,倉庫・運輸関連業,70,2,0,0,0,0,0,35,0,0,0,0,0,35,2002
9307,杉村倉庫,スタンダード（内国株式）,倉庫・運輸関連業,15,2,0,0,0,0,0,7.5,0,0,0,0,0,7.5,950
9308,乾汽船,スタンダード（内国株式）,海運業,9.93,2,0,0,0,0,0,4.965,0,0,0,0,0,4.965,2240
9310,日本トランスシティ,プライム（内国株式）,倉庫・運輸関連業,43,2,0,0,0,0,0,21.5,0,0,0,0,0,21.5,1362
9311,アサガミ,スタンダード（内国株式）,倉庫・運輸関連業,140,1,0,0,0,0,0,140,0,0,0,0,0,0,7450
9312,ケイヒン,スタンダード（内国株式）,倉庫・運輸関連業,100,1,0,0,0,0,0,100,0,0,0,0,0,0,3115
9313,丸八倉庫,スタンダード（内国株式）,倉庫・運輸関連業,24,1,0,24,0,0,0,0,0,0,0,0,0,0,1043
9319,中央倉庫,プライム（内国株式）,倉庫・運輸関連業,38,2,0,0,0,0,0,19,0,0,0,0,0,19,1700
9322,川西倉庫,スタンダード（内国株式）,倉庫・運輸関連業,130,2,0,0,0,0,0,65,0,0,0,0,0,65,2315
9324,安田倉庫,プライム（内国株式）,倉庫・運輸関連業,70,2,0,0,0,0,0,35,0,0,0,0,0,35,2565
9325,ファイズホールディングス,スタンダード（内国株式）,倉庫・運輸関連業,30,2,0,0,0,0,0,15,0,0,0,0,0,15,1037
9326,関通ホールディングス,グロース（内国株式）,倉庫・運輸関連業,10,1,0,0,0,0,10,0,0,0,0,0,0,0,477
9327,イー・ロジット,スタンダード（内国株式）,倉庫・運輸関連業,0.75,1,0,0,0,0,0,0.75,0,0,0,0,0,0,182
9330,揚羽,グロース（内国株式）,サービス業,,,0,0,0,0,0,0,0,0,0,0,0,0,888
9331,キャスター,グロース（内国株式）,サービス業,,,0,0,0,0,0,0,0,0,0,0,0,0,700
9332,ＮＩＳＳＯホールディングス,プライム（内国株式）,サービス業,25,1,0,0,0,0,0,25,0,0,0,0,0,0,650
9336,大栄環境,プライム（内国株式）,サービス業,53,2,0,0,0,0,0,26.5,0,0,0,0,0,26.5,3705
9337,トリドリ,グロース（内国株式）,サービス業,,,0,0,0,0,0,0,0,0,0,0,0,0,1485
9339,コーチ・エィ,スタンダード（内国株式）,サービス業,20,1,0,0,20,0,0,0,0,0,0,0,0,0,1483
9340,アソインターナショナル,スタンダード（内国株式）,サービス業,15.5,2,0,0,7.75,0,0,0,0,0,7.75,0,0,0,802
9341,ＧＥＮＯＶＡ,プライム（内国株式）,サービス業,30,1,0,0,0,0,0,30,0,0,0,0,0,0,604
9342,スマサポ,グロース（内国株式）,サービス業,,,0,0,0,0,0,0,0,0,0,0,0,0,866
9343,アイビス,グロース（内国株式）,サービス業,10,1,0,0,10,0,0,0,0,0,0,0,0,0,776
9344,アクシスコンサルティング,グロース（内国株式）,サービス業,35,1,0,0,0,0,0,0,0,0,35,0,0,0,1462
9345,ビズメイツ,グロース（内国株式）,サービス業,15,1,0,0,15,0,0,0,0,0,0,0,0,0,582
9346,ココルポート,グロース（内国株式）,サービス業,47,1,0,0,0,0,0,0,0,0,47,0,0,0,1830
9347,日本管財ホールディングス,プライム（内国株式）,サービス業,57,2,0,0,0,0,0,28.5,0,0,0,0,0,28.5,2851
9348,ｉｓｐａｃｅ,グロース（内国株式）,サービス業,,,0,0,0,0,0,0,0,0,0,0,0,0,396
9351,東洋埠頭,スタンダード（内国株式）,倉庫・運輸関連業,80,2,0,0,0,0,0,40,0,0,0,0,0,40,1915
9353,櫻島埠頭,スタンダード（内国株式）,倉庫・運輸関連業,54,1,0,0,0,0,0,54,0,0,0,0,0,0,2985
9355,リンコーコーポレーション,スタンダード（内国株式）,倉庫・運輸関連業,60,1,0,0,0,0,0,60,0,0,0,0,0,0,2211
9360,鈴与シンワート,スタンダード（内国株式）,情報・通信業,110,1,0,0,0,0,0,110,0,0,0,0,0,0,2800
9361,伏木海陸運送,スタンダード（内国株式）,倉庫・運輸関連業,60,2,0,0,30,0,0,0,0,0,30,0,0,0,1990
9362,兵機海運,スタンダード（内国株式）,倉庫・運輸関連業,110,1,0,0,0,0,0,110,0,0,0,0,0,0,3770
9363,大運,スタンダード（内国株式）,倉庫・運輸関連業,15,1,0,0,0,0,0,15,0,0,0,0,0,0,517
9364,上組,プライム（内国株式）,倉庫・運輸関連業,205,2,0,0,0,0,0,102.5,0,0,0,0,0,102.5,4662
9365,トレーディア,スタンダード（内国株式）,倉庫・運輸関連業,50,1,0,0,0,0,0,50,0,0,0,0,0,0,1613
9366,サンリツ,スタンダード（内国株式）,倉庫・運輸関連業,36,1,0,0,0,0,0,36,0,0,0,0,0,0,1211
9367,大東港運,スタンダード（内国株式）,倉庫・運輸関連業,31,2,0,0,0,0,0,15.5,0,0,0,0,0,15.5,2002
9368,キムラユニティー,スタンダード（内国株式）,倉庫・運輸関連業,17,2,0,0,0,0,0,8.5,0,0,0,0,0,8.5,924
9369,キユーソー流通システム,スタンダード（内国株式）,倉庫・運輸関連業,27.5,2,0,13.75,0,0,0,0,0,13.75,0,0,0,0,2897
9376,ユーラシア旅行社,スタンダード（内国株式）,サービス業,31,2,0,0,0,0,0,15.5,0,0,0,0,0,15.5,773
9380,東海運,スタンダード（内国株式）,倉庫・運輸関連業,8,2,0,0,0,0,0,4,0,0,0,0,0,4,454
9381,エーアイテイー,プライム（内国株式）,倉庫・運輸関連業,100,2,0,0,0,0,50,0,0,0,0,0,50,0,2203
9385,ショーエイコーポレーション,スタンダード（内国株式）,化学,35,1,0,0,0,0,0,35,0,0,0,0,0,0,738
9401,ＴＢＳホールディングス,プライム（内国株式）,情報・通信業,84,2,0,0,0,0,0,42,0,0,0,0,0,42,5869
9404,日本テレビホールディングス,プライム（内国株式）,情報・通信業,45,2,0,0,0,0,0,22.5,0,0,0,0,0,22.5,2805
9405,朝日放送グループホールディングス,プライム（内国株式）,情報・通信業,33,2,0,0,0,0,0,16.5,0,0,0,0,0,16.5,786
9408,ＢＳＮメディアホールディングス,スタンダード（内国株式）,情報・通信業,16,2,0,0,0,0,0,8,0,0,0,0,0,8,2623
9409,テレビ朝日ホールディングス,プライム（内国株式）,情報・通信業,70,2,0,0,0,0,0,35,0,0,0,0,0,35,2952
9412,スカパーＪＳＡＴ,プライム（内国株式）,情報・通信業,42,2,0,0,0,0,0,21,0,0,0,0,0,21,1945
9413,テレビ東京ホールディングス,プライム（内国株式）,情報・通信業,100,2,0,0,0,0,0,50,0,0,0,0,0,50,3260
9414,日本ＢＳ放送,スタンダード（内国株式）,情報・通信業,30,1,0,0,0,0,0,0,0,0,0,0,30,0,947
9416,ビジョン,プライム（内国株式）,情報・通信業,50,2,0,0,25,0,0,0,0,0,25,0,0,0,1016
9417,スマートバリュー,スタンダード（内国株式）,情報・通信業,8,1,0,0,0,0,0,0,0,0,8,0,0,0,342
9418,Ｕ－ＮＥＸＴ　ＨＯＬＤＩＮＧＳ,プライム（内国株式）,情報・通信業,10.83,2,0,0,0,0,5.415,0,0,0,0,0,5.415,0,1775
9419,ワイヤレスゲート,スタンダード（内国株式）,情報・通信業,,,0,0,0,0,0,0,0,0,0,0,0,0,296
9421,エヌジェイホールディングス,スタンダード（内国株式）,情報・通信業,5,1,0,0,0,0,0,0,0,0,5,0,0,0,516
9423,フォーバル・リアルストレート,スタンダード（内国株式）,情報・通信業,2.8,1,0,0,0,0,0,2.8,0,0,0,0,0,0,104
9424,日本通信,プライム（内国株式）,情報・通信業,,,0,0,0,0,0,0,0,0,0,0,0,0,119
9425,ＲｅＹｕｕ　Ｊａｐａｎ,スタンダード（内国株式）,情報・通信業,,,0,0,0,0,0,0,0,0,0,0,0,0,262
9428,クロップス,スタンダード（内国株式）,情報・通信業,29,1,0,0,0,0,0,29,0,0,0,0,0,0,1384
9432,ＮＴＴ,プライム（内国株式）,情報・通信業,5.3,2,0,0,0,0,0,2.65,0,0,0,0,0,2.65,172.100006
9433,ＫＤＤＩ,プライム（内国株式）,情報・通信業,80,2,0,0,0,0,0,40,0,0,0,0,0,40,2877
9434,ソフトバンク,プライム（内国株式）,情報・通信業,8.6,2,0,0,0,0,0,4.3,0,0,0,0,0,4.3,240.699997
94345,ソフトバンク第１回社債型種類株式,プライム（内国株式）,情報・通信業,,,0,0,0,0,0,0,0,0,0,0,0,0,3795
94346,ソフトバンク第２回社債型種類株式,プライム（内国株式）,情報・通信業,,,0,0,0,0,0,0,0,0,0,0,0,0,7490
9435,光通信,プライム（内国株式）,情報・通信業,751,1,0,0,0,0,0,751,0,0,0,0,0,0,36490
9436,沖縄セルラー電話,スタンダード（内国株式）,情報・通信業,67,2,0,0,0,0,0,33.5,0,0,0,0,0,33.5,4095
9438,エムティーアイ,プライム（内国株式）,情報・通信業,19,2,0,0,0,0,0,9.5,0,0,0,0,0,9.5,605
9439,エム・エイチ・グループ,スタンダード（内国株式）,サービス業,0.5,1,0,0,0,0,0,0,0,0,0.5,0,0,0,218
9441,ベルパーク,スタンダード（内国株式）,情報・通信業,102,2,0,0,51,0,0,0,0,0,51,0,0,0,2999
9444,トーシンホールディングス,スタンダード（内国株式）,情報・通信業,10,2,5,0,0,0,0,0,5,0,0,0,0,0,259
9445,フォーバルテレコム,スタンダード（内国株式）,情報・通信業,23,2,0,0,0,0,0,11.5,0,0,0,0,0,11.5,532
9446,サカイホールディングス,スタンダード（内国株式）,情報・通信業,26,2,0,0,0,0,0,13,0,0,0,0,0,13,673
9449,ＧＭＯインターネットグループ,プライム（内国株式）,情報・通信業,52,1,0,0,52,0,0,0,0,0,0,0,0,0,3922
9450,ファイバーゲート,スタンダード（内国株式）,情報・通信業,27,2,0,0,13.5,0,0,0,0,0,13.5,0,0,0,755
9466,アイドママーケティングコミュニケーション,スタンダード（内国株式）,情報・通信業,10,2,0,0,0,0,0,5,0,0,0,0,0,5,235
9467,アルファポリス,グロース（内国株式）,情報・通信業,24,1,0,0,0,0,0,24,0,0,0,0,0,0,1037
9468,ＫＡＤＯＫＡＷＡ,プライム（内国株式）,情報・通信業,30,1,0,0,0,0,0,30,0,0,0,0,0,0,3613
9470,学研ホールディングス,プライム（内国株式）,情報・通信業,26,2,0,0,0,0,0,13,0,0,0,0,0,13,998
9474,ゼンリン,プライム（内国株式）,情報・通信業,42,2,0,0,0,0,0,21,0,0,0,0,0,21,888
9475,昭文社ホールディングス,スタンダード（内国株式）,情報・通信業,5,1,0,0,0,0,0,5,0,0,0,0,0,0,527
9476,中央経済社ホールディングス,スタンダード（内国株式）,情報・通信業,13,1,0,0,0,0,0,0,0,0,0,0,0,13,986
9478,ＳＥホールディングス・アンド・インキュベーションズ,スタンダード（内国株式）,情報・通信業,4,1,0,0,0,0,0,4,0,0,0,0,0,0,499
9501,東京電力ホールディングス,プライム（内国株式）,電気・ガス業,,,0,0,0,0,0,0,0,0,0,0,0,0,516.900024
9502,中部電力,プライム（内国株式）,電気・ガス業,70,2,0,0,0,0,0,35,0,0,0,0,0,35,2676
9503,関西電力,プライム（内国株式）,電気・ガス業,75,2,0,0,0,0,0,37.5,0,0,0,0,0,37.5,2655.5
9504,中国電力,プライム（内国株式）,電気・ガス業,27,2,0,0,0,0,0,13.5,0,0,0,0,0,13.5,996
9505,北陸電力,プライム（内国株式）,電気・ガス業,25,2,0,0,0,0,0,12.5,0,0,0,0,0,12.5,1064.5
9506,東北電力,プライム（内国株式）,電気・ガス業,40,2,0,0,0,0,0,20,0,0,0,0,0,20,1262
9507,四国電力,プライム（内国株式）,電気・ガス業,50,2,0,0,0,0,0,25,0,0,0,0,0,25,2126
9509,北海道電力,プライム（内国株式）,電気・ガス業,32,2,0,0,0,0,0,16,0,0,0,0,0,16,1086.5
9511,沖縄電力,プライム（内国株式）,電気・ガス業,30,2,0,0,0,0,0,15,0,0,0,0,0,15,1142
9513,電源開発,プライム（内国株式）,電気・ガス業,100,2,0,0,0,0,0,50,0,0,0,0,0,50,3967
9514,エフオン,スタンダード（内国株式）,電気・ガス業,8,1,0,0,0,0,0,0,0,0,8,0,0,0,337
9517,イーレックス,プライム（内国株式）,電気・ガス業,22,1,0,0,0,0,0,22,0,0,0,0,0,0,798
9519,レノバ,プライム（内国株式）,電気・ガス業,,,0,0,0,0,0,0,0,0,0,0,0,0,828
9531,東京瓦斯,プライム（内国株式）,電気・ガス業,110,2,0,0,0,0,0,55,0,0,0,0,0,55,6040
9532,大阪瓦斯,プライム（内国株式）,電気・ガス業,120,2,0,0,0,0,0,60,0,0,0,0,0,60,5663
9533,東邦瓦斯,プライム（内国株式）,電気・ガス業,90,2,0,0,0,0,0,45,0,0,0,0,0,45,1236.5
9534,北海道瓦斯,プライム（内国株式）,電気・ガス業,24.5,2,0,0,0,0,0,12.25,0,0,0,0,0,12.25,849
9535,広島ガス,プライム（内国株式）,電気・ガス業,12,2,0,0,0,0,0,6,0,0,0,0,0,6,413
9536,西部ガスホールディングス,プライム（内国株式）,電気・ガス業,70,2,0,0,0,0,0,35,0,0,0,0,0,35,2408
9537,北陸瓦斯,スタンダード（内国株式）,電気・ガス業,80,1,0,0,0,0,0,80,0,0,0,0,0,0,4200
9539,京葉瓦斯,スタンダード（内国株式）,電気・ガス業,26,2,0,0,13,0,0,0,0,0,13,0,0,0,1302
9543,静岡ガス,プライム（内国株式）,電気・ガス業,43,2,0,0,21.5,0,0,0,0,0,21.5,0,0,0,1288
9551,メタウォーター,プライム（内国株式）,電気・ガス業,70,2,0,0,0,0,0,35,0,0,0,0,0,35,3190
9552,クオンツ総研ホールディングス,プライム（内国株式）,サービス業,5,1,0,0,0,0,0,0,0,0,0,0,0,5,1078
9553,マイクロアド,グロース（内国株式）,サービス業,,,0,0,0,0,0,0,0,0,0,0,0,0,613
9554,ＡＶｉＣ,グロース（内国株式）,サービス業,,,0,0,0,0,0,0,0,0,0,0,0,0,1773
9556,ＩＮＴＬＯＯＰ,グロース（内国株式）,サービス業,,,0,0,0,0,0,0,0,0,0,0,0,0,2400
9557,エアークローゼット,グロース（内国株式）,サービス業,,,0,0,0,0,0,0,0,0,0,0,0,0,259
9558,ジャパニアス,グロース（内国株式）,サービス業,99,2,0,49.5,0,0,0,0,0,49.5,0,0,0,0,2000
9560,プログリット,グロース（内国株式）,サービス業,19,1,0,0,0,0,0,0,0,0,0,0,19,0,896
9561,グラッドキューブ,グロース（内国株式）,サービス業,,,0,0,0,0,0,0,0,0,0,0,0,0,423
9562,ビジネスコーチ,グロース（内国株式）,サービス業,50,1,0,0,0,0,0,0,0,0,0,0,0,50,605
9563,Ａｔｌａｓ　Ｔｅｃｈｎｏｌｏｇｉｅｓ,グロース（内国株式）,サービス業,,,0,0,0,0,0,0,0,0,0,0,0,0,354
9564,ＦＣＥ,スタンダード（内国株式）,サービス業,7.5,1,0,0,0,0,0,0,0,0,0,0,0,7.5,564
9565,ＧＬＯＥ,グロース（内国株式）,サービス業,,,0,0,0,0,0,0,0,0,0,0,0,0,645
9601,松竹,プライム（内国株式）,情報・通信業,40,1,0,0,0,0,40,0,0,0,0,0,0,0,10520
9602,東宝,プライム（内国株式）,情報・通信業,110,2,0,0,0,0,55,0,0,0,0,0,55,0,1520.5
9603,エイチ・アイ・エス,プライム（内国株式）,サービス業,20,2,10,0,0,0,0,0,10,0,0,0,0,0,1049
9605,東映,プライム（内国株式）,情報・通信業,36,2,0,0,0,0,0,18,0,0,0,0,0,18,5800
9610,ウィルソン・ラーニング　ワールドワイド,スタンダード（内国株式）,サービス業,,,0,0,0,0,0,0,0,0,0,0,0,0,108
9612,ラックランド,プライム（内国株式）,サービス業,20,1,0,0,20,0,0,0,0,0,0,0,0,0,1251
9616,共立メンテナンス,プライム（内国株式）,サービス業,46,2,0,0,0,0,0,23,0,0,0,0,0,23,3226
9619,イチネンホールディングス,プライム（内国株式）,サービス業,80,2,0,0,0,0,0,40,0,0,0,0,0,40,2666
9621,建設技術研究所,プライム（内国株式）,サービス業,75,1,0,0,75,0,0,0,0,0,0,0,0,0,3325
9622,スペース,プライム（内国株式）,サービス業,78,2,0,0,39,0,0,0,0,0,39,0,0,0,1398
9625,セレスポ,スタンダード（内国株式）,サービス業,40,1,0,0,0,0,0,40,0,0,0,0,0,0,901
9627,アインホールディングス,プライム（内国株式）,小売業,80,1,0,0,0,0,0,0,80,0,0,0,0,0,5432
9628,燦ホールディングス,プライム（内国株式）,サービス業,37,2,0,0,0,0,0,18.5,0,0,0,0,0,18.5,1297
9629,ピー・シー・エー,プライム（内国株式）,情報・通信業,95,1,0,0,0,0,0,95,0,0,0,0,0,0,1538
9632,スバル興業,スタンダード（内国株式）,サービス業,80,2,0,0,0,40,0,0,0,0,0,40,0,0,4860
9633,東京テアトル,スタンダード（内国株式）,不動産業,20,1,0,0,0,0,0,20,0,0,0,0,0,0,1689
9635,武蔵野興業,スタンダード（内国株式）,サービス業,,,0,0,0,0,0,0,0,0,0,0,0,0,2530
9636,きんえい,スタンダード（内国株式）,サービス業,10,1,0,0,0,10,0,0,0,0,0,0,0,0,4240
9639,三協フロンテア,スタンダード（内国株式）,サービス業,85,2,0,0,0,0,0,42.5,0,0,0,0,0,42.5,2347
9640,セゾンテクノロジー,スタンダード（内国株式）,情報・通信業,90,2,0,0,0,0,0,45,0,0,0,0,0,45,1918
9644,タナベコンサルティンググループ,プライム（内国株式）,サービス業,27,2,0,0,0,0,0,13.5,0,0,0,0,0,13.5,677
9647,協和コンサルタンツ,スタンダード（内国株式）,サービス業,30,1,0,30,0,0,0,0,0,0,0,0,0,0,6750
9651,日本プロセス,スタンダード（内国株式）,情報・通信業,62,2,0,31,0,0,0,0,0,31,0,0,0,0,1939
9656,グリーンランドリゾート,スタンダード（内国株式）,サービス業,15,2,0,0,7.5,0,0,0,0,0,7.5,0,0,0,600
9658,ビジネスブレイン太田昭和,プライム（内国株式）,情報・通信業,135,2,0,0,0,0,0,67.5,0,0,0,0,0,67.5,1139
9661,歌舞伎座,スタンダード（内国株式）,サービス業,5,1,0,0,0,0,5,0,0,0,0,0,0,0,4085
9663,ナガワ,プライム（内国株式）,サービス業,100,1,0,0,0,0,0,100,0,0,0,0,0,0,4780
9672,東京都競馬,プライム（内国株式）,サービス業,118,2,0,0,59,0,0,0,0,0,59,0,0,0,4710
9678,カナモト,プライム（内国株式）,サービス業,95,2,47.5,0,0,0,0,0,47.5,0,0,0,0,0,5400
9679,ホウライ,スタンダード（内国株式）,サービス業,24,1,0,0,0,0,0,0,0,0,0,0,0,24,2059
9682,ＤＴＳ,プライム（内国株式）,情報・通信業,37,2,0,0,0,0,0,18.5,0,0,0,0,0,18.5,1089
9684,スクウェア・エニックス・ホールディングス,プライム（内国株式）,情報・通信業,43,2,0,0,0,0,0,21.5,0,0,0,0,0,21.5,2790.5
9685,ＫＹＣＯＭホールディングス,スタンダード（内国株式）,情報・通信業,10,1,0,0,0,0,0,10,0,0,0,0,0,0,577
9686,東洋テック,スタンダード（内国株式）,サービス業,71,2,0,0,0,0,0,35.5,0,0,0,0,0,35.5,1624
9687,ＫＳＫ,スタンダード（内国株式）,情報・通信業,60.333333,1,0,0,0,0,0,60.333333,0,0,0,0,0,0,1529
9691,両毛システムズ,スタンダード（内国株式）,情報・通信業,44,2,0,0,0,0,0,22,0,0,0,0,0,22,5160
9692,シーイーシー,プライム（内国株式）,情報・通信業,70,2,0,0,0,35,0,0,0,0,0,35,0,0,2216
9697,カプコン,プライム（内国株式）,情報・通信業,45,2,0,0,0,0,0,22.5,0,0,0,0,0,22.5,4421
9698,クレオ,スタンダード（内国株式）,情報・通信業,55,1,0,0,0,0,0,55,0,0,0,0,0,0,1279
9699,ニシオホールディングス,プライム（内国株式）,サービス業,131,1,0,0,0,0,0,0,0,0,0,0,0,131,4155
9701,東京會舘,スタンダード（内国株式）,サービス業,45,1,0,0,0,0,0,45,0,0,0,0,0,0,4665
9702,アイ・エス・ビー,プライム（内国株式）,情報・通信業,55,1,0,0,55,0,0,0,0,0,0,0,0,0,2405
9704,アゴーラ　ホスピタリティー　グループ,スタンダード（内国株式）,サービス業,,,0,0,0,0,0,0,0,0,0,0,0,0,26
9706,日本空港ビルデング,プライム（内国株式）,不動産業,95,2,0,0,0,0,0,47.5,0,0,0,0,0,47.5,5402
9708,帝国ホテル,スタンダード（内国株式）,サービス業,7,2,0,0,0,0,0,3.5,0,0,0,0,0,3.5,948
9709,ＮＣＳ＆Ａ,スタンダード（内国株式）,情報・通信業,58,2,0,0,0,0,0,29,0,0,0,0,0,29,1213
9713,ロイヤルホテル,スタンダード（内国株式）,サービス業,6,1,0,0,0,0,0,6,0,0,0,0,0,0,908
9715,トランス・コスモス,プライム（内国株式）,サービス業,140,1,0,0,0,0,0,140,0,0,0,0,0,0,3360
9716,乃村工藝社,プライム（内国株式）,サービス業,42,1,0,0,0,0,42,0,0,0,0,0,0,0,1195
9720,ホテル、ニューグランド,スタンダード（内国株式）,サービス業,25,1,0,25,0,0,0,0,0,0,0,0,0,0,6590
9722,藤田観光,プライム（内国株式）,サービス業,70,1,0,0,70,0,0,0,0,0,0,0,0,0,3090
9723,京都ホテル,スタンダード（内国株式）,サービス業,5,1,0,0,0,0,0,5,0,0,0,0,0,0,633
9726,ＫＮＴ－ＣＴホールディングス,スタンダード（内国株式）,サービス業,10,1,0,0,0,0,0,10,0,0,0,0,0,0,1991
9729,トーカイ,プライム（内国株式）,サービス業,68,2,0,0,0,0,0,34,0,0,0,0,0,34,2550
9731,白洋舎,スタンダード（内国株式）,サービス業,80,2,0,0,40,0,0,0,0,0,40,0,0,0,3335
9733,ナガセ,スタンダード（内国株式）,サービス業,150,1,0,0,0,0,0,150,0,0,0,0,0,0,2220
9735,セコム,プライム（内国株式）,サービス業,100,2,0,0,0,0,0,50,0,0,0,0,0,50,6257
9739,ＮＳＷ,プライム（内国株式）,情報・通信業,125,2,0,0,0,0,0,62.5,0,0,0,0,0,62.5,2644
9740,セントラル警備保障,プライム（内国株式）,サービス業,60,2,0,0,0,0,30,0,0,0,0,0,30,0,2585
9742,アイネス,プライム（内国株式）,情報・通信業,50,2,0,0,0,0,0,25,0,0,0,0,0,25,2205
9743,丹青社,プライム（内国株式）,サービス業,72,2,0,0,0,36,0,0,0,0,0,36,0,0,1380
9744,メイテックグループホールディングス,プライム（内国株式）,サービス業,196,2,0,0,0,0,0,98,0,0,0,0,0,98,3210
9746,ＴＫＣ,プライム（内国株式）,情報・通信業,110,2,0,0,0,0,0,55,0,0,0,0,0,55,4025
9753,アイエックス・ナレッジ,スタンダード（内国株式）,情報・通信業,50,1,0,0,0,0,0,50,0,0,0,0,0,0,1423
9755,応用地質,プライム（内国株式）,サービス業,110,2,0,0,55,0,0,0,0,0,55,0,0,0,2758
9757,船井総研ホールディングス,プライム（内国株式）,サービス業,85,2,0,0,42.5,0,0,0,0,0,42.5,0,0,0,1164
9759,ＮＳＤ,プライム（内国株式）,情報・通信業,96,1,0,0,0,0,0,96,0,0,0,0,0,0,2950.5
9760,進学会ホールディングス,スタンダード（内国株式）,サービス業,,,0,0,0,0,0,0,0,0,0,0,0,0,114
9761,東海リース,スタンダード（内国株式）,サービス業,120,2,0,0,0,0,0,60,0,0,0,0,0,60,2335
9763,丸建リース,スタンダード（内国株式）,卸売業,160,2,0,0,0,0,0,80,0,0,0,0,0,80,1238
9765,オオバ,プライム（内国株式）,サービス業,42,2,0,21,0,0,0,0,0,21,0,0,0,0,1165
9766,コナミグループ,プライム（内国株式）,情報・通信業,221.5,2,0,0,0,0,0,110.75,0,0,0,0,0,110.75,22170
9767,日建工学,スタンダード（内国株式）,サービス業,30,1,0,0,0,0,0,30,0,0,0,0,0,0,1701
9768,いであ,スタンダード（内国株式）,サービス業,118,1,0,0,118,0,0,0,0,0,0,0,0,0,3685
9769,学究社,プライム（内国株式）,サービス業,103,2,0,0,0,0,0,51.5,0,0,0,0,0,51.5,2515
9778,昴,スタンダード（内国株式）,サービス業,120,1,0,0,0,0,120,0,0,0,0,0,0,0,5690
9780,ハリマビステム,スタンダード（内国株式）,サービス業,32,2,0,0,0,0,0,16,0,0,0,0,0,16,1121
9782,ディーエムエス,スタンダード（内国株式）,サービス業,234,2,0,0,0,0,0,117,0,0,0,0,0,117,3220
9788,ナック,プライム（内国株式）,サービス業,22,2,0,0,0,0,0,11,0,0,0,0,0,11,500
9790,福井コンピュータホールディングス,プライム（内国株式）,情報・通信業,73,1,0,0,0,0,0,73,0,0,0,0,0,0,3050
9791,ビケンテクノ,スタンダード（内国株式）,サービス業,36,2,0,0,0,0,0,18,0,0,0,0,0,18,1152
9793,ダイセキ,プライム（内国株式）,サービス業,76,2,0,0,0,0,38,0,0,0,0,0,38,0,3550
9795,ステップ,プライム（内国株式）,サービス業,85,2,0,0,0,0,0,42.5,0,0,0,0,0,42.5,2180
9799,旭情報サービス,スタンダード（内国株式）,情報・通信業,34,2,0,0,0,0,0,17,0,0,0,0,0,17,949
9812,テーオーホールディングス,スタンダード（内国株式）,小売業,0.5,1,0,0,0,0,0,0,0,0.5,0,0,0,0,238
9816,ストライダーズ,スタンダード（内国株式）,不動産業,5,1,0,0,0,0,0,5,0,0,0,0,0,0,250
9818,大丸エナウィン,スタンダード（内国株式）,卸売業,29,2,0,0,0,0,0,14.5,0,0,0,0,0,14.5,1525
9820,エムティジェネックス,スタンダード（内国株式）,不動産業,40,1,0,0,0,0,0,40,0,0,0,0,0,0,3820
9823,マミーマートホールディングス,スタンダード（内国株式）,小売業,105,2,0,0,0,0,0,52.5,0,0,0,0,0,52.5,980
9824,泉州電業,プライム（内国株式）,卸売業,150,2,75,0,0,0,0,0,75,0,0,0,0,0,8420
9827,リリカラ,スタンダード（内国株式）,卸売業,36,1,0,0,36,0,0,0,0,0,0,0,0,0,660
9828,Ｇｅｎｋｉ　Ｇｌｏｂａｌ　Ｄｉｎｉｎｇ　Ｃｏｎｃｅｐｔｓ,スタンダード（内国株式）,小売業,70,2,0,0,0,0,0,35,0,0,0,0,0,35,3370
9830,トラスコ中山,プライム（内国株式）,卸売業,60,2,0,0,30,0,0,0,0,0,30,0,0,0,2395
9831,ヤマダホールディングス,プライム（内国株式）,小売業,17,1,0,0,0,0,0,17,0,0,0,0,0,0,696
9832,オートバックスセブン,プライム（内国株式）,卸売業,60,2,0,0,0,0,0,30,0,0,0,0,0,30,1508
9835,ジュンテンドー,スタンダード（内国株式）,小売業,10,1,0,0,0,0,10,0,0,0,0,0,0,0,513
9837,モリト,プライム（内国株式）,卸売業,70,2,0,35,0,0,0,0,0,35,0,0,0,0,1811
9842,アークランズ,プライム（内国株式）,小売業,40,2,0,0,0,0,20,0,0,0,0,0,20,0,1849
9843,ニトリホールディングス,プライム（内国株式）,小売業,30.8,2,0,0,0,0,0,15.4,0,0,0,0,0,15.4,3125
9845,パーカーコーポレーション,スタンダード（内国株式）,化学,53,2,0,0,0,0,0,26.5,0,0,0,0,0,26.5,1347
9846,天満屋ストア,スタンダード（内国株式）,小売業,15.5,2,0,0,0,0,7.75,0,0,0,0,0,7.75,0,981
9849,共同紙販ホールディングス,スタンダード（内国株式）,卸売業,50,1,0,0,0,0,0,50,0,0,0,0,0,0,4460
9850,グルメ杵屋,プライム（内国株式）,小売業,7,1,0,0,0,0,0,7,0,0,0,0,0,0,915
9853,銀座ルノアール,スタンダード（内国株式）,小売業,5,1,0,0,0,0,0,5,0,0,0,0,0,0,905
9854,愛眼,スタンダード（内国株式）,小売業,4,1,0,0,0,0,0,4,0,0,0,0,0,0,268
9856,ケーユーホールディングス,スタンダード（内国株式）,小売業,58,2,0,0,0,0,0,29,0,0,0,0,0,29,1164
9857,英和,スタンダード（内国株式）,卸売業,96,2,0,0,0,0,0,48,0,0,0,0,0,48,2580
9861,吉野家ホールディングス,プライム（内国株式）,小売業,22,2,0,0,0,0,11,0,0,0,0,0,11,0,3728
9867,ソレキア,スタンダード（内国株式）,卸売業,70,1,0,0,0,0,0,70,0,0,0,0,0,0,10500
9869,加藤産業,プライム（内国株式）,卸売業,140,2,0,0,0,0,0,70,0,0,0,0,0,70,6680
9872,北恵,スタンダード（内国株式）,卸売業,28,1,0,28,0,0,0,0,0,0,0,0,0,0,961
9876,コックス,スタンダード（内国株式）,小売業,,,0,0,0,0,0,0,0,0,0,0,0,0,225
9878,セキド,スタンダード（内国株式）,小売業,10,1,0,0,0,0,0,10,0,0,0,0,0,0,379
9880,イノテック,プライム（内国株式）,電気機器,125,2,0,0,0,0,0,62.5,0,0,0,0,0,62.5,3885
9882,イエローハット,プライム（内国株式）,卸売業,62,2,0,0,0,0,0,31,0,0,0,0,0,31,1608
9885,シャルレ,スタンダード（内国株式）,卸売業,8,1,0,0,0,0,0,8,0,0,0,0,0,0,334
9887,松屋フーズホールディングス,プライム（内国株式）,小売業,24,2,0,0,0,0,0,12,0,0,0,0,0,12,5150
9888,ＵＥＸ,スタンダード（内国株式）,卸売業,22,2,0,0,0,0,0,11,0,0,0,0,0,11,1187
9889,ＪＢＣＣホールディングス,プライム（内国株式）,情報・通信業,29.25,2,0,0,0,0,0,14.625,0,0,0,0,0,14.625,1742
9890,マキヤ,スタンダード（内国株式）,小売業,30,2,0,0,0,0,0,15,0,0,0,0,0,15,1410
9895,コンセック,スタンダード（内国株式）,卸売業,27,1,0,0,0,0,0,27,0,0,0,0,0,0,1256
9896,ＪＫホールディングス,スタンダード（内国株式）,卸売業,55,2,0,0,0,0,0,27.5,0,0,0,0,0,27.5,1335
9900,サガミホールディングス,プライム（内国株式）,小売業,6,1,0,0,0,0,0,6,0,0,0,0,0,0,1033
9902,日伝,プライム（内国株式）,卸売業,70,2,0,0,0,0,0,35,0,0,0,0,0,35,3245
9903,カンセキ,スタンダード（内国株式）,小売業,20,1,0,0,0,0,20,0,0,0,0,0,0,0,902
9904,ベリテ,スタンダード（内国株式）,小売業,20.98,1,0,0,0,0,0,20.98,0,0,0,0,0,0,230
9906,藤井産業,スタンダード（内国株式）,卸売業,160,2,0,0,0,0,0,80,0,0,0,0,0,80,4055
9908,日本電計,スタンダード（内国株式）,卸売業,97,2,0,0,0,0,0,48.5,0,0,0,0,0,48.5,2889
9913,日邦産業,スタンダード（内国株式）,卸売業,154,1,0,0,0,0,0,154,0,0,0,0,0,0,3730
9928,ミロク情報サービス,プライム（内国株式）,情報・通信業,60,1,0,0,0,0,0,60,0,0,0,0,0,0,2125
9929,平和紙業,スタンダード（内国株式）,卸売業,12,2,0,0,0,0,0,6,0,0,0,0,0,6,470
9930,北沢産業,スタンダード（内国株式）,卸売業,10,1,0,0,0,0,0,10,0,0,0,0,0,0,388
9932,杉本商事,プライム（内国株式）,卸売業,54,2,0,0,0,0,0,27,0,0,0,0,0,27,1309
9934,因幡電機産業,プライム（内国株式）,卸売業,60,2,0,0,0,0,0,30,0,0,0,0,0,30,3123
9936,王将フードサービス,プライム（内国株式）,小売業,56,2,0,0,0,0,0,28,0,0,0,0,0,28,2864
9941,太洋物産,スタンダード（内国株式）,卸売業,,,0,0,0,0,0,0,0,0,0,0,0,0,1078
9946,ミニストップ,プライム（内国株式）,小売業,20,2,0,0,0,0,10,0,0,0,0,0,10,0,1787
9948,アークス,プライム（内国株式）,小売業,82,2,0,0,0,0,41,0,0,0,0,0,41,0,3515
9950,ハチバン,スタンダード（内国株式）,小売業,20,2,0,0,0,0,0,10,0,0,0,0,0,10,3330
9955,ヨンキュウ,スタンダード（内国株式）,卸売業,25,1,0,0,0,0,0,25,0,0,0,0,0,0,2705
9956,バローホールディングス,プライム（内国株式）,小売業,37,2,0,0,0,0,0,18.5,0,0,0,0,0,18.5,1585
9959,アシードホールディングス,スタンダード（内国株式）,小売業,22,2,0,0,0,0,0,11,0,0,0,0,0,11,912
9960,東テク,プライム（内国株式）,卸売業,128,2,0,0,0,0,0,64,0,0,0,0,0,64,4330
9962,ミスミグループ本社,プライム（内国株式）,卸売業,52.98,2,0,0,0,0,0,26.49,0,0,0,0,0,26.49,4137
9969,ショクブン,スタンダード（内国株式）,小売業,2.5,1,0,0,0,0,0,2.5,0,0,0,0,0,0,236
9972,アルテック,スタンダード（内国株式）,卸売業,7,1,0,7,0,0,0,0,0,0,0,0,0,0,285
9973,ＫＯＺＯホールディングス,スタンダード（内国株式）,小売業,,,0,0,0,0,0,0,0,0,0,0,0,0,19
9974,ベルク,プライム（内国株式）,小売業,124,2,0,0,0,0,62,0,0,0,0,0,62,0,6470
9976,セキチュー,スタンダード（内国株式）,小売業,30,1,0,0,0,0,30,0,0,0,0,0,0,0,1052
9978,文教堂グループホールディングス,スタンダード（内国株式）,小売業,,,0,0,0,0,0,0,0,0,0,0,0,0,44
9979,大庄,スタンダード（内国株式）,小売業,14,2,0,0,0,0,7,0,0,0,0,0,7,0,1007
9980,ＭＲＫホールディングス,スタンダード（内国株式）,小売業,1,1,0,0,0,0,0,1,0,0,0,0,0,0,90
9982,タキヒヨー,スタンダード（内国株式）,卸売業,45,2,0,0,0,0,22.5,0,0,0,0,0,22.5,0,2790
9983,ファーストリテイリング,プライム（内国株式）,小売業,500,2,0,0,0,0,250,0,0,0,0,0,250,0,74780
9984,ソフトバンクグループ,プライム（内国株式）,情報・通信業,11,2,0,0,0,0,0,5.5,0,0,0,0,0,5.5,6310
9986,蔵王産業,スタンダード（内国株式）,卸売業,105,2,0,0,0,0,0,52.5,0,0,0,0,0,52.5,2490
9987,スズケン,プライム（内国株式）,卸売業,50,2,0,0,0,0,0,25,0,0,0,0,0,25,2600
9989,サンドラッグ,プライム（内国株式）,小売業,131,2,0,0,0,0,0,65.5,0,0,0,0,0,65.5,3537
9990,サックスバー　ホールディングス,プライム（内国株式）,小売業,35,1,0,0,0,0,0,35,0,0,0,0,0,0,749
9991,ジェコス,プライム（内国株式）,卸売業,69,2,0,0,0,0,0,34.5,0,0,0,0,0,34.5,1747
9993,ヤマザワ,スタンダード（内国株式）,小売業,27,2,0,0,0,0,13.5,0,0,0,0,0,13.5,0,1142
9994,やまや,スタンダード（内国株式）,小売業,75,2,0,0,0,0,0,37.5,0,0,0,0,0,37.5,1990
9996,サトー商会,スタンダード（内国株式）,卸売業,46,2,0,0,0,0,0,23,0,0,0,0,0,23,2019
9997,ベルーナ,プライム（内国株式）,小売業,38,2,0,0,0,0,0,19,0,0,0,0,0,19,1020
3670,協立情報通信,スタンダード（内国株式）,情報・通信業,65,1,0,0,0,0,0,65,0,0,0,0,0,0,1654
